"activity_id","provision_interval","population","geo"
"childcare-workers-state23","1768389.94628571","5957.31262","state23"
"childcare-workers-state33","1423698.19182857","6106.29036","state33"
"childcare-workers-state50","663495.149142857","1984.37676","state50"
"childcare-workers-state25","8194100.08251429","30262.1319","state25"
"childcare-workers-state44","851474.88","3086.99372","state44"
"childcare-workers-state09","4339011.624","17068.43092","state09"
"childcare-workers-state36","20113677.8946857","69915.5352","state36"
"childcare-workers-state34","7105331.81125714","28168.31678","state34"
"childcare-workers-state42","9543399.70354286","33588.72076","state42"
"childcare-workers-state39","9920965.62","41110.19976","state39"
"childcare-workers-state18","5643322.93508571","21632.60562","state18"
"childcare-workers-state17","10237962.3106286","34172.05788","state17"
"childcare-workers-state26","6746897.8692","28036.82096","state26"
"childcare-workers-state55","5092395.52714286","19719.44784","state55"
"childcare-workers-state27","8129767.63971429","29851.07294","state27"
"childcare-workers-state19","4931401.74582857","16161.67464","state19"
"childcare-workers-state29","4213215.97782857","16961.41386","state29"
"childcare-workers-state38","1174365.15257143","3703.42584","state38"
"childcare-workers-state46","1699922.12588571","5829.62538","state46"
"childcare-workers-state31","1938464.66194286","6100.97012","state31"
"childcare-workers-state20","3985305.8688","14574.48698","state20"
"childcare-workers-state10","768667.258285714","2169.41492","state10"
"childcare-workers-state24","5513791.28657143","19608.88942","state24"
"childcare-workers-state11","396613.389428571","1193.6494","state11"
"childcare-workers-state51","9110320.0536","33178.79514","state51"
"childcare-workers-state54","1311027.53091429","4825.61946","state54"
"childcare-workers-state37","6138250.83822857","24467.35718","state37"
"childcare-workers-state45","3296098.68411429","12923.68214","state45"
"childcare-workers-state13","6298955.36314286","25096.05854","state13"
"childcare-workers-state12","13212805.9105714","49859.89282","state12"
"childcare-workers-state21","2802892.1652","11732.09332","state21"
"childcare-workers-state47","3254676.41622857","14504.9445","state47"
"childcare-workers-state01","3118158.94628571","11741.88644","state01"
"childcare-workers-state28","1080110.25257143","3626.12182","state28"
"childcare-workers-state05","1980627.34885714","6894.09344","state05"
"childcare-workers-state22","2149864.05411429","10475.32118","state22"
"childcare-workers-state40","2857656.64285714","9648.6853","state40"
"childcare-workers-state48","20329097.7766286","75072.55388","state48"
"childcare-workers-state30","633097.124057143","2663.81794","state30"
"childcare-workers-state16","1496154.0684","5047.59232","state16"
"childcare-workers-state56","702874.674","2272.10926","state56"
"childcare-workers-state08","5899643.8788","19157.44938","state08"
"childcare-workers-state35","1339682.29114286","4999.96462","state35"
"childcare-workers-state04","3556474.47428571","12900.6411","state04"
"childcare-workers-state49","2529603.06","11068.90714","state49"
"childcare-workers-state32","2155703.03588571","7812.92348","state32"
"childcare-workers-state53","7341683.70154286","28063.53384","state53"
"childcare-workers-state41","3252422.27571429","12779.28184","state41"
"childcare-workers-state06","34840294.7994857","123837.38384","state06"
"childcare-workers-state02","640018.203428571","1896.58792","state02"
"childcare-workers-state15","516419.576914286","2402.33418","state15"
"cooks-chefs-state23","2076177.77708571","8102.1621","state23"
"cooks-chefs-state33","2969686.79211429","9377.05822","state33"
"cooks-chefs-state50","1810477.32942857","6187.22714","state50"
"cooks-chefs-state25","11818631.2011429","42362.96338","state25"
"cooks-chefs-state44","1600810.97485714","5814.61528","state44"
"cooks-chefs-state09","8103375.55902857","23959.57116","state09"
"cooks-chefs-state36","47464992.3713143","157717.19434","state36"
"cooks-chefs-state34","14721520.6909714","51586.62006","state34"
"cooks-chefs-state42","23376421.7014286","80570.87628","state42"
"cooks-chefs-state39","19451526.2225143","71204.33234","state39"
"cooks-chefs-state18","17235215.3286857","60163.122","state18"
"cooks-chefs-state17","29705715.3320571","99512.30236","state17"
"cooks-chefs-state26","22354194.9363429","82610.96662","state26"
"cooks-chefs-state55","9820582.9452","40056.44036","state55"
"cooks-chefs-state27","11277297.792","41030.31974","state27"
"cooks-chefs-state19","6254842.14548571","25414.86632","state19"
"cooks-chefs-state29","12890325.8326286","45661.19468","state29"
"cooks-chefs-state38","1652993.60434286","5693.33612","state38"
"cooks-chefs-state46","2087052.17057143","7725.77508","state46"
"cooks-chefs-state31","4279765.33628571","13946.63156","state31"
"cooks-chefs-state20","6994866.79937143","24075.81504","state20"
"cooks-chefs-state10","2163998.10977143","8722.86226","state10"
"cooks-chefs-state24","14618262.9005143","47512.14818","state24"
"cooks-chefs-state11","1080449.65182857","3775.13624","state11"
"cooks-chefs-state51","18667199.886","64328.99878","state51"
"cooks-chefs-state54","4630848.11228571","16873.92364","state54"
"cooks-chefs-state37","26744512.4050286","96862.51772","state37"
"cooks-chefs-state45","11916826.0452","37943.06036","state45"
"cooks-chefs-state13","25608103.9369714","92409.83756","state13"
"cooks-chefs-state12","61615201.5305143","187463.68114","state12"
"cooks-chefs-state21","11336871.3013714","37615.09008","state21"
"cooks-chefs-state47","18344892.9162857","61587.05704","state47"
"cooks-chefs-state01","12883994.9391429","42141.55314","state01"
"cooks-chefs-state28","8369023.76108571","27081.0375","state28"
"cooks-chefs-state05","7601287.19091429","26584.2361","state05"
"cooks-chefs-state22","9788139.55611429","35536.77246","state22"
"cooks-chefs-state40","9888831.09531428","31833.8313","state40"
"cooks-chefs-state48","77749344.7649143","247314.50532","state48"
"cooks-chefs-state30","2731677.90565714","10739.45496","state30"
"cooks-chefs-state16","3467283.5772","13283.46442","state16"
"cooks-chefs-state56","1289036.42725714","4246.00524","state56"
"cooks-chefs-state08","11592188.3117143","40672.7522","state08"
"cooks-chefs-state35","4137141.01045714","14308.31218","state35"
"cooks-chefs-state04","20142364.0568571","63359.32948","state04"
"cooks-chefs-state49","4782087.56348571","16941.1765","state49"
"cooks-chefs-state32","11371540.0875429","36496.80196","state32"
"cooks-chefs-state53","19341116.8287429","68165.17686","state53"
"cooks-chefs-state41","11324523.6500571","40896.8471","state41"
"cooks-chefs-state06","100369322.583771","329038.37192","state06"
"cooks-chefs-state02","1839588.96771429","5412.80054","state02"
"cooks-chefs-state15","3923883.79217143","13433.75108","state15"
"counselors-state23","1845938.32285714","5809.3052","state23"
"counselors-state33","2220685.65788571","6646.74642","state33"
"counselors-state50","1549697.4228","5168.72318","state50"
"counselors-state25","9032806.28468571","33477.8004","state25"
"counselors-state44","1904149.48662857","6324.35564","state44"
"counselors-state09","6107071.47874286","21668.87486","state09"
"counselors-state36","25638448.4173714","88155.13984","state36"
"counselors-state34","11040514.7646857","35548.00052","state34"
"counselors-state42","26727892.8730286","82048.1453","state42"
"counselors-state39","16183538.3396571","54905.7492","state39"
"counselors-state18","9955809.95708571","26985.58522","state18"
"counselors-state17","19607823.0303429","60292.97706","state17"
"counselors-state26","12217121.94","37962.16358","state26"
"counselors-state55","9345562.01931429","27141.58272","state55"
"counselors-state27","14684760.9903429","48505.74002","state27"
"counselors-state19","5097664.54868571","15357.18806","state19"
"counselors-state29","5127017.89371429","18449.41534","state29"
"counselors-state38","1223876.85085714","3880.84422","state38"
"counselors-state46","1759416.34645714","5521.04542","state46"
"counselors-state31","3054092.89165714","9656.76648","state31"
"counselors-state20","4783654.0008","17710.8247","state20"
"counselors-state10","1324483.62171429","5588.28426","state10"
"counselors-state24","9179277.12102857","28701.77154","state24"
"counselors-state11","772157.4204","2418.13266","state11"
"counselors-state51","12824269.4497714","42794.60182","state51"
"counselors-state54","2551587.80622857","7822.74718","state54"
"counselors-state37","15028285.3738286","50394.92204","state37"
"counselors-state45","7951259.48091429","25979.71482","state45"
"counselors-state13","12547161.2799429","42199.63194","state13"
"counselors-state12","26831236.2317143","86614.0955","state12"
"counselors-state21","6304820.04","20104.27546","state21"
"counselors-state47","10357064.2416","31704.50252","state47"
"counselors-state01","7036412.5104","21940.96696","state01"
"counselors-state28","4425441.54685714","13888.19512","state28"
"counselors-state05","4751098.82794286","15457.83116","state05"
"counselors-state22","6879673.05891429","23598.21506","state22"
"counselors-state40","7650805.42885714","24988.3574","state40"
"counselors-state48","48863850.0468","153499.88884","state48"
"counselors-state30","1605776.57674286","5722.41474","state30"
"counselors-state16","1988136.56571429","5811.85474","state16"
"counselors-state56","1200341.07737143","3731.05976","state56"
"counselors-state08","12487841.4080571","38128.15082","state08"
"counselors-state35","2755556.61685714","7443.60604","state35"
"counselors-state04","10270918.8202286","30851.18634","state04"
"counselors-state49","5229448.3956","17293.78556","state49"
"counselors-state32","2361216.80434286","8168.90916","state32"
"counselors-state53","11342179.8344571","37613.41134","state53"
"counselors-state41","7123929.39257143","25088.167","state41"
"counselors-state06","48473880.9615429","155919.16134","state06"
"counselors-state02","1216415.05114286","4548.96928","state02"
"counselors-state15","1682412.73371429","5303.52904","state15"
"daily-living-service-managers-state23","1427456.14285714","3849.42208","state23"
"daily-living-service-managers-state33","1821197.17028571","5717.1543","state33"
"daily-living-service-managers-state50","1022408.856","2487.08588","state50"
"daily-living-service-managers-state25","10908238.6086857","31582.52362","state25"
"daily-living-service-managers-state44","1693509.44914286","4555.8729","state44"
"daily-living-service-managers-state09","2430478.02514286","7429.1114","state09"
"daily-living-service-managers-state36","20440034.7841714","55852.29038","state36"
"daily-living-service-managers-state34","8972947.47171429","24312.39258","state34"
"daily-living-service-managers-state42","16300548.7388571","51759.75952","state42"
"daily-living-service-managers-state39","15174697.7297143","49845.82024","state39"
"daily-living-service-managers-state18","9955282.82571429","32980.03646","state18"
"daily-living-service-managers-state17","13798760.8364571","39544.28766","state17"
"daily-living-service-managers-state26","10475775.0814286","29994.38474","state26"
"daily-living-service-managers-state55","2367547.94554286","11256.8968","state55"
"daily-living-service-managers-state27","4861343.17371429","13919.76246","state27"
"daily-living-service-managers-state19","6086425.23205714","15699.9266","state19"
"daily-living-service-managers-state29","8353903.78628571","24465.51228","state29"
"daily-living-service-managers-state38","1000596.83314286","2879.49972","state38"
"daily-living-service-managers-state46","1442852.76085714","3752.11506","state46"
"daily-living-service-managers-state31","2861410.35942857","8431.06674","state31"
"daily-living-service-managers-state20","3603312.38057143","10488.03554","state20"
"daily-living-service-managers-state10","1710552.19165714","5311.23002","state10"
"daily-living-service-managers-state24","8966137.88571429","23711.79084","state24"
"daily-living-service-managers-state11","669166.533428571","2023.09982","state11"
"daily-living-service-managers-state51","12743039.4342857","44825.09044","state51"
"daily-living-service-managers-state54","802649.304342857","2982.47054","state54"
"daily-living-service-managers-state37","13633717.9954286","40642.01548","state37"
"daily-living-service-managers-state45","6499523.52857143","19951.7485","state45"
"daily-living-service-managers-state13","18297027.6821143","51263.23854","state13"
"daily-living-service-managers-state12","28590146.4462857","88355.46824","state12"
"daily-living-service-managers-state21","4321854.86948571","12062.267","state21"
"daily-living-service-managers-state47","12848601.7714286","33895.12938","state47"
"daily-living-service-managers-state01","8229181.55914286","21398.04702","state01"
"daily-living-service-managers-state28","4992710.412","13643.44394","state28"
"daily-living-service-managers-state05","4909827.50914286","14420.33374","state05"
"daily-living-service-managers-state22","7346067.01577143","21891.27728","state22"
"daily-living-service-managers-state40","5764492.42285714","19027.2907","state40"
"daily-living-service-managers-state48","45399928.1746286","128161.78642","state48"
"daily-living-service-managers-state30","1814557.96971429","6275.3997","state30"
"daily-living-service-managers-state16","2872624.45885714","8256.7039","state16"
"daily-living-service-managers-state56","974510.8512","2843.70574","state56"
"daily-living-service-managers-state08","5731487.058","19572.7506","state08"
"daily-living-service-managers-state35","2797379.54811429","7587.49784","state35"
"daily-living-service-managers-state04","7365098.43942857","22010.51706","state04"
"daily-living-service-managers-state49","2882890.73708571","9795.56374","state49"
"daily-living-service-managers-state32","4707063.48257143","14431.61388","state32"
"daily-living-service-managers-state53","7798740.8928","22013.35752","state53"
"daily-living-service-managers-state41","5000229.0588","16451.62886","state41"
"daily-living-service-managers-state06","46734134.82","134453.56928","state06"
"daily-living-service-managers-state02","755060.337257143","2018.79642","state02"
"daily-living-service-managers-state15","1837586.17457143","5915.66538","state15"
"dentists-state23","1303527.3888","4970.40634","state23"
"dentists-state33","1238368.44171429","4876.9833","state33"
"dentists-state50","359485.647771429","1290.0138","state50"
"dentists-state25","3449802.15548571","12127.65912","state25"
"dentists-state44","832720.56","2801.5561","state44"
"dentists-state09","2988937.93697143","8682.99494","state09"
"dentists-state36","13267849.5632571","44755.55206","state36"
"dentists-state34","5460014.87897143","18540.38964","state34"
"dentists-state42","6337875.6528","20855.66746","state42"
"dentists-state39","6529391.03622857","23089.6763","state39"
"dentists-state18","4721877.51857143","17009.88898","state18"
"dentists-state17","7799120.90742857","25323.78542","state17"
"dentists-state26","8719970.63382857","27577.47472","state26"
"dentists-state55","6585716.28171429","22125.1513","state55"
"dentists-state27","2584627.20205714","9275.4969","state27"
"dentists-state19","1979804.44302857","5967.64964","state19"
"dentists-state29","2224985.844","6762.72356","state29"
"dentists-state38","795586.542857143","2775.1971","state38"
"dentists-state46","922276.987885714","2883.9625","state46"
"dentists-state31","1091298.08331429","3976.86594","state31"
"dentists-state20","2492311.64177143","8818.9903","state20"
"dentists-state10","427026.974571429","2106.12086","state10"
"dentists-state24","2329323.26057143","8117.40326","state24"
"dentists-state51","3087581.06057143","13009.82492","state51"
"dentists-state54","1201505.154","3767.76804","state54"
"dentists-state37","3956941.74994286","15178.3572","state37"
"dentists-state45","4594280.18057143","15020.95536","state45"
"dentists-state13","3703972.59068571","11319.45208","state13"
"dentists-state12","16112243.3136","49199.88466","state12"
"dentists-state21","1727267.46771429","6623.68404","state21"
"dentists-state47","2755977.82971429","9187.99388","state47"
"dentists-state01","1802156.61925714","5707.54748","state01"
"dentists-state28","959927.511428571","3199.321","state28"
"dentists-state05","2132876.83268571","7173.35628","state05"
"dentists-state22","2403386.77851429","8191.15648","state22"
"dentists-state40","2164131.61577143","6660.65348","state40"
"dentists-state48","17326095.5259429","55271.68698","state48"
"dentists-state30","876141.572057143","2997.478","state30"
"dentists-state16","1351469.49051429","4791.01196","state16"
"dentists-state56","471461.379428571","1645.9951","state56"
"dentists-state08","3406478.86234286","11622.55684","state08"
"dentists-state35","949840.752","2907.72986","state35"
"dentists-state04","4336306.3044","12191.2959","state04"
"dentists-state49","2372424.20005714","9438.87084","state49"
"dentists-state32","1455948.16817143","4687.1468","state32"
"dentists-state53","6764390.81948571","24736.13064","state53"
"dentists-state41","3399649.41428571","12335.72382","state41"
"dentists-state06","25138936.0306286","86990.64424","state06"
"dentists-state02","684678.2784","2218.76758","state02"
"dentists-state15","721775.275714286","2282.95696","state15"
"dentists-state11","null","null","state11"
"education-administrators-state23","1808829.08228571","5481.0475","state23"
"education-administrators-state33","2252121.28285714","6131.13258","state33"
"education-administrators-state50","1066334.20628571","3339.63016","state50"
"education-administrators-state25","13578232.0741714","37107.60456","state25"
"education-administrators-state44","1187545.17085714","3655.24308","state44"
"education-administrators-state09","5639157.83057143","15251.23068","state09"
"education-administrators-state36","16222573.9928571","46724.53616","state36"
"education-administrators-state34","10141556.7702857","29190.05398","state34"
"education-administrators-state42","14636638.2226286","41541.50154","state42"
"education-administrators-state39","14806238.9604","43538.84018","state39"
"education-administrators-state18","8119374.81857143","22654.79558","state18"
"education-administrators-state17","16003790.8731429","44274.14482","state17"
"education-administrators-state26","5713886.09057143","16302.87652","state26"
"education-administrators-state55","4605613.98171429","14770.99584","state55"
"education-administrators-state27","7079249.37942857","21238.6923","state27"
"education-administrators-state19","2332233.32588571","5686.29322","state19"
"education-administrators-state29","4386953.61942857","12247.2389","state29"
"education-administrators-state38","842714.928","2285.40302","state38"
"education-administrators-state46","847465.906285714","2383.16142","state46"
"education-administrators-state31","1824138.52971429","5439.77016","state31"
"education-administrators-state20","2306702.77508571","6979.6482","state20"
"education-administrators-state10","904317.137142857","2193.10762","state10"
"education-administrators-state24","7347383.00142857","20897.71376","state24"
"education-administrators-state11","1328321.74285714","3428.68708","state11"
"education-administrators-state51","9703585.50274286","27670.02716","state51"
"education-administrators-state54","1651605.45171429","4417.00276","state54"
"education-administrators-state37","13771057.62","38398.56966","state37"
"education-administrators-state45","4658491.66628571","13217.69664","state45"
"education-administrators-state13","11679105.1045714","33160.58842","state13"
"education-administrators-state12","16997429.5092","49324.08698","state12"
"education-administrators-state21","4918026.81342857","13252.76118","state21"
"education-administrators-state47","6815256.34388571","20672.63882","state47"
"education-administrators-state01","5379478.56154286","15748.80904","state01"
"education-administrators-state28","2835256.3356","8173.45504","state28"
"education-administrators-state05","2408739.06857143","6498.806","state05"
"education-administrators-state22","3533118.43748571","11181.99346","state22"
"education-administrators-state40","4092179.57485714","11301.60936","state40"
"education-administrators-state48","32853637.8466286","91811.44784","state48"
"education-administrators-state30","897088.308","2743.64488","state30"
"education-administrators-state16","2612444.19771429","7130.80368","state16"
"education-administrators-state56","895546.842","2519.91098","state56"
"education-administrators-state08","7675696.78371429","21192.68284","state08"
"education-administrators-state35","1841158.92","5369.66842","state35"
"education-administrators-state04","8383831.758","20514.43338","state04"
"education-administrators-state49","5008807.98582857","14573.19882","state49"
"education-administrators-state32","2162293.21542857","6009.11272","state32"
"education-administrators-state53","8660569.02994286","23892.6505","state53"
"education-administrators-state41","3874576.59257143","11306.22254","state41"
"education-administrators-state06","39155715.7733143","108693.16868","state06"
"education-administrators-state02","753094.512","2066.18756","state02"
"education-administrators-state15","1747447.86514286","4838.40164","state15"
"elementary-and-middle-school-teachers-state23","4255226.33005714","13870.29674","state23"
"elementary-and-middle-school-teachers-state33","5479249.91485714","16859.30616","state33"
"elementary-and-middle-school-teachers-state50","2693093.71611429","8139.19352","state50"
"elementary-and-middle-school-teachers-state25","29673246.3414857","89389.8679","state25"
"elementary-and-middle-school-teachers-state44","4227394.25262857","13792.19482","state44"
"elementary-and-middle-school-teachers-state09","12036255.7145143","40064.28146","state09"
"elementary-and-middle-school-teachers-state36","79878053.5056","245939.791","state36"
"elementary-and-middle-school-teachers-state34","34166525.6686286","103486.78216","state34"
"elementary-and-middle-school-teachers-state42","36158981.1150857","107191.19998","state42"
"elementary-and-middle-school-teachers-state39","35799536.3744571","110388.56896","state39"
"elementary-and-middle-school-teachers-state18","27976055.7768","79981.01288","state18"
"elementary-and-middle-school-teachers-state17","47896942.356","142251.31218","state17"
"elementary-and-middle-school-teachers-state26","28011082.8634286","83700.87474","state26"
"elementary-and-middle-school-teachers-state55","16281833.9691429","52640.75984","state55"
"elementary-and-middle-school-teachers-state27","17840958.1222286","51634.30088","state27"
"elementary-and-middle-school-teachers-state19","14974087.4292","40459.47352","state19"
"elementary-and-middle-school-teachers-state29","22061008.3272","68481.79798","state29"
"elementary-and-middle-school-teachers-state38","3303934.4832","10015.8012","state38"
"elementary-and-middle-school-teachers-state46","3076726.29154286","9683.35688","state46"
"elementary-and-middle-school-teachers-state31","6363592.33388571","19303.31104","state31"
"elementary-and-middle-school-teachers-state20","12404662.3038857","35644.64606","state20"
"elementary-and-middle-school-teachers-state10","3038473.34125714","10182.7871","state10"
"elementary-and-middle-school-teachers-state24","24966067.4837143","78141.47334","state24"
"elementary-and-middle-school-teachers-state11","1798391.71525714","5621.7911","state11"
"elementary-and-middle-school-teachers-state51","32130710.6096571","101052.3097","state51"
"elementary-and-middle-school-teachers-state54","5400759.5448","17906.31104","state54"
"elementary-and-middle-school-teachers-state37","36526238.6592","112164.9542","state37"
"elementary-and-middle-school-teachers-state45","24418949.1565714","70467.15284","state45"
"elementary-and-middle-school-teachers-state13","48719354.1879429","144312.19976","state13"
"elementary-and-middle-school-teachers-state12","68254637.9993143","204389.7289","state12"
"elementary-and-middle-school-teachers-state21","18350466.1846286","54320.22538","state21"
"elementary-and-middle-school-teachers-state47","25780891.4883429","81294.48752","state47"
"elementary-and-middle-school-teachers-state01","18377617.7633143","53326.92656","state01"
"elementary-and-middle-school-teachers-state28","12153191.7977143","34576.13184","state28"
"elementary-and-middle-school-teachers-state05","10781477.7574286","32922.04796","state05"
"elementary-and-middle-school-teachers-state22","16953187.6083429","49742.0143","state22"
"elementary-and-middle-school-teachers-state40","16503802.7274857","46933.96718","state40"
"elementary-and-middle-school-teachers-state48","134388707.7744","381039.48006","state48"
"elementary-and-middle-school-teachers-state30","2424471.67354286","7657.13696","state30"
"elementary-and-middle-school-teachers-state16","6467470.67417143","20285.34766","state16"
"elementary-and-middle-school-teachers-state56","2072576.26405714","6785.88202","state56"
"elementary-and-middle-school-teachers-state08","20059751.0024571","59858.5241","state08"
"elementary-and-middle-school-teachers-state35","8729064.91971429","25537.63544","state35"
"elementary-and-middle-school-teachers-state04","26777778.3044571","80633.08832","state04"
"elementary-and-middle-school-teachers-state49","11057270.2194857","35015.36206","state49"
"elementary-and-middle-school-teachers-state32","11501253.0046286","34686.2778","state32"
"elementary-and-middle-school-teachers-state53","27617877.5062286","80741.77394","state53"
"elementary-and-middle-school-teachers-state41","10594097.7564","33579.37364","state41"
"elementary-and-middle-school-teachers-state06","117740417.655429","357646.36426","state06"
"elementary-and-middle-school-teachers-state02","2038844.07788571","6632.12072","state02"
"elementary-and-middle-school-teachers-state15","4454549.58754286","13721.61014","state15"
"food-preparation-workers-state23","3457499.95474286","12867.80284","state23"
"food-preparation-workers-state33","1629740.20165714","6933.08096","state33"
"food-preparation-workers-state50","862008.0216","3732.36218","state50"
"food-preparation-workers-state25","10458284.0828571","45885.68802","state25"
"food-preparation-workers-state44","1897597.93337143","7259.91458","state44"
"food-preparation-workers-state09","4194732.32057143","19006.78054","state09"
"food-preparation-workers-state36","35885675.0106857","130935.14554","state36"
"food-preparation-workers-state34","12731507.7984","48543.5953","state34"
"food-preparation-workers-state42","20560672.2409714","80734.53456","state42"
"food-preparation-workers-state39","24570573.2055429","103581.01036","state39"
"food-preparation-workers-state18","12582802.9422857","48784.30824","state18"
"food-preparation-workers-state17","18618222.4032","79218.7586","state17"
"food-preparation-workers-state26","18642051.5355429","75341.83514","state26"
"food-preparation-workers-state55","9938635.10022857","38040.74476","state55"
"food-preparation-workers-state27","7093003.40571429","29048.27958","state27"
"food-preparation-workers-state19","5851075.83617143","23701.93846","state19"
"food-preparation-workers-state29","8495407.08497143","33957.15478","state29"
"food-preparation-workers-state38","1547622.4632","5438.7646","state38"
"food-preparation-workers-state46","1772251.68925714","6256.90774","state46"
"food-preparation-workers-state31","3871912.77514286","14955.71548","state31"
"food-preparation-workers-state20","4992190.82571429","18819.84402","state20"
"food-preparation-workers-state10","1240695.858","5318.90728","state10"
"food-preparation-workers-state24","12533131.5082286","44511.57232","state24"
"food-preparation-workers-state11","563265.564685714","2286.03012","state11"
"food-preparation-workers-state51","14369732.0576571","57981.3022","state51"
"food-preparation-workers-state54","2588022.5076","10448.93946","state54"
"food-preparation-workers-state37","18945781.3681714","73009.94908","state37"
"food-preparation-workers-state45","7892599.59857143","29078.53044","state45"
"food-preparation-workers-state13","13665034.3997143","51084.55044","state13"
"food-preparation-workers-state12","45379361.1896571","159353.07402","state12"
"food-preparation-workers-state21","6468377.33211429","23131.25392","state21"
"food-preparation-workers-state47","12375562.7346857","43321.92552","state47"
"food-preparation-workers-state01","9055167.06497143","28555.85684","state01"
"food-preparation-workers-state28","4818992.634","16221.90824","state28"
"food-preparation-workers-state05","5691398.34","20971.82418","state05"
"food-preparation-workers-state22","7727954.022","29746.98742","state22"
"food-preparation-workers-state40","8314447.49451429","30993.4403","state40"
"food-preparation-workers-state48","59603209.4922857","208566.8164","state48"
"food-preparation-workers-state30","1984760.09228571","8230.59374","state30"
"food-preparation-workers-state16","3816832.88622857","16371.2168","state16"
"food-preparation-workers-state56","1042895.15365714","4154.49536","state56"
"food-preparation-workers-state08","10400445.8451429","42206.88946","state08"
"food-preparation-workers-state35","3434477.77182857","13204.17082","state35"
"food-preparation-workers-state04","14369622.5713714","52008.16328","state04"
"food-preparation-workers-state49","6306736.54354286","24965.6407","state49"
"food-preparation-workers-state32","9289426.8024","34983.80476","state32"
"food-preparation-workers-state53","15261137.3197714","71769.78868","state53"
"food-preparation-workers-state41","9239987.4396","34608.4768","state41"
"food-preparation-workers-state06","81211685.3754857","312287.07992","state06"
"food-preparation-workers-state02","1593861.88371429","5392.79672","state02"
"food-preparation-workers-state15","3282790.1088","13030.3905","state15"
"hairdressers-hairstylists-and-cosmetologists-state23","710103.81","3128.9685","state23"
"hairdressers-hairstylists-and-cosmetologists-state33","1636489.61348571","7225.04118","state33"
"hairdressers-hairstylists-and-cosmetologists-state50","351322.197942857","1402.00954","state50"
"hairdressers-hairstylists-and-cosmetologists-state25","6182136.23554286","26963.97006","state25"
"hairdressers-hairstylists-and-cosmetologists-state44","1174537.8528","5106.25394","state44"
"hairdressers-hairstylists-and-cosmetologists-state09","2141011.74171429","9208.35848","state09"
"hairdressers-hairstylists-and-cosmetologists-state36","20274799.2965143","82357.5543","state36"
"hairdressers-hairstylists-and-cosmetologists-state34","9109556.42297143","34349.08012","state34"
"hairdressers-hairstylists-and-cosmetologists-state42","11088789.6514286","41326.77966","state42"
"hairdressers-hairstylists-and-cosmetologists-state39","10598356.8934286","35964.75066","state39"
"hairdressers-hairstylists-and-cosmetologists-state18","6424373.44028571","23117.67326","state18"
"hairdressers-hairstylists-and-cosmetologists-state17","10039222.2126857","36607.92966","state17"
"hairdressers-hairstylists-and-cosmetologists-state26","8394492.53948571","33099.89552","state26"
"hairdressers-hairstylists-and-cosmetologists-state55","3610630.86428571","15762.77716","state55"
"hairdressers-hairstylists-and-cosmetologists-state27","5040105.774","16684.25286","state27"
"hairdressers-hairstylists-and-cosmetologists-state19","3152692.98","10638.3637","state19"
"hairdressers-hairstylists-and-cosmetologists-state29","8489360.25651429","27008.07662","state29"
"hairdressers-hairstylists-and-cosmetologists-state38","577470.869485714","1955.30258","state38"
"hairdressers-hairstylists-and-cosmetologists-state46","434088.921771429","1702.54514","state46"
"hairdressers-hairstylists-and-cosmetologists-state31","1735504.06217143","5641.70192","state31"
"hairdressers-hairstylists-and-cosmetologists-state20","3747027.4872","12914.57768","state20"
"hairdressers-hairstylists-and-cosmetologists-state10","797397.641657143","3375.82116","state10"
"hairdressers-hairstylists-and-cosmetologists-state24","5470616.12571429","19302.80072","state24"
"hairdressers-hairstylists-and-cosmetologists-state11","307763.732571429","1333.09386","state11"
"hairdressers-hairstylists-and-cosmetologists-state51","5946746.73771429","22742.82494","state51"
"hairdressers-hairstylists-and-cosmetologists-state54","529951.482","2012.9667","state54"
"hairdressers-hairstylists-and-cosmetologists-state37","9693823.04571429","36404.05494","state37"
"hairdressers-hairstylists-and-cosmetologists-state45","4732402.72885714","18806.70506","state45"
"hairdressers-hairstylists-and-cosmetologists-state13","13420475.3861143","45459.19862","state13"
"hairdressers-hairstylists-and-cosmetologists-state12","31549488.5058857","113635.3634","state12"
"hairdressers-hairstylists-and-cosmetologists-state21","3585647.94068571","11709.43162","state21"
"hairdressers-hairstylists-and-cosmetologists-state47","4592334.20194286","19302.86268","state47"
"hairdressers-hairstylists-and-cosmetologists-state01","4991801.9844","19256.74346","state01"
"hairdressers-hairstylists-and-cosmetologists-state28","3248532.342","10262.66934","state28"
"hairdressers-hairstylists-and-cosmetologists-state05","3741017.46068571","11873.29516","state05"
"hairdressers-hairstylists-and-cosmetologists-state22","5966931.63274286","22975.65314","state22"
"hairdressers-hairstylists-and-cosmetologists-state40","4327061.89748571","15475.92436","state40"
"hairdressers-hairstylists-and-cosmetologists-state48","37999025.7320571","126423.38564","state48"
"hairdressers-hairstylists-and-cosmetologists-state30","870043.923771429","3972.15794","state30"
"hairdressers-hairstylists-and-cosmetologists-state16","1361023.39508571","4758.14264","state16"
"hairdressers-hairstylists-and-cosmetologists-state56","215410.403314286","1327.14806","state56"
"hairdressers-hairstylists-and-cosmetologists-state08","3735047.3688","16840.35596","state08"
"hairdressers-hairstylists-and-cosmetologists-state35","1316014.85485714","4906.05216","state35"
"hairdressers-hairstylists-and-cosmetologists-state04","4143672.29314286","15866.60352","state04"
"hairdressers-hairstylists-and-cosmetologists-state49","2431437.45","11504.5322","state49"
"hairdressers-hairstylists-and-cosmetologists-state32","4081486.88245714","14362.96054","state32"
"hairdressers-hairstylists-and-cosmetologists-state53","4546288.24817143","20272.6523","state53"
"hairdressers-hairstylists-and-cosmetologists-state41","3898721.16548571","17012.62716","state41"
"hairdressers-hairstylists-and-cosmetologists-state06","38067977.8273714","146553.56726","state06"
"hairdressers-hairstylists-and-cosmetologists-state02","456312.912","1502.90644","state02"
"hairdressers-hairstylists-and-cosmetologists-state15","832644.328285714","4065.36852","state15"
"housekeeping-janitors-and-groundskeepers-state23","3926042.3496","15153.8066","state23"
"housekeeping-janitors-and-groundskeepers-state33","5850335.58754286","20058.75092","state33"
"housekeeping-janitors-and-groundskeepers-state50","2367638.75725714","9911.07528","state50"
"housekeeping-janitors-and-groundskeepers-state25","31244297.6929714","105748.9808","state25"
"housekeeping-janitors-and-groundskeepers-state44","5266304.06862857","17898.47484","state44"
"housekeeping-janitors-and-groundskeepers-state09","13978874.5057714","58694.9909","state09"
"housekeeping-janitors-and-groundskeepers-state36","94369361.808","323459.46864","state36"
"housekeeping-janitors-and-groundskeepers-state34","42276936.0966857","141563.59732","state34"
"housekeeping-janitors-and-groundskeepers-state42","51140459.7867429","184432.67654","state42"
"housekeeping-janitors-and-groundskeepers-state39","37014247.2430286","140985.46024","state39"
"housekeeping-janitors-and-groundskeepers-state18","24235303.6179429","85162.6516","state18"
"housekeeping-janitors-and-groundskeepers-state17","53632438.2759429","178042.98686","state17"
"housekeeping-janitors-and-groundskeepers-state26","37096713.3706286","131740.16716","state26"
"housekeeping-janitors-and-groundskeepers-state55","28236724.1686286","107432.7645","state55"
"housekeeping-janitors-and-groundskeepers-state27","20567768.6907429","74426.73804","state27"
"housekeeping-janitors-and-groundskeepers-state19","15952351.332","57313.46092","state19"
"housekeeping-janitors-and-groundskeepers-state29","32960825.7032571","105395.0927","state29"
"housekeeping-janitors-and-groundskeepers-state38","2929468.46725714","11751.06462","state38"
"housekeeping-janitors-and-groundskeepers-state46","3689072.14268571","12951.94438","state46"
"housekeeping-janitors-and-groundskeepers-state31","9523920.69771429","31500.82404","state31"
"housekeeping-janitors-and-groundskeepers-state20","12699372.2785714","42802.17866","state20"
"housekeeping-janitors-and-groundskeepers-state10","4187156.60074286","16077.31016","state10"
"housekeeping-janitors-and-groundskeepers-state24","29382625.7778857","100596.1059","state24"
"housekeeping-janitors-and-groundskeepers-state11","2115294.36154286","7426.9273","state11"
"housekeeping-janitors-and-groundskeepers-state51","37660735.8632571","138588.08544","state51"
"housekeeping-janitors-and-groundskeepers-state54","6023003.39965714","22098.29952","state54"
"housekeeping-janitors-and-groundskeepers-state37","45975744.7136571","169488.29958","state37"
"housekeeping-janitors-and-groundskeepers-state45","25254341.7010286","97880.8964","state45"
"housekeeping-janitors-and-groundskeepers-state13","48156591.1287429","173043.3079","state13"
"housekeeping-janitors-and-groundskeepers-state12","145625906.659886","485655.9566","state12"
"housekeeping-janitors-and-groundskeepers-state21","20433379.9782857","66572.34504","state21"
"housekeeping-janitors-and-groundskeepers-state47","30652027.2984","115332.58106","state47"
"housekeeping-janitors-and-groundskeepers-state01","25412449.6902857","83231.10728","state01"
"housekeeping-janitors-and-groundskeepers-state28","12721394.3103429","44999.40394","state28"
"housekeeping-janitors-and-groundskeepers-state05","13784475.198","48943.76642","state05"
"housekeeping-janitors-and-groundskeepers-state22","22532906.8693714","86164.21562","state22"
"housekeeping-janitors-and-groundskeepers-state40","20813639.4488571","69140.55796","state40"
"housekeeping-janitors-and-groundskeepers-state48","150560426.537143","512017.38184","state48"
"housekeeping-janitors-and-groundskeepers-state30","4078604.33022857","17082.8925","state30"
"housekeeping-janitors-and-groundskeepers-state16","6805497.24","25881.30516","state16"
"housekeeping-janitors-and-groundskeepers-state56","2382242.09828571","8855.60416","state56"
"housekeeping-janitors-and-groundskeepers-state08","22149241.5214286","80372.48244","state08"
"housekeeping-janitors-and-groundskeepers-state35","9479853.504","31150.05796","state35"
"housekeeping-janitors-and-groundskeepers-state04","41866134.0402857","139782.78498","state04"
"housekeeping-janitors-and-groundskeepers-state49","15132231.8568","53582.81036","state49"
"housekeeping-janitors-and-groundskeepers-state32","21582195.4812","73576.92734","state32"
"housekeeping-janitors-and-groundskeepers-state53","32962903.8087429","121761.18574","state53"
"housekeeping-janitors-and-groundskeepers-state41","19193862.1405714","70302.44884","state41"
"housekeeping-janitors-and-groundskeepers-state06","203336826.990686","691272.1546","state06"
"housekeeping-janitors-and-groundskeepers-state02","2271905.43702857","8104.84598","state02"
"housekeeping-janitors-and-groundskeepers-state15","9497097.63154286","33131.72624","state15"
"medical-and-health-services-managers-state23","977537.190857143","3348.67664","state23"
"medical-and-health-services-managers-state33","1026870.60651429","2697.26626","state33"
"medical-and-health-services-managers-state50","915966.297942857","2556.39676","state50"
"medical-and-health-services-managers-state25","8990320.39885714","24765.66522","state25"
"medical-and-health-services-managers-state44","1103790.58628571","3437.32216","state44"
"medical-and-health-services-managers-state09","3811680.43457143","13021.44974","state09"
"medical-and-health-services-managers-state36","11752407.6370286","34821.54488","state36"
"medical-and-health-services-managers-state34","8512945.72628571","24850.07476","state34"
"medical-and-health-services-managers-state42","16611480.5134286","47279.16242","state42"
"medical-and-health-services-managers-state39","12432220.6705714","36559.50214","state39"
"medical-and-health-services-managers-state18","5694193.62428571","14997.48818","state18"
"medical-and-health-services-managers-state17","14237291.6292","37216.3971","state17"
"medical-and-health-services-managers-state26","9563003.81108571","27890.16788","state26"
"medical-and-health-services-managers-state55","8740621.46571429","22133.26364","state55"
"medical-and-health-services-managers-state27","6217032.7956","16589.04812","state27"
"medical-and-health-services-managers-state19","2405994.864","7575.80814","state19"
"medical-and-health-services-managers-state29","6854866.39371429","19353.7774","state29"
"medical-and-health-services-managers-state38","941058.12","2859.99752","state38"
"medical-and-health-services-managers-state46","610252.313142857","1617.90292","state46"
"medical-and-health-services-managers-state31","1998928.5","5246.00274","state31"
"medical-and-health-services-managers-state20","1038536.25668571","3530.99576","state20"
"medical-and-health-services-managers-state10","1280760.21942857","3627.2399","state10"
"medical-and-health-services-managers-state24","5000469.75428571","15224.44798","state24"
"medical-and-health-services-managers-state11","567039.339428571","1512.36182","state11"
"medical-and-health-services-managers-state51","5750906.64342857","16169.97194","state51"
"medical-and-health-services-managers-state54","1366210.41428571","3923.18294","state54"
"medical-and-health-services-managers-state37","9954508.33028571","33790.47636","state37"
"medical-and-health-services-managers-state45","3938042.50594286","11544.6305","state45"
"medical-and-health-services-managers-state13","6481455.11314286","17479.44234","state13"
"medical-and-health-services-managers-state12","20558748.4923429","60003.1901","state12"
"medical-and-health-services-managers-state21","3380336.66914286","9103.23582","state21"
"medical-and-health-services-managers-state47","6555031.45885714","16784.69984","state47"
"medical-and-health-services-managers-state01","2931596.21965714","8425.02936","state01"
"medical-and-health-services-managers-state28","3072061.164","8403.63064","state28"
"medical-and-health-services-managers-state05","2055645.39428571","5813.6265","state05"
"medical-and-health-services-managers-state22","4040428.78628571","11907.60306","state22"
"medical-and-health-services-managers-state40","3667470.78685714","10309.58696","state40"
"medical-and-health-services-managers-state48","27906543.6996","75415.80704","state48"
"medical-and-health-services-managers-state30","894697.684285714","3085.27488","state30"
"medical-and-health-services-managers-state16","1730214.33188571","4776.07178","state16"
"medical-and-health-services-managers-state56","423460.512857143","1312.8438","state56"
"medical-and-health-services-managers-state08","4454100.65228571","13999.68028","state08"
"medical-and-health-services-managers-state35","1151237.28942857","3263.56838","state35"
"medical-and-health-services-managers-state04","3322859.89371429","9832.06494","state04"
"medical-and-health-services-managers-state49","2274404.20508571","6102.57358","state49"
"medical-and-health-services-managers-state32","2198376.08571429","6189.738","state32"
"medical-and-health-services-managers-state53","8538869.79342857","25155.19604","state53"
"medical-and-health-services-managers-state41","4166760.40885714","12793.95824","state41"
"medical-and-health-services-managers-state06","32748548.2791429","91824.66762","state06"
"medical-and-health-services-managers-state02","1034278.92","2617.4639","state02"
"medical-and-health-services-managers-state15","1418644.82297143","3884.38904","state15"
"medical-records-and-health-information-technicians-state33","null","null","state33"
"medical-records-and-health-information-technicians-state50","null","null","state50"
"medical-records-and-health-information-technicians-state25","null","null","state25"
"medical-records-and-health-information-technicians-state44","null","null","state44"
"medical-records-and-health-information-technicians-state36","4945279.38","14721.4542","state36"
"medical-records-and-health-information-technicians-state34","null","null","state34"
"medical-records-and-health-information-technicians-state42","2929064.62697143","9693.81702","state42"
"medical-records-and-health-information-technicians-state39","null","null","state39"
"medical-records-and-health-information-technicians-state17","1902057.29828571","6554.32632","state17"
"medical-records-and-health-information-technicians-state26","3217553.24228571","10758.22454","state26"
"medical-records-and-health-information-technicians-state55","null","null","state55"
"medical-records-and-health-information-technicians-state19","null","null","state19"
"medical-records-and-health-information-technicians-state29","null","null","state29"
"medical-records-and-health-information-technicians-state38","null","null","state38"
"medical-records-and-health-information-technicians-state46","397299.113142857","1229.07208","state46"
"medical-records-and-health-information-technicians-state31","663498.217885714","2223.19994","state31"
"medical-records-and-health-information-technicians-state20","null","null","state20"
"medical-records-and-health-information-technicians-state10","564117.126857143","1966.79962","state10"
"medical-records-and-health-information-technicians-state54","875993.257714286","2250.3352","state54"
"medical-records-and-health-information-technicians-state37","2786848.67657143","7983.81614","state37"
"medical-records-and-health-information-technicians-state45","null","null","state45"
"medical-records-and-health-information-technicians-state13","3111874.10742857","9846.71864","state13"
"medical-records-and-health-information-technicians-state12","4026678.16285714","12267.8255","state12"
"medical-records-and-health-information-technicians-state47","null","null","state47"
"medical-records-and-health-information-technicians-state01","null","null","state01"
"medical-records-and-health-information-technicians-state28","837441.205714286","2302.5624","state28"
"medical-records-and-health-information-technicians-state05","null","null","state05"
"medical-records-and-health-information-technicians-state22","1597177.85828571","4573.39242","state22"
"medical-records-and-health-information-technicians-state40","null","null","state40"
"medical-records-and-health-information-technicians-state48","4911435.63428571","12999.885","state48"
"medical-records-and-health-information-technicians-state30","null","null","state30"
"medical-records-and-health-information-technicians-state16","752389.406571429","2208.22962","state16"
"medical-records-and-health-information-technicians-state56","null","null","state56"
"medical-records-and-health-information-technicians-state08","null","null","state08"
"medical-records-and-health-information-technicians-state35","null","null","state35"
"medical-records-and-health-information-technicians-state32","1093047.32845714","3383.27594","state32"
"medical-records-and-health-information-technicians-state53","2849100.07028571","8874.19784","state53"
"medical-records-and-health-information-technicians-state41","976576.470857143","3089.41984","state41"
"medical-records-and-health-information-technicians-state06","4813082.07188571","14514.067","state06"
"medical-records-and-health-information-technicians-state02","null","null","state02"
"medical-records-and-health-information-technicians-state15","null","null","state15"
"medical-records-and-health-information-technicians-state27","null","null","state27"
"medical-records-and-health-information-technicians-state24","null","null","state24"
"medical-records-and-health-information-technicians-state51","null","null","state51"
"medical-records-and-health-information-technicians-state21","null","null","state21"
"medical-records-and-health-information-technicians-state04","3796095.58285714","9551.154","state04"
"medical-records-and-health-information-technicians-state49","null","null","state49"
"medical-records-and-health-information-technicians-state23","null","null","state23"
"medical-records-and-health-information-technicians-state09","null","null","state09"
"medical-records-and-health-information-technicians-state18","null","null","state18"
"medical-specialists-therapists-state23","3107262.61662857","10785.66612","state23"
"medical-specialists-therapists-state33","4143510.9792","14000.51144","state33"
"medical-specialists-therapists-state50","965718.724285714","3323.69048","state50"
"medical-specialists-therapists-state25","12068888.2909714","39577.72864","state25"
"medical-specialists-therapists-state44","2644027.88571429","8590.11836","state44"
"medical-specialists-therapists-state09","8354814.34611429","25867.79806","state09"
"medical-specialists-therapists-state36","32343609.8156571","107169.05448","state36"
"medical-specialists-therapists-state34","18010632.2281714","56853.21646","state34"
"medical-specialists-therapists-state42","25474964.7142286","80887.65038","state42"
"medical-specialists-therapists-state39","20336786.7958286","61598.24636","state39"
"medical-specialists-therapists-state18","13068392.3029714","42421.62646","state18"
"medical-specialists-therapists-state17","24443502.8857714","81660.66792","state17"
"medical-specialists-therapists-state26","15859936.0875429","51041.60582","state26"
"medical-specialists-therapists-state55","11170909.4196","34116.3518","state55"
"medical-specialists-therapists-state27","9426269.42982857","29860.81382","state27"
"medical-specialists-therapists-state19","4885780.64022857","15536.62348","state19"
"medical-specialists-therapists-state29","9589341.4128","33572.48316","state29"
"medical-specialists-therapists-state38","1672959.9168","5303.46168","state38"
"medical-specialists-therapists-state46","2077063.74068571","6348.2069","state46"
"medical-specialists-therapists-state31","3484692.44571429","10625.75672","state31"
"medical-specialists-therapists-state20","6883184.12245714","20849.63682","state20"
"medical-specialists-therapists-state10","1513542.04971429","5621.94426","state10"
"medical-specialists-therapists-state24","12543156.1786286","39233.59052","state24"
"medical-specialists-therapists-state11","827208.48","2458.5005","state11"
"medical-specialists-therapists-state51","10479211.9510286","36508.0505","state51"
"medical-specialists-therapists-state54","3465031.35428571","11193.29514","state54"
"medical-specialists-therapists-state37","13619191.6673143","46986.02672","state37"
"medical-specialists-therapists-state45","7104638.22994286","24967.91448","state45"
"medical-specialists-therapists-state13","15301297.8082286","51559.4401","state13"
"medical-specialists-therapists-state12","34263163.0741714","114951.2987","state12"
"medical-specialists-therapists-state21","7941409.82571429","24388.92486","state21"
"medical-specialists-therapists-state47","10031763.6437143","31188.43314","state47"
"medical-specialists-therapists-state01","6544379.70737143","21806.8488","state01"
"medical-specialists-therapists-state28","3481561.75371429","11464.28634","state28"
"medical-specialists-therapists-state05","3776663.62045714","12578.36054","state05"
"medical-specialists-therapists-state22","6291522.4368","21497.3568","state22"
"medical-specialists-therapists-state40","3513707.5968","10089.05872","state40"
"medical-specialists-therapists-state48","46458918.4806857","140718.20084","state48"
"medical-specialists-therapists-state30","2275358.05851429","7651.9946","state30"
"medical-specialists-therapists-state16","3166284.69514286","10169.76896","state16"
"medical-specialists-therapists-state56","807226.9824","2608.27082","state56"
"medical-specialists-therapists-state08","9903770.55582857","33722.78864","state08"
"medical-specialists-therapists-state35","2233003.98685714","6773.46516","state35"
"medical-specialists-therapists-state04","13648603.8056571","40891.08292","state04"
"medical-specialists-therapists-state49","5697788.1744","20963.36172","state49"
"medical-specialists-therapists-state32","2753694.8304","8585.67608","state32"
"medical-specialists-therapists-state53","12005419.8917143","43139.56982","state53"
"medical-specialists-therapists-state41","5764994.7216","18715.8979","state41"
"medical-specialists-therapists-state06","46221047.8225714","153136.67868","state06"
"medical-specialists-therapists-state02","1211071.72148571","4082.29292","state02"
"medical-specialists-therapists-state15","1772428.62137143","6018.96972","state15"
"miscellaneous-educational-instructional-state23","3539483.09725714","11099.83284","state23"
"miscellaneous-educational-instructional-state33","2498614.21234286","9340.89338","state33"
"miscellaneous-educational-instructional-state50","1452825.20811429","5123.7886","state50"
"miscellaneous-educational-instructional-state25","15361715.5678286","58945.45164","state25"
"miscellaneous-educational-instructional-state44","2640902.48297143","8317.20302","state44"
"miscellaneous-educational-instructional-state09","7210817.22171429","28742.11434","state09"
"miscellaneous-educational-instructional-state36","34549039.6918286","128476.35108","state36"
"miscellaneous-educational-instructional-state34","16222624.5917143","57741.87764","state34"
"miscellaneous-educational-instructional-state42","18988513.0304571","64728.29302","state42"
"miscellaneous-educational-instructional-state39","17018248.5132","64232.42818","state39"
"miscellaneous-educational-instructional-state18","7803803.64925714","27705.48986","state18"
"miscellaneous-educational-instructional-state17","22163051.3962286","83543.56024","state17"
"miscellaneous-educational-instructional-state26","14649083.8870286","50662.55198","state26"
"miscellaneous-educational-instructional-state55","9623322.98622857","39097.18658","state55"
"miscellaneous-educational-instructional-state27","9064494.08211428","32863.8152","state27"
"miscellaneous-educational-instructional-state19","6319296.23588571","19623.78324","state19"
"miscellaneous-educational-instructional-state29","7634858.66605714","24140.24398","state29"
"miscellaneous-educational-instructional-state38","1394058.73525714","5148.00968","state38"
"miscellaneous-educational-instructional-state46","2022128.10617143","6639.69612","state46"
"miscellaneous-educational-instructional-state31","3885347.00108571","13255.9226","state31"
"miscellaneous-educational-instructional-state20","4179449.44937143","15657.98422","state20"
"miscellaneous-educational-instructional-state10","2548005.40731429","8207.68968","state10"
"miscellaneous-educational-instructional-state24","12998135.1351429","42310.01576","state24"
"miscellaneous-educational-instructional-state11","1504120.64794286","5101.92888","state11"
"miscellaneous-educational-instructional-state51","16876187.3754857","61758.5039","state51"
"miscellaneous-educational-instructional-state54","2472671.17851429","8193.26502","state54"
"miscellaneous-educational-instructional-state37","14686798.4658857","55997.70756","state37"
"miscellaneous-educational-instructional-state45","7178419.01451429","24635.312","state45"
"miscellaneous-educational-instructional-state13","18279370.2082286","63095.00992","state13"
"miscellaneous-educational-instructional-state12","30303922.7869714","103893.94782","state12"
"miscellaneous-educational-instructional-state21","6007455.59914286","19305.89098","state21"
"miscellaneous-educational-instructional-state47","11180317.1134286","36417.19458","state47"
"miscellaneous-educational-instructional-state01","8119245.55337143","25778.2857","state01"
"miscellaneous-educational-instructional-state28","3362814.74571429","10987.69052","state28"
"miscellaneous-educational-instructional-state05","4691931.15051429","15030.08384","state05"
"miscellaneous-educational-instructional-state22","7456857.36771429","25319.51402","state22"
"miscellaneous-educational-instructional-state40","5664233.77628571","18903.15602","state40"
"miscellaneous-educational-instructional-state48","52223957.604","171054.2093","state48"
"miscellaneous-educational-instructional-state30","1171190.91051429","5193.3984","state30"
"miscellaneous-educational-instructional-state16","3336896.622","12441.25996","state16"
"miscellaneous-educational-instructional-state56","1011432.8376","3750.71566","state56"
"miscellaneous-educational-instructional-state08","10974428.2608","40143.26762","state08"
"miscellaneous-educational-instructional-state35","2908428.34131429","10015.74282","state35"
"miscellaneous-educational-instructional-state04","13186617.9891429","43773.37982","state04"
"miscellaneous-educational-instructional-state49","5744824.67742857","25245.11258","state49"
"miscellaneous-educational-instructional-state32","4683360.58525714","17001.91592","state32"
"miscellaneous-educational-instructional-state53","11583529.1823429","44684.45752","state53"
"miscellaneous-educational-instructional-state41","5938150.1148","22843.63334","state41"
"miscellaneous-educational-instructional-state06","55260866.8678286","207289.83492","state06"
"miscellaneous-educational-instructional-state02","1487824.46742857","4575.38186","state02"
"miscellaneous-educational-instructional-state15","2848011.16285714","9197.0568","state15"
"miscellaneous-health-praticioner-non-doctor-or-nurse-state23","5991757.14891429","19334.14336","state23"
"miscellaneous-health-praticioner-non-doctor-or-nurse-state33","3623070.912","12382.00812","state33"
"miscellaneous-health-praticioner-non-doctor-or-nurse-state50","2029106.70771429","6809.9004","state50"
"miscellaneous-health-praticioner-non-doctor-or-nurse-state25","22175100.7623429","74027.91142","state25"
"miscellaneous-health-praticioner-non-doctor-or-nurse-state44","3591479.3448","12847.71112","state44"
"miscellaneous-health-praticioner-non-doctor-or-nurse-state09","13241381.0518286","44471.7399","state09"
"miscellaneous-health-praticioner-non-doctor-or-nurse-state36","61933033.3918286","199623.24004","state36"
"miscellaneous-health-praticioner-non-doctor-or-nurse-state34","26359779.3973714","85752.42344","state34"
"miscellaneous-health-praticioner-non-doctor-or-nurse-state42","54264177.2022857","171677.50708","state42"
"miscellaneous-health-praticioner-non-doctor-or-nurse-state39","42813997.8812571","137530.77918","state39"
"miscellaneous-health-praticioner-non-doctor-or-nurse-state18","20634423.7644","64947.30674","state18"
"miscellaneous-health-praticioner-non-doctor-or-nurse-state17","41124787.2181714","129817.97062","state17"
"miscellaneous-health-praticioner-non-doctor-or-nurse-state26","42839171.1198857","139799.27582","state26"
"miscellaneous-health-praticioner-non-doctor-or-nurse-state55","25763009.9485714","85722.43088","state55"
"miscellaneous-health-praticioner-non-doctor-or-nurse-state27","18826590.1189714","57701.14654","state27"
"miscellaneous-health-praticioner-non-doctor-or-nurse-state19","11406881.6058857","39226.69452","state19"
"miscellaneous-health-praticioner-non-doctor-or-nurse-state29","20215772.0484","65428.34556","state29"
"miscellaneous-health-praticioner-non-doctor-or-nurse-state38","2253508.97297143","7228.74092","state38"
"miscellaneous-health-praticioner-non-doctor-or-nurse-state46","3426301.70742857","11038.4463","state46"
"miscellaneous-health-praticioner-non-doctor-or-nurse-state31","6234759.0816","22125.53038","state31"
"miscellaneous-health-praticioner-non-doctor-or-nurse-state20","12850311.8364","39310.3894","state20"
"miscellaneous-health-praticioner-non-doctor-or-nurse-state10","3564496.3548","11823.51876","state10"
"miscellaneous-health-praticioner-non-doctor-or-nurse-state24","19545822.4350857","58708.31746","state24"
"miscellaneous-health-praticioner-non-doctor-or-nurse-state11","1370582.84811429","4420.3723","state11"
"miscellaneous-health-praticioner-non-doctor-or-nurse-state51","23146656.7006286","83902.90564","state51"
"miscellaneous-health-praticioner-non-doctor-or-nurse-state54","7967495.90365714","24220.64184","state54"
"miscellaneous-health-praticioner-non-doctor-or-nurse-state37","30689982.5122286","101703.5471","state37"
"miscellaneous-health-praticioner-non-doctor-or-nurse-state45","19420491.5530286","61957.19928","state45"
"miscellaneous-health-praticioner-non-doctor-or-nurse-state13","33849543.8062286","106613.08876","state13"
"miscellaneous-health-praticioner-non-doctor-or-nurse-state12","86155340.3004","268398.63866","state12"
"miscellaneous-health-praticioner-non-doctor-or-nurse-state21","12687115.6206857","43669.40718","state21"
"miscellaneous-health-praticioner-non-doctor-or-nurse-state47","25426217.6989714","77987.90402","state47"
"miscellaneous-health-praticioner-non-doctor-or-nurse-state01","19177166.4804","55815.86856","state01"
"miscellaneous-health-praticioner-non-doctor-or-nurse-state28","10086312.6632571","30550.84852","state28"
"miscellaneous-health-praticioner-non-doctor-or-nurse-state05","11577363.0245143","36270.71566","state05"
"miscellaneous-health-praticioner-non-doctor-or-nurse-state22","16293240.4983429","53550.18178","state22"
"miscellaneous-health-praticioner-non-doctor-or-nurse-state40","12411802.968","41521.32912","state40"
"miscellaneous-health-praticioner-non-doctor-or-nurse-state48","98453508.1498286","291792.48742","state48"
"miscellaneous-health-praticioner-non-doctor-or-nurse-state30","5151857.98251429","16465.29886","state30"
"miscellaneous-health-praticioner-non-doctor-or-nurse-state16","8189069.27948571","26191.42098","state16"
"miscellaneous-health-praticioner-non-doctor-or-nurse-state56","1643447.52","5419.01406","state56"
"miscellaneous-health-praticioner-non-doctor-or-nurse-state08","20148767.6201143","68360.57022","state08"
"miscellaneous-health-praticioner-non-doctor-or-nurse-state35","7904991.36565714","24315.52472","state35"
"miscellaneous-health-praticioner-non-doctor-or-nurse-state04","33158681.0592","105766.35858","state04"
"miscellaneous-health-praticioner-non-doctor-or-nurse-state49","10846119.2523429","38067.72794","state49"
"miscellaneous-health-praticioner-non-doctor-or-nurse-state32","10346287.8797143","32592.43916","state32"
"miscellaneous-health-praticioner-non-doctor-or-nurse-state53","29555490.6195429","96160.9095","state53"
"miscellaneous-health-praticioner-non-doctor-or-nurse-state41","17456334.2604","55923.903","state41"
"miscellaneous-health-praticioner-non-doctor-or-nurse-state06","123325249.099029","401558.31344","state06"
"miscellaneous-health-praticioner-non-doctor-or-nurse-state02","2424379.75885714","7133.01498","state02"
"miscellaneous-health-praticioner-non-doctor-or-nurse-state15","5166126.10182857","17546.05768","state15"
"nurses-state23","5726748.80588571","19800.28466","state23"
"nurses-state33","5558850.084","19055.2731","state33"
"nurses-state50","2768452.82571429","9050.79998","state50"
"nurses-state25","32403176.3988","102797.00904","state25"
"nurses-state44","3418160.90742857","11358.27656","state44"
"nurses-state09","14344674.4045714","47770.42488","state09"
"nurses-state36","80710200.0342857","247112.06904","state36"
"nurses-state34","42726969.5902286","132363.16882","state34"
"nurses-state42","62359153.0311429","199667.35356","state42"
"nurses-state39","46484087.1521143","147614.03914","state39"
"nurses-state18","27255114.7450286","88673.32416","state18"
"nurses-state17","44478286.0261714","142465.73832","state17"
"nurses-state26","37911641.8141714","121146.44032","state26"
"nurses-state55","22286753.7192","71101.11276","state55"
"nurses-state27","30221231.7041143","105896.66912","state27"
"nurses-state19","12254398.0551429","40834.06858","state19"
"nurses-state29","28213605.1224","85560.4951","state29"
"nurses-state38","3360900.55405714","11185.8397","state38"
"nurses-state46","5350752.84325714","18155.6892","state46"
"nurses-state31","8552623.29051429","28476.65772","state31"
"nurses-state20","12277824.3445714","41917.69474","state20"
"nurses-state10","4787859.58628571","15421.39474","state10"
"nurses-state24","21371304.9968571","70525.96774","state24"
"nurses-state11","1101241.63405714","3314.67552","state11"
"nurses-state51","29561157.7969714","96055.97764","state51"
"nurses-state54","8456473.9584","25406.63546","state54"
"nurses-state37","40966617.2199429","133220.44228","state37"
"nurses-state45","23007615.3006857","76122.48016","state45"
"nurses-state13","41700542.8241143","129584.8907","state13"
"nurses-state12","97914087.0574286","303066.55518","state12"
"nurses-state21","18527725.5068571","58644.63908","state21"
"nurses-state47","33657770.2635429","106563.0842","state47"
"nurses-state01","22129180.0038857","68587.16334","state01"
"nurses-state28","13818854.8762286","42559.9338","state28"
"nurses-state05","16201845.9231429","49303.89584","state05"
"nurses-state22","22823486.2460571","69780.4819","state22"
"nurses-state40","16303141.0110857","53038.77784","state40"
"nurses-state48","105819120.7884","321662.43532","state48"
"nurses-state30","3535727.43977143","13009.14514","state30"
"nurses-state16","7421026.35771429","23678.12604","state16"
"nurses-state56","2139333.24325714","6417.5055","state56"
"nurses-state08","19277043.4582286","64970.55806","state08"
"nurses-state35","6112769.04085714","18164.6547","state35"
"nurses-state04","22660712.7246857","74038.50778","state04"
"nurses-state49","9748359.80845714","31810.8218","state49"
"nurses-state32","9327221.23748571","28160.92676","state32"
"nurses-state53","23216857.8332571","80704.43998","state53"
"nurses-state41","14281517.5124571","50229.25994","state41"
"nurses-state06","133568224.038686","419211.2129","state06"
"nurses-state02","2328793.5336","7057.8531","state02"
"nurses-state15","4098158.99657143","13380.93144","state15"
"nursing-psychiatric-and-home-health-aides-state23","2836777.5288","9594.85978","state23"
"nursing-psychiatric-and-home-health-aides-state33","2173512.82148571","8913.7148","state33"
"nursing-psychiatric-and-home-health-aides-state50","1115406.62245714","3971.26078","state50"
"nursing-psychiatric-and-home-health-aides-state25","13230303.5796","44208.22988","state25"
"nursing-psychiatric-and-home-health-aides-state44","2483469.46337143","9649.51684","state44"
"nursing-psychiatric-and-home-health-aides-state09","9332829.25748571","30580.77336","state09"
"nursing-psychiatric-and-home-health-aides-state36","84514212.3977143","289305.52276","state36"
"nursing-psychiatric-and-home-health-aides-state34","20665069.2495429","66027.75688","state34"
"nursing-psychiatric-and-home-health-aides-state42","28913148.0485143","97124.48132","state42"
"nursing-psychiatric-and-home-health-aides-state39","24654333.6591429","88743.52054","state39"
"nursing-psychiatric-and-home-health-aides-state18","11018261.9982857","34382.51652","state18"
"nursing-psychiatric-and-home-health-aides-state17","18464430.4448571","64179.52334","state17"
"nursing-psychiatric-and-home-health-aides-state26","16273307.0756571","60877.77284","state26"
"nursing-psychiatric-and-home-health-aides-state55","7543255.13005714","28231.32316","state55"
"nursing-psychiatric-and-home-health-aides-state27","11892130.6398857","43755.39682","state27"
"nursing-psychiatric-and-home-health-aides-state19","6795806.21022857","24988.84874","state19"
"nursing-psychiatric-and-home-health-aides-state29","13485459.6099429","49694.50284","state29"
"nursing-psychiatric-and-home-health-aides-state38","1406584.92154286","5298.35484","state38"
"nursing-psychiatric-and-home-health-aides-state46","1392215.84708571","5334.01518","state46"
"nursing-psychiatric-and-home-health-aides-state31","4204475.094","14840.939","state31"
"nursing-psychiatric-and-home-health-aides-state20","7179172.02771429","24086.93976","state20"
"nursing-psychiatric-and-home-health-aides-state10","2028300.90462857","8383.21966","state10"
"nursing-psychiatric-and-home-health-aides-state24","9965508.19954286","29765.35936","state24"
"nursing-psychiatric-and-home-health-aides-state11","856696.824685714","2665.88838","state11"
"nursing-psychiatric-and-home-health-aides-state51","11372238.3341143","37273.84878","state51"
"nursing-psychiatric-and-home-health-aides-state54","2756220.01337143","9516.03448","state54"
"nursing-psychiatric-and-home-health-aides-state37","18750465.7416","70180.54352","state37"
"nursing-psychiatric-and-home-health-aides-state45","9974787.70388571","34193.10714","state45"
"nursing-psychiatric-and-home-health-aides-state13","14569662.3145714","45573.6406","state13"
"nursing-psychiatric-and-home-health-aides-state12","41318262.0421714","136214.13748","state12"
"nursing-psychiatric-and-home-health-aides-state21","10290379.6333714","33995.55464","state21"
"nursing-psychiatric-and-home-health-aides-state47","8616676.76948571","29861.0665","state47"
"nursing-psychiatric-and-home-health-aides-state01","5854045.2","18571.97462","state01"
"nursing-psychiatric-and-home-health-aides-state28","4814063.71542857","16362.86174","state28"
"nursing-psychiatric-and-home-health-aides-state05","6766760.04102857","23716.5621","state05"
"nursing-psychiatric-and-home-health-aides-state22","9268342.4892","29977.1331","state22"
"nursing-psychiatric-and-home-health-aides-state40","6941279.32371429","23524.93284","state40"
"nursing-psychiatric-and-home-health-aides-state48","38545254.2110286","129866.01818","state48"
"nursing-psychiatric-and-home-health-aides-state30","1356608.23491429","5005.74236","state30"
"nursing-psychiatric-and-home-health-aides-state16","1919641.83702857","7618.70806","state16"
"nursing-psychiatric-and-home-health-aides-state56","814422.900171429","3092.93108","state56"
"nursing-psychiatric-and-home-health-aides-state08","9024422.13582857","29503.42738","state08"
"nursing-psychiatric-and-home-health-aides-state35","3554554.93097143","11225.8041","state35"
"nursing-psychiatric-and-home-health-aides-state04","5991227.5416","19521.3557","state04"
"nursing-psychiatric-and-home-health-aides-state49","2693703.64182857","10740.38702","state49"
"nursing-psychiatric-and-home-health-aides-state32","2039299.82194286","6792.84238","state32"
"nursing-psychiatric-and-home-health-aides-state53","10912693.9388571","39100.75208","state53"
"nursing-psychiatric-and-home-health-aides-state41","4596993.36702857","16475.28722","state41"
"nursing-psychiatric-and-home-health-aides-state06","41263619.7816","135875.35604","state06"
"nursing-psychiatric-and-home-health-aides-state02","1102034.0808","3483.72118","state02"
"nursing-psychiatric-and-home-health-aides-state15","1669676.02491429","5190.7066","state15"
"personal-care-aides-state23","2533989.31937143","8486.22528","state23"
"personal-care-aides-state33","1737109.56685714","4914.25532","state33"
"personal-care-aides-state50","1090572.20588571","2947.80064","state50"
"personal-care-aides-state25","9374243.47474286","32849.77964","state25"
"personal-care-aides-state44","1881687.88937143","6395.4199","state44"
"personal-care-aides-state09","4712245.87971429","20616.32472","state09"
"personal-care-aides-state36","30242569.7849143","99615.50058","state36"
"personal-care-aides-state34","9098214.10234286","29944.68706","state34"
"personal-care-aides-state42","21900555.0277714","69751.645","state42"
"personal-care-aides-state39","12258798.2955429","39238.65284","state39"
"personal-care-aides-state18","5109932.45314286","17627.69752","state18"
"personal-care-aides-state17","18066018.9716571","64480.00744","state17"
"personal-care-aides-state26","10443688.9266857","41043.43584","state26"
"personal-care-aides-state55","10180117.1158286","37230.28184","state55"
"personal-care-aides-state27","14006792.6622857","46735.22226","state27"
"personal-care-aides-state19","4110039.44725714","14166.9165","state19"
"personal-care-aides-state29","4483475.32422857","16805.1734","state29"
"personal-care-aides-state38","966761.898","3357.21104","state38"
"personal-care-aides-state46","969339.750857143","3043.3921","state46"
"personal-care-aides-state31","1310521.49417143","5109.10484","state31"
"personal-care-aides-state20","3147575.05131429","8569.58848","state20"
"personal-care-aides-state10","1444930.85228571","4682.06616","state10"
"personal-care-aides-state24","6312282.4032","21950.80608","state24"
"personal-care-aides-state11","482184.094285714","1534.87688","state11"
"personal-care-aides-state51","9221415.56828571","29210.538","state51"
"personal-care-aides-state54","3163279.7304","10230.79686","state54"
"personal-care-aides-state37","8203699.24371429","28556.07372","state37"
"personal-care-aides-state45","3750794.85017143","14311.57018","state45"
"personal-care-aides-state13","6445079.92114286","22781.3886","state13"
"personal-care-aides-state12","12228229.5757714","44370.1794","state12"
"personal-care-aides-state21","3514623.11142857","12172.92322","state21"
"personal-care-aides-state47","5615209.42817143","21179.0936","state47"
"personal-care-aides-state01","3147055.99902857","10588.39568","state01"
"personal-care-aides-state28","3966935.11834286","12176.55386","state28"
"personal-care-aides-state05","3310070.07891429","12443.45578","state05"
"personal-care-aides-state22","6095042.16634286","21433.49858","state22"
"personal-care-aides-state40","4049296.83342857","13048.46648","state40"
"personal-care-aides-state48","29635172.5496571","106966.28118","state48"
"personal-care-aides-state30","976238.258742857","3900.72672","state30"
"personal-care-aides-state16","2644751.8188","9175.69318","state16"
"personal-care-aides-state56","774519.148971429","2342.7227","state56"
"personal-care-aides-state08","5926564.57457143","19702.06372","state08"
"personal-care-aides-state35","5961335.05474286","20729.94654","state35"
"personal-care-aides-state04","11285087.6547429","40448.99078","state04"
"personal-care-aides-state49","1845031.10622857","6644.72846","state49"
"personal-care-aides-state32","2235346.97228571","7329.45432","state32"
"personal-care-aides-state53","17211844.8752571","62336.41888","state53"
"personal-care-aides-state41","14138068.4886857","54544.42736","state41"
"personal-care-aides-state06","106655408.1504","376889.88262","state06"
"personal-care-aides-state02","1255455.84874286","4047.34664","state02"
"personal-care-aides-state15","2131208.72794286","6584.32612","state15"
"physicians-and-surgeons-state23","2105306.904","4786.1755","state23"
"physicians-and-surgeons-state33","2753801.50508571","7756.10346","state33"
"physicians-and-surgeons-state50","1282795.1664","3361.0365","state50"
"physicians-and-surgeons-state25","13958280.3924","35123.09442","state25"
"physicians-and-surgeons-state44","2784545.352","8565.13314","state44"
"physicians-and-surgeons-state09","4142880.19714286","12106.43188","state09"
"physicians-and-surgeons-state36","29408142.0929143","69764.25736","state36"
"physicians-and-surgeons-state34","13657745.9737714","39597.47276","state34"
"physicians-and-surgeons-state42","24725461.8557143","57199.68478","state42"
"physicians-and-surgeons-state39","14317808.8025143","40989.55254","state39"
"physicians-and-surgeons-state18","7842815.35885714","16882.05922","state18"
"physicians-and-surgeons-state17","14575518.5091429","33227.87758","state17"
"physicians-and-surgeons-state26","15859127.2066286","35824.1761","state26"
"physicians-and-surgeons-state55","7994538.94714286","19768.8922","state55"
"physicians-and-surgeons-state27","5222436.12377143","12374.8212","state27"
"physicians-and-surgeons-state19","4154194.20531429","9547.5252","state19"
"physicians-and-surgeons-state29","4975501.14068571","10674.036","state29"
"physicians-and-surgeons-state38","549984.698571429","1415.00416","state38"
"physicians-and-surgeons-state46","698871.980571429","1637.78386","state46"
"physicians-and-surgeons-state31","2345789.17371429","6820.51664","state31"
"physicians-and-surgeons-state20","3645979.43228571","9743.39942","state20"
"physicians-and-surgeons-state10","538941.898285714","2174.76626","state10"
"physicians-and-surgeons-state24","6332091.10628571","16782.07922","state24"
"physicians-and-surgeons-state11","1458611.58342857","3489.32846","state11"
"physicians-and-surgeons-state51","8345630.74114286","21320.87368","state51"
"physicians-and-surgeons-state54","1120344.51788571","2998.31546","state54"
"physicians-and-surgeons-state37","9310444.69457143","27526.4583","state37"
"physicians-and-surgeons-state45","4603537.82537143","12160.4696","state45"
"physicians-and-surgeons-state13","9136792.4436","22954.8347","state13"
"physicians-and-surgeons-state12","24230210.6804571","64701.1572","state12"
"physicians-and-surgeons-state21","3503358.93514286","11718.72936","state21"
"physicians-and-surgeons-state47","9318851.68457143","20162.09424","state47"
"physicians-and-surgeons-state01","3330256.09028571","9097.78134","state01"
"physicians-and-surgeons-state28","1728242.49942857","4434.91788","state28"
"physicians-and-surgeons-state05","2436169.73914286","6089.12162","state05"
"physicians-and-surgeons-state22","4265964.67371429","11430.87868","state22"
"physicians-and-surgeons-state40","3948262.752","10107.53614","state40"
"physicians-and-surgeons-state48","20628329.1421714","54842.4905","state48"
"physicians-and-surgeons-state30","823269.394285714","3067.07938","state30"
"physicians-and-surgeons-state16","1451459.21794286","4547.1347","state16"
"physicians-and-surgeons-state56","453388.978285714","1292.63402","state56"
"physicians-and-surgeons-state08","5926648.71857143","13787.98746","state08"
"physicians-and-surgeons-state35","1768167.348","4597.77122","state35"
"physicians-and-surgeons-state04","11099847.1597714","28522.6336","state04"
"physicians-and-surgeons-state49","5101048.89942857","11434.57026","state49"
"physicians-and-surgeons-state32","2668332.24411429","7830.68686","state32"
"physicians-and-surgeons-state53","7869884.73702857","19757.08874","state53"
"physicians-and-surgeons-state41","4828669.21217143","14275.8273","state41"
"physicians-and-surgeons-state06","40454737.9066286","104814.95892","state06"
"physicians-and-surgeons-state02","920825.7288","2582.11354","state02"
"physicians-and-surgeons-state15","1049794.85142857","3760.26574","state15"
"postsecondary-teachers-state23","2023461.77005714","7112.76064","state23"
"postsecondary-teachers-state33","1032424.17257143","3773.92914","state33"
"postsecondary-teachers-state50","1484399.98834286","4517.08828","state50"
"postsecondary-teachers-state25","14600386.7213143","47472.5673","state25"
"postsecondary-teachers-state44","2223414.73097143","6900.79822","state44"
"postsecondary-teachers-state09","3190604.51674286","11034.94136","state09"
"postsecondary-teachers-state36","25631257.3587429","85471.06734","state36"
"postsecondary-teachers-state34","9826338.36685714","29288.18564","state34"
"postsecondary-teachers-state42","17191496.5342286","48020.61984","state42"
"postsecondary-teachers-state39","13047081.7649143","39074.09892","state39"
"postsecondary-teachers-state18","8901284.67771429","24497.34852","state18"
"postsecondary-teachers-state17","16553002.0635429","50863.53322","state17"
"postsecondary-teachers-state26","10428393.1488","28606.51686","state26"
"postsecondary-teachers-state55","7217203.96114286","22563.72714","state55"
"postsecondary-teachers-state27","5929430.0568","18469.54444","state27"
"postsecondary-teachers-state19","3944083.26634286","13538.13738","state19"
"postsecondary-teachers-state29","7116093.45257143","21630.50976","state29"
"postsecondary-teachers-state38","1027969.25142857","2757.94144","state38"
"postsecondary-teachers-state46","415732.994571429","1592.92258","state46"
"postsecondary-teachers-state31","2515642.71702857","8129.43436","state31"
"postsecondary-teachers-state20","3034061.55428571","8934.1344","state20"
"postsecondary-teachers-state10","956971.395428571","2821.00378","state10"
"postsecondary-teachers-state24","11924778.7530857","35154.93562","state24"
"postsecondary-teachers-state11","1877413.81542857","5509.54866","state11"
"postsecondary-teachers-state51","10680076.884","32178.73058","state51"
"postsecondary-teachers-state54","1735981.70828571","5150.9818","state54"
"postsecondary-teachers-state37","10349540.4769714","36068.89376","state37"
"postsecondary-teachers-state45","4452712.87388571","14386.69766","state45"
"postsecondary-teachers-state13","13650065.1377143","34932.01568","state13"
"postsecondary-teachers-state12","11868475.3913143","40854.77274","state12"
"postsecondary-teachers-state21","3522217.12868571","9052.58752","state21"
"postsecondary-teachers-state47","10996917.0137143","36075.83116","state47"
"postsecondary-teachers-state01","5884217.41354286","16936.75248","state01"
"postsecondary-teachers-state28","2331453.45205714","8662.81656","state28"
"postsecondary-teachers-state05","2555736.88748571","8472.70918","state05"
"postsecondary-teachers-state22","4859803.10725714","15272.73702","state22"
"postsecondary-teachers-state40","1908666.30428571","7751.08862","state40"
"postsecondary-teachers-state48","19792097.7522857","64531.83108","state48"
"postsecondary-teachers-state30","1097557.76965714","3630.81642","state30"
"postsecondary-teachers-state16","2143975.85794286","7534.07292","state16"
"postsecondary-teachers-state56","355856.198571429","1192.30942","state56"
"postsecondary-teachers-state08","6150965.48485714","18497.57744","state08"
"postsecondary-teachers-state35","2544697.13211429","8460.93358","state35"
"postsecondary-teachers-state04","8664423.65468571","26556.02082","state04"
"postsecondary-teachers-state49","3356986.78251429","11159.66464","state49"
"postsecondary-teachers-state32","2218058.59971429","6899.58728","state32"
"postsecondary-teachers-state53","7185196.55142857","20936.34676","state53"
"postsecondary-teachers-state41","4801272.43628571","15823.60218","state41"
"postsecondary-teachers-state06","36852959.2354286","121015.7919","state06"
"postsecondary-teachers-state02","496524.188571429","1397.15688","state02"
"postsecondary-teachers-state15","1970462.58514286","6138.64374","state15"
"preschool-and-kindergarten-teachers-state23","1256071.776","4063.67662","state23"
"preschool-and-kindergarten-teachers-state33","1411218.55748571","4158.95946","state33"
"preschool-and-kindergarten-teachers-state50","737517.613714286","2013.83292","state50"
"preschool-and-kindergarten-teachers-state25","5475007.5048","18536.42944","state25"
"preschool-and-kindergarten-teachers-state44","803901.646285714","2418.80504","state44"
"preschool-and-kindergarten-teachers-state09","3960751.89737143","13609.54436","state09"
"preschool-and-kindergarten-teachers-state36","10403996.3154857","31646.68574","state36"
"preschool-and-kindergarten-teachers-state34","6128240.28548571","19258.99494","state34"
"preschool-and-kindergarten-teachers-state42","6999084.84","23417.18376","state42"
"preschool-and-kindergarten-teachers-state39","7840398.42651429","24929.7214","state39"
"preschool-and-kindergarten-teachers-state18","4505382.61045714","14002.95672","state18"
"preschool-and-kindergarten-teachers-state17","5009684.87708571","16852.69314","state17"
"preschool-and-kindergarten-teachers-state26","6766238.9256","21702.63346","state26"
"preschool-and-kindergarten-teachers-state55","4181571.00034286","12405.51078","state55"
"preschool-and-kindergarten-teachers-state27","3539262.74057143","9810.74516","state27"
"preschool-and-kindergarten-teachers-state19","1554408.90582857","4390.04396","state19"
"preschool-and-kindergarten-teachers-state29","3979111.08257143","13118.74492","state29"
"preschool-and-kindergarten-teachers-state38","843102.615257143","2589.41974","state38"
"preschool-and-kindergarten-teachers-state46","764816.795142857","2394.0819","state46"
"preschool-and-kindergarten-teachers-state31","1682906.50645714","6043.49492","state31"
"preschool-and-kindergarten-teachers-state20","2551618.94468571","7971.8447","state20"
"preschool-and-kindergarten-teachers-state10","735703.596685714","2422.92222","state10"
"preschool-and-kindergarten-teachers-state24","5899445.544","18153.78052","state24"
"preschool-and-kindergarten-teachers-state11","444896.871428571","1349.18308","state11"
"preschool-and-kindergarten-teachers-state51","6222740.12691429","20502.82126","state51"
"preschool-and-kindergarten-teachers-state54","1002002.87177143","3317.51076","state54"
"preschool-and-kindergarten-teachers-state37","6136663.31314286","19888.84178","state37"
"preschool-and-kindergarten-teachers-state45","3565173.76251429","11711.80454","state45"
"preschool-and-kindergarten-teachers-state13","6511135.00165714","21740.18548","state13"
"preschool-and-kindergarten-teachers-state12","12067971.5917714","37459.91088","state12"
"preschool-and-kindergarten-teachers-state21","3426936.726","11457.20172","state21"
"preschool-and-kindergarten-teachers-state47","3848133.89657143","13188.94956","state47"
"preschool-and-kindergarten-teachers-state01","4284473.31531429","13620.29528","state01"
"preschool-and-kindergarten-teachers-state28","2331509.60314286","7267.71096","state28"
"preschool-and-kindergarten-teachers-state05","2756586.34508571","8463.39568","state05"
"preschool-and-kindergarten-teachers-state22","3817220.55651429","13345.74402","state22"
"preschool-and-kindergarten-teachers-state40","2561551.24045714","8794.2412","state40"
"preschool-and-kindergarten-teachers-state48","18061205.3804571","60120.47168","state48"
"preschool-and-kindergarten-teachers-state30","462455.976","1650.1586","state30"
"preschool-and-kindergarten-teachers-state16","1041138.37714286","3387.92342","state16"
"preschool-and-kindergarten-teachers-state56","399313.505314286","1351.93708","state56"
"preschool-and-kindergarten-teachers-state08","4148954.33742857","14143.45826","state08"
"preschool-and-kindergarten-teachers-state35","1464752.59285714","4308.4911","state35"
"preschool-and-kindergarten-teachers-state04","1600454.59062857","5178.64076","state04"
"preschool-and-kindergarten-teachers-state49","1759539.9948","6352.16102","state49"
"preschool-and-kindergarten-teachers-state32","2163135.85714286","6182.85854","state32"
"preschool-and-kindergarten-teachers-state53","6016801.704","20641.45206","state53"
"preschool-and-kindergarten-teachers-state41","2087741.652","6448.27188","state41"
"preschool-and-kindergarten-teachers-state06","18072951.1054286","56698.67984","state06"
"preschool-and-kindergarten-teachers-state02","444695.009142857","1506.99806","state02"
"preschool-and-kindergarten-teachers-state15","402053.410285714","1673.87174","state15"
"secondary-school-teachers-state23","2076815.67771429","5769.65486","state23"
"secondary-school-teachers-state33","2207806.95754286","6263.10102","state33"
"secondary-school-teachers-state50","1566124.58622857","4298.0937","state50"
"secondary-school-teachers-state25","14400336.8892","42798.03534","state25"
"secondary-school-teachers-state44","1243505.10085714","4159.3933","state44"
"secondary-school-teachers-state09","5260968.46371429","17849.28492","state09"
"secondary-school-teachers-state36","21713212.6884","66757.09502","state36"
"secondary-school-teachers-state34","14108763.3701143","39716.90096","state34"
"secondary-school-teachers-state42","14862810.1033714","41808.42438","state42"
"secondary-school-teachers-state39","15103909.5994286","41642.87406","state39"
"secondary-school-teachers-state18","5349840.51805714","15567.9544","state18"
"secondary-school-teachers-state17","12738612.1225714","37371.87982","state17"
"secondary-school-teachers-state26","8885556.93394286","26419.28014","state26"
"secondary-school-teachers-state55","7484275.13828571","20109.17258","state55"
"secondary-school-teachers-state27","5579178.17657143","15721.34608","state27"
"secondary-school-teachers-state19","3478180.68085714","9601.47116","state19"
"secondary-school-teachers-state29","6687587.8788","18267.74844","state29"
"secondary-school-teachers-state38","674857.389428571","1965.58122","state38"
"secondary-school-teachers-state46","836429.924571429","2635.91358","state46"
"secondary-school-teachers-state31","2561414.03314286","8369.03166","state31"
"secondary-school-teachers-state20","3284085.58251429","9136.77582","state20"
"secondary-school-teachers-state10","1429392.25474286","4917.71482","state10"
"secondary-school-teachers-state24","6241551.33771429","18391.38426","state24"
"secondary-school-teachers-state11","677315.646","1962.9445","state11"
"secondary-school-teachers-state51","8277726.15257143","24001.93666","state51"
"secondary-school-teachers-state54","1440907.15114286","4091.0523","state54"
"secondary-school-teachers-state37","6319148.5824","21272.11798","state37"
"secondary-school-teachers-state45","5776722.92537143","17383.01434","state45"
"secondary-school-teachers-state13","5345349.59742857","13965.56838","state13"
"secondary-school-teachers-state12","16884329.0883429","47661.48142","state12"
"secondary-school-teachers-state21","3215303.67428571","9295.2002","state21"
"secondary-school-teachers-state47","9388060.9224","26587.58372","state47"
"secondary-school-teachers-state01","4064716.28657143","10856.01228","state01"
"secondary-school-teachers-state28","4277760.29657143","12027.8969","state28"
"secondary-school-teachers-state05","2252960.352","5914.25028","state05"
"secondary-school-teachers-state22","4359103.69114286","13316.27956","state22"
"secondary-school-teachers-state40","3473004.28714286","11492.51886","state40"
"secondary-school-teachers-state48","37185548.1197143","102613.28806","state48"
"secondary-school-teachers-state30","826828.385142857","2778.95972","state30"
"secondary-school-teachers-state16","1218268.72457143","4623.8855","state16"
"secondary-school-teachers-state56","1218754.50291429","3412.49606","state56"
"secondary-school-teachers-state08","4551946.13914286","13188.34964","state08"
"secondary-school-teachers-state35","1764986.38371429","5104.79228","state35"
"secondary-school-teachers-state04","4090400.352","11601.44586","state04"
"secondary-school-teachers-state49","4036516.40914286","12301.5919","state49"
"secondary-school-teachers-state32","1737562.79657143","4861.60754","state32"
"secondary-school-teachers-state53","8757379.14857143","24595.60418","state53"
"secondary-school-teachers-state41","4743641.43085714","13679.19864","state41"
"secondary-school-teachers-state06","24940550.0182286","72791.84594","state06"
"secondary-school-teachers-state02","559785.440571429","1510.87666","state02"
"secondary-school-teachers-state15","1083096.62605714","3300.51516","state15"
"social-workers-state23","4752358.85622857","14214.43588","state23"
"social-workers-state33","2085189.88148571","6814.69918","state33"
"social-workers-state50","1718388.48942857","5188.90708","state50"
"social-workers-state25","19403211.0769714","56703.88646","state25"
"social-workers-state44","2329298.00828571","7473.93582","state44"
"social-workers-state09","7222767.7644","21551.10872","state09"
"social-workers-state36","47297333.6214857","139703.2242","state36"
"social-workers-state34","11740332.6430286","32956.1398","state34"
"social-workers-state42","27322918.842","79817.12694","state42"
"social-workers-state39","22768818.1460571","70198.18584","state39"
"social-workers-state18","7830926.66228571","23604.54398","state18"
"social-workers-state17","23763248.6866286","69579.93574","state17"
"social-workers-state26","14205784.4019429","46661.57508","state26"
"social-workers-state55","9604033.86874286","28316.2874","state55"
"social-workers-state27","13433764.6422857","38598.15272","state27"
"social-workers-state19","6275825.38525714","19019.43162","state19"
"social-workers-state29","9046363.05771429","27563.7321","state29"
"social-workers-state38","1779654.7236","5416.30578","state38"
"social-workers-state46","1331210.83885714","4462.42006","state46"
"social-workers-state31","4688777.17782857","14270.84916","state31"
"social-workers-state20","7510721.67308571","22815.9674","state20"
"social-workers-state10","1968213.63771429","6008.98134","state10"
"social-workers-state24","11819250.8494286","35124.80798","state24"
"social-workers-state11","4212551.14714286","11833.67118","state11"
"social-workers-state51","17132332.1017714","53298.2027","state51"
"social-workers-state54","2992765.09302857","9131.19616","state54"
"social-workers-state37","15811279.4482286","49750.26238","state37"
"social-workers-state45","6824022.88954286","19104.65404","state45"
"social-workers-state13","10031175.3051429","32982.60476","state13"
"social-workers-state12","21866819.8397143","64805.58298","state12"
"social-workers-state21","5534136.8832","17243.50246","state21"
"social-workers-state47","9874314.19868571","29973.39426","state47"
"social-workers-state01","6441164.62457143","19108.6706","state01"
"social-workers-state28","3530938.50857143","10225.4934","state28"
"social-workers-state05","2867045.42571429","8771.7004","state05"
"social-workers-state22","4775848.74617143","15089.28088","state22"
"social-workers-state40","5114359.54714286","15785.05508","state40"
"social-workers-state48","31681820.2774286","93623.59686","state48"
"social-workers-state30","1840040.80628571","5883.79644","state30"
"social-workers-state16","2577599.42554286","9444.84524","state16"
"social-workers-state56","1092516.20571429","3351.70412","state56"
"social-workers-state08","11751861.4731429","38166.18238","state08"
"social-workers-state35","3620272.71171429","10903.35654","state35"
"social-workers-state04","10117584.6788571","29978.28584","state04"
"social-workers-state49","3202944.408","10182.22488","state49"
"social-workers-state32","5340415.49485714","16992.43756","state32"
"social-workers-state53","11040374.3046857","33954.09838","state53"
"social-workers-state41","9445644.58594286","29781.9198","state41"
"social-workers-state06","63343505.6643429","186459.43684","state06"
"social-workers-state02","2224296.85525714","6918.45196","state02"
"social-workers-state15","2601879.76731429","7563.97268","state15"
"teacher-assistants-state23","1362876.73542857","5095.50286","state23"
"teacher-assistants-state33","2271927.17914286","8226.0768","state33"
"teacher-assistants-state50","1016987.81297143","3405.67086","state50"
"teacher-assistants-state25","10897470.3670286","42350.70214","state25"
"teacher-assistants-state44","1181701.26411429","4342.27514","state44"
"teacher-assistants-state09","5217613.25485714","16985.33216","state09"
"teacher-assistants-state36","42194256.0324","140370.45696","state36"
"teacher-assistants-state34","13436396.6657143","45875.6183","state34"
"teacher-assistants-state42","15642132.1671429","56254.57938","state42"
"teacher-assistants-state39","13728098.5443429","50741.05794","state39"
"teacher-assistants-state18","8526367.34914286","30553.9031","state18"
"teacher-assistants-state17","20424525.9130286","77289.51036","state17"
"teacher-assistants-state26","9669197.17782857","34464.38966","state26"
"teacher-assistants-state55","6410977.73485714","24216.25166","state55"
"teacher-assistants-state27","6306602.17525714","23892.30738","state27"
"teacher-assistants-state19","5562051.80588571","21094.56482","state19"
"teacher-assistants-state29","7042192.42182857","23721.81856","state29"
"teacher-assistants-state38","1278491.53782857","4789.19282","state38"
"teacher-assistants-state46","873554.624914286","3123.27922","state46"
"teacher-assistants-state31","3623897.55737143","14486.56934","state31"
"teacher-assistants-state20","5717193.60462857","19743.84588","state20"
"teacher-assistants-state10","1040984.96177143","3422.63344","state10"
"teacher-assistants-state24","12253172.6916","42023.3772","state24"
"teacher-assistants-state11","568991.660914286","2501.34444","state11"
"teacher-assistants-state51","11478536.1372","41475.85446","state51"
"teacher-assistants-state54","2082037.23428571","6996.30018","state54"
"teacher-assistants-state37","8922100.38582857","30511.43154","state37"
"teacher-assistants-state45","4654922.73771429","16256.02894","state45"
"teacher-assistants-state13","12847363.6501714","44045.02974","state13"
"teacher-assistants-state12","16304403.6702857","56831.1343","state12"
"teacher-assistants-state21","2635632.83708571","10692.00072","state21"
"teacher-assistants-state47","6888708.53142857","22190.3172","state47"
"teacher-assistants-state01","2988287.79737143","10052.61104","state01"
"teacher-assistants-state28","3010401.1296","9029.72978","state28"
"teacher-assistants-state05","2574675.78274286","9116.9902","state05"
"teacher-assistants-state22","3973137.64165714","16127.58642","state22"
"teacher-assistants-state40","5549683.79554286","18618.68672","state40"
"teacher-assistants-state48","30411551.8640571","107077.77614","state48"
"teacher-assistants-state30","1185313.44857143","4806.92834","state30"
"teacher-assistants-state16","2121097.70948571","8787.16046","state16"
"teacher-assistants-state56","1218013.70862857","4070.93634","state56"
"teacher-assistants-state08","8970772.49382857","31785.72698","state08"
"teacher-assistants-state35","3099635.40188571","10458.03762","state35"
"teacher-assistants-state04","7640640.53742857","27195.1402","state04"
"teacher-assistants-state49","4222490.19617143","21008.42512","state49"
"teacher-assistants-state32","3177475.53514286","11440.1347","state32"
"teacher-assistants-state53","11638817.2350857","41160.26418","state53"
"teacher-assistants-state41","6442615.06405714","25844.55572","state41"
"teacher-assistants-state06","44790055.2041143","169333.04872","state06"
"teacher-assistants-state02","1292913.81668571","3988.18938","state02"
"teacher-assistants-state15","2174528.42862857","7627.33024","state15"
"waiters-and-waitresses-state23","2373578.04051429","11239.59556","state23"
"waiters-and-waitresses-state33","1983169.60131429","7965.47752","state33"
"waiters-and-waitresses-state50","658561.095085714","3466.62864","state50"
"waiters-and-waitresses-state25","12978589.9983429","54962.28934","state25"
"waiters-and-waitresses-state44","2545121.45931429","9876.89708","state44"
"waiters-and-waitresses-state09","4451482.09114286","24156.74308","state09"
"waiters-and-waitresses-state36","36669134.9297143","139671.7956","state36"
"waiters-and-waitresses-state34","12558006.3313714","51451.58786","state34"
"waiters-and-waitresses-state42","19950449.3564571","96931.13058","state42"
"waiters-and-waitresses-state39","17724430.1754857","90360.49124","state39"
"waiters-and-waitresses-state18","14103982.7895429","52932.52748","state18"
"waiters-and-waitresses-state17","16766733.8909143","77742.8734","state17"
"waiters-and-waitresses-state26","16197035.0718857","71992.72766","state26"
"waiters-and-waitresses-state55","8493130.69148571","36084.03248","state55"
"waiters-and-waitresses-state27","6718604.4156","33480.95366","state27"
"waiters-and-waitresses-state19","2339132.68422857","14261.51034","state19"
"waiters-and-waitresses-state29","9212200.83805714","36082.3801","state29"
"waiters-and-waitresses-state38","729791.930914286","4162.72676","state38"
"waiters-and-waitresses-state46","1362912.14468571","5761.93128","state46"
"waiters-and-waitresses-state31","2907856.25057143","14041.72014","state31"
"waiters-and-waitresses-state20","4141468.58897143","21382.12258","state20"
"waiters-and-waitresses-state10","1245148.11514286","6524.04728","state10"
"waiters-and-waitresses-state24","7093252.47257143","29573.7126","state24"
"waiters-and-waitresses-state11","1158342.22045714","4503.30402","state11"
"waiters-and-waitresses-state51","14517211.6856571","66339.92466","state51"
"waiters-and-waitresses-state54","2450442.51","9372.76028","state54"
"waiters-and-waitresses-state37","18701302.6378286","75946.5939","state37"
"waiters-and-waitresses-state45","9242938.12954286","43653.13534","state45"
"waiters-and-waitresses-state13","18448249.2144","74781.80998","state13"
"waiters-and-waitresses-state12","57509747.0664","217334.55632","state12"
"waiters-and-waitresses-state21","5304899.05285714","22867.48874","state21"
"waiters-and-waitresses-state47","9919477.12628571","41156.38914","state47"
"waiters-and-waitresses-state01","8616243.16285714","34776.233","state01"
"waiters-and-waitresses-state28","4250052.70577143","17885.67056","state28"
"waiters-and-waitresses-state05","4649635.77805714","18976.23352","state05"
"waiters-and-waitresses-state22","5738422.02188571","25673.30074","state22"
"waiters-and-waitresses-state40","5642781.83777143","24384.2242","state40"
"waiters-and-waitresses-state48","64520167.4446286","247923.05222","state48"
"waiters-and-waitresses-state30","1926640.28005714","8675.4033","state30"
"waiters-and-waitresses-state16","3620650.23788571","16682.80304","state16"
"waiters-and-waitresses-state56","769405.573028571","3070.22496","state56"
"waiters-and-waitresses-state08","9189580.03371429","37562.03208","state08"
"waiters-and-waitresses-state35","3742736.13257143","14257.69442","state35"
"waiters-and-waitresses-state04","13786120.7297143","52232.35342","state04"
"waiters-and-waitresses-state49","2935373.56697143","11867.05412","state49"
"waiters-and-waitresses-state32","11442319.2252","42287.2623","state32"
"waiters-and-waitresses-state53","9990899.36057143","41787.04518","state53"
"waiters-and-waitresses-state41","5771825.14234286","25127.36644","state41"
"waiters-and-waitresses-state06","74029705.9057714","300569.0418","state06"
"waiters-and-waitresses-state02","961549.562742857","3247.00494","state02"
"waiters-and-waitresses-state15","4280093.18211429","17233.74876","state15"
"childcare-workers-national","266240251.799143","985913.4966","national"
"cooks-chefs-national","777266015.708743","2625353.88344","national"
"counselors-national","482124481.242857","1554537.31282","national"
"daily-living-service-managers-national","421994716.756457","1245995.45478","national"
"dentists-national","200487798.932914","673552.87996","national"
"education-administrators-national","349946613.322629","988422.92786","national"
"elementary-and-middle-school-teachers-national","1194636795.63531","3584092.61574","national"
"food-preparation-workers-national","602120859.792514","2300840.542","national"
"hairdressers-hairstylists-and-cosmetologists-national","321769172.754686","1195463.73204","national"
"housekeeping-janitors-and-groundskeepers-national","1560989152.25949","5448540.92982","national"
"medical-and-health-services-managers-national","297300707.706686","846623.56396","national"
"medical-records-and-health-information-technicians-national","68697180.0910286","206467.81924","national"
"medical-specialists-therapists-national","524629310.527714","1703662.26426","national"
"miscellaneous-educational-instructional-national","533911682.9616","1897231.04016","national"
"miscellaneous-health-praticioner-non-doctor-or-nurse-national","1148738342.53989","3675211.16692","national"
"nurses-national","1304527375.67177","4145695.80238","national"
"nursing-psychiatric-and-home-health-aides-national","579202003.326686","1977058.6743","national"
"personal-care-aides-national","451250410.846629","1575242.01454","national"
"physicians-and-surgeons-national","375653640.422571","959427.6183","national"
"postsecondary-teachers-national","354519825.041314","1107306.26466","national"
"preschool-and-kindergarten-teachers-national","204131631.722743","657665.87606","national"
"secondary-school-teachers-national","330242888.538343","955730.42606","national"
"social-workers-national","536787903.352457","1616372.22108","national"
"teacher-assistants-national","408543473.214686","1465497.6158","national"
"waiters-and-waitresses-national","576320584.4904","2394279.61364","national"
