"activity_id","geo_level","provider_attention","provision_interval","population"
"animal-care","state04","active",25657158.5618785,781578.516153406
"animal-care","state13","active",30906222.3097296,1170037.590879
"animal-care","state12","active",85507227.1301713,2477579.34942871
"animal-care","state48","active",112051606.561048,3430457.68749587
"animal-care","state37","active",32368800.0043887,1085448.15759287
"animal-care","state54","active",21590945.2266671,354820.251172597
"animal-care","state45","active",22088567.2238544,710148.306218974
"animal-care","state06","active",105811465.245042,3394813.95745849
"animal-care","state24","active",18342203.4213154,631316.62645819
"animal-care","state51","active",53109436.9779901,1270608.01162374
"animal-care","state40","active",16028708.1705542,577255.963449388
"animal-care","state47","active",23839930.8309773,869461.489920997
"animal-care","state08","active",20418892.618234,615210.170982509
"animal-care","state53","active",38393375.3682767,1411996.74812699
"animal-care","state41","active",23370196.7806196,725092.39916431
"animal-care","state29","active",30446883.0958018,916830.80759044
"animal-care","state42","active",69038076.6370245,1970222.35462123
"animal-care","state17","active",38928359.5008031,1603558.64179693
"animal-care","state05","active",11918991.5186131,358880.814805142
"animal-care","state26","active",30809387.5576764,1034384.21538702
"animal-care","state27","active",23823139.4181852,950875.515726705
"animal-care","state22","active",10139458.3024142,364020.482393113
"animal-care","state19","active",19822726.8262501,558092.147265237
"animal-care","state34","active",22495123.1712682,702345.427241098
"animal-care","state01","active",19046519.0405065,594431.006587071
"animal-care","state36","active",43554768.1632406,1362940.5148441
"animal-care","state35","active",12713529.7076201,417628.345292096
"animal-care","state30","active",3996558.4618567,131141.699976756
"animal-care","state15","active",2498613.51011195,119536.351718219
"animal-care","state39","active",61447266.1284989,2006999.70721502
"animal-care","state20","active",19551915.3141764,525835.847632373
"animal-care","state49","active",12070758.3104847,356519.20284204
"animal-care","state21","active",18635190.6077882,659244.551309029
"animal-care","state28","active",11910018.4787995,338469.5469142
"animal-care","state56","active",11028339.4098385,107532.873222136
"animal-care","state31","active",8333235.0378018,240201.98590638
"animal-care","state23","active",5557902.05969281,313002.157312266
"animal-care","state46","active",4315539.96525703,149775.278684405
"animal-care","state18","active",26458014.6164863,929446.897530448
"animal-care","state02","active",2408013.10394116,98066.6160982466
"animal-care","state32","active",13921972.7192535,356001.100528036
"animal-care","state55","active",33272552.7129459,809036.382277656
"animal-care","state16","active",8407274.21351085,205826.242788162
"animal-care","state25","active",23973053.1931739,690336.586630593
"animal-care","state09","active",12726431.7908354,405224.981921266
"animal-care","state44","active",1900364.10222039,133775.894200386
"animal-care","state10","active",2930816.24794406,95283.4284393951
"animal-care","state33","active",6634392.72308404,175398.419120497
"animal-care","state38","active",5260931.74029341,85987.7550478663
"animal-care","state50","active",2490670.5868886,110063.63987612
"animal-care","state11","active",1724699.07998336,72030.0304965375
"appliance-tool-organization","state01","active",3821561.31128189,49682.3510737551
"appliance-tool-organization","state36","active",5246272.37401985,132526.959354417
"appliance-tool-organization","state17","active",3383340.23466374,103725.007519585
"appliance-tool-organization","state51","active",7415094.6789017,126408.395367885
"appliance-tool-organization","state48","active",14880685.7418461,259899.738168842
"appliance-tool-organization","state24","active",6457189.48990673,95543.5263391534
"appliance-tool-organization","state16","active",3272027.45817153,37222.9295480729
"appliance-tool-organization","state34","active",6995601.63949224,99651.7150674
"appliance-tool-organization","state13","active",3495693.64822703,114662.733781481
"appliance-tool-organization","state55","active",10934224.6971543,99952.3487253995
"appliance-tool-organization","state30","active",375949.566238941,23513.1712841337
"appliance-tool-organization","state23","active",446272.434137962,11816.9778768011
"appliance-tool-organization","state05","active",1211674.08449514,22031.1664156559
"appliance-tool-organization","state44","active",1312104.76700047,11438.9778770663
"appliance-tool-organization","state38","active",1275161.33970224,9030.13309859781
"appliance-tool-organization","state39","active",16230540.257375,197582.539810813
"appliance-tool-organization","state45","active",4804584.68759206,108051.774399136
"appliance-tool-organization","state49","active",5941578.56604262,53070.6998416115
"appliance-tool-organization","state42","active",36499123.3621966,224324.363325655
"appliance-tool-organization","state41","active",4395218.2326795,55444.4031991353
"appliance-tool-organization","state26","active",9216677.54573567,100982.289705925
"appliance-tool-organization","state18","active",2118521.45627618,76713.402184526
"appliance-tool-organization","state12","active",9533434.349128,153491.958747005
"appliance-tool-organization","state22","active",5316620.56004733,73795.3624473173
"appliance-tool-organization","state04","active",4263390.38612145,49940.7611187299
"appliance-tool-organization","state35","active",5106571.56118568,38136.4972663781
"appliance-tool-organization","state27","active",1159170.31759514,47244.7063432455
"appliance-tool-organization","state28","active",6011763.78097903,67256.3425355611
"appliance-tool-organization","state40","active",4839735.37983668,52678.897644669
"appliance-tool-organization","state29","active",4615823.15721052,73550.9646278701
"appliance-tool-organization","state06","active",24466079.3865079,288128.311099345
"appliance-tool-organization","state53","active",6187484.38902602,84281.9861873858
"appliance-tool-organization","state47","active",7629570.69434298,89947.1444470356
"appliance-tool-organization","state31","active",589495.497996423,33315.8633989578
"appliance-tool-organization","state37","active",10009681.552255,121790.862100915
"appliance-tool-organization","state20","active",2733512.16240645,50936.476241423
"appliance-tool-organization","state21","active",2586119.57557608,54948.417312011
"appliance-tool-organization","state25","active",3149480.5914998,84738.2439871627
"appliance-tool-organization","state15","active",3358870.10570188,26398.8968520619
"appliance-tool-organization","state54","active",3309757.58413066,93173.0862049386
"appliance-tool-organization","state09","active",3571829.05973287,33494.5359330329
"appliance-tool-organization","state08","active",1439737.65396289,40609.3875440132
"appliance-tool-organization","state19","active",3047346.78247246,43683.2156135331
"appliance-tool-organization","state11","active",1507778.26416871,10145.6326646422
"appliance-tool-organization","state33","active",477444.183037874,7012.48181759233
"appliance-tool-organization","state50","active",1044074.53250788,5800.41406948822
"appliance-tool-organization","state02","active",899197.438645206,7469.52261679397
"appliance-tool-organization","state32","active",218893.086891178,16858.7423016849
"appliance-tool-organization","state56","active",37158.1126425781,7431.62252851562
"appliance-tool-organization","state46","active",88713.1102562055,13908.4201679688
"attending-children-s-events","state31","active",1050044.44518672,12618.4305490016
"attending-children-s-events","state24","active",6642581.92969625,81454.677953034
"attending-children-s-events","state39","active",30121899.5685345,174844.45726678
"attending-children-s-events","state48","active",45345697.7918555,457143.331178087
"attending-children-s-events","state26","active",7776705.45046509,52351.2381817123
"attending-children-s-events","state16","active",7001705.22867191,58089.655740394
"attending-children-s-events","state10","active",1450143.73227133,14927.3595522307
"attending-children-s-events","state36","active",17814114.9121867,107532.256837893
"attending-children-s-events","state34","active",14206421.7883886,102692.706004676
"attending-children-s-events","state08","active",10800021.0455296,66948.8192720405
"attending-children-s-events","state06","active",35657723.8288249,336379.215806604
"attending-children-s-events","state13","active",9425282.67092551,91088.7373076592
"attending-children-s-events","state04","active",8936928.38214301,66278.5035800537
"attending-children-s-events","state27","active",13285417.5179702,94117.8627191847
"attending-children-s-events","state18","active",7029363.79195098,78436.3264057337
"attending-children-s-events","state29","active",6431676.54797279,48496.6152356542
"attending-children-s-events","state09","active",1316204.61113144,18671.4229155222
"attending-children-s-events","state20","active",10086345.1229568,70676.4555645764
"attending-children-s-events","state12","active",18332124.518441,187227.434117677
"attending-children-s-events","state01","active",8000661.30449957,57325.9545772
"attending-children-s-events","state21","active",4910875.03792245,36229.3925337699
"attending-children-s-events","state37","active",8540988.49680032,93794.7154907348
"attending-children-s-events","state19","active",8851227.12782143,72203.3195349474
"attending-children-s-events","state41","active",9623916.87484179,52392.8890748855
"attending-children-s-events","state22","active",3414177.38545165,31992.2278969452
"attending-children-s-events","state51","active",15863161.3840478,102101.878397198
"attending-children-s-events","state17","active",23388859.6965826,191695.95305477
"attending-children-s-events","state42","active",17958728.6968145,158539.029809472
"attending-children-s-events","state25","active",10670636.78288,100310.083276733
"attending-children-s-events","state40","active",9798296.76899059,68652.8145440241
"attending-children-s-events","state30","active",4124432.29366829,34164.3933482148
"attending-children-s-events","state53","active",8885802.18636361,92583.5200723606
"attending-children-s-events","state45","active",1067950.44104528,7186.73435694411
"attending-children-s-events","state33","active",1400622.97831363,12946.2569894904
"attending-children-s-events","state55","active",9719117.3331571,92107.2637604614
"attending-children-s-events","state35","active",4630172.83785661,53357.0913837359
"attending-children-s-events","state28","active",3812932.36523506,49821.1242299233
"attending-children-s-events","state54","active",353553.384536636,6996.64848086521
"attending-children-s-events","state47","active",7559822.73878555,59831.157903063
"attending-children-s-events","state38","active",2726518.40609471,19417.5619989112
"attending-children-s-events","state32","active",2644485.81771813,23833.6626676778
"attending-children-s-events","state05","active",2273958.32514759,22739.1057529595
"attending-children-s-events","state44","active",745455.858349907,8282.84287055452
"attending-children-s-events","state02","active",419380.840985688,8507.34955600493
"attending-children-s-events","state49","active",4098670.97832418,67342.2317433863
"attending-children-s-events","state15","active",1259150.99877965,7340.66705083781
"attending-children-s-events","state46","active",560543.686407907,3297.31580239945
"attending-children-s-events","state56","active",431710.191477764,7195.16985796274
"banking","state48","active",6524333.09921195,249113.335569201
"banking","state41","active",1716521.27126278,68859.2665075162
"banking","state51","active",1701326.56587824,93038.4174123463
"banking","state42","active",3385239.16953715,262736.386472836
"banking","state10","active",204823.383178156,18636.4487030805
"banking","state19","active",1754617.68531101,59064.3442309797
"banking","state18","active",3756170.54229141,118357.270707737
"banking","state12","active",7140512.20755697,274072.116405304
"banking","state39","active",3118357.04618014,221611.015675817
"banking","state33","active",158714.333372921,14493.9741520888
"banking","state30","active",99594.3644311551,12526.5481698373
"banking","state37","active",2908993.02658245,120896.004475054
"banking","state01","active",861628.077602637,53236.184008663
"banking","state55","active",2037872.09931415,92784.0325720236
"banking","state17","active",1926869.47428379,96087.6243953803
"banking","state28","active",1871679.98110853,51978.090158074
"banking","state05","active",761790.386843697,58652.2447888164
"banking","state25","active",1210317.16500325,97128.9670720866
"banking","state21","active",1467570.42203705,115452.924315159
"banking","state36","active",14609991.3414498,251844.616098181
"banking","state26","active",1537219.46839302,99277.8442866866
"banking","state35","active",266158.929632692,26215.2097934329
"banking","state13","active",1124190.40640538,61306.5510207726
"banking","state04","active",990923.635625287,102771.608531214
"banking","state06","active",9775919.21648492,325842.440637613
"banking","state29","active",1209894.55371677,79525.9793564953
"banking","state34","active",1798392.90695244,88311.7339506438
"banking","state08","active",2881287.11553333,76793.4924994745
"banking","state22","active",776055.236802657,49858.9345779715
"banking","state09","active",214149.717227416,28024.5164076926
"banking","state45","active",628725.445341769,50812.4139028964
"banking","state20","active",1750919.65171643,39404.2105641085
"banking","state27","active",2703456.44688705,106038.296567079
"banking","state53","active",1881599.25909933,145890.405527673
"banking","state16","active",661797.486302104,44250.0977850148
"banking","state47","active",4674013.55029954,132718.693822332
"banking","state40","active",342926.763269872,36700.3165091693
"banking","state54","active",438769.493725729,43408.0949701562
"banking","state50","active",67364.7101758164,7691.98755588658
"banking","state49","active",263487.598648209,17240.034733074
"banking","state31","active",1119006.69115458,34737.0292523222
"banking","state24","active",1057523.87835461,78473.2682198986
"banking","state15","active",95198.6709841315,19039.7341968263
"banking","state32","active",1024666.08794951,26135.4721497425
"banking","state23","active",12334.3534306093,4111.45114353644
"banking","state38","active",16651.1463185786,8325.57315928932
"banking","state56","active",112174.207771101,5608.71038855507
"banking","state02","active",101075.748673315,6738.38324488767
"banking","state46","active",29594.7427561781,5918.94855123562
"clothing-maitanence","state17","active",16003650.0881169,84201.3014024373
"clothing-maitanence","state54","active",2160800.35503493,11059.7342211529
"clothing-maitanence","state50","active",4400306.92768253,21610.261894766
"clothing-maitanence","state45","active",10157721.3888336,69337.1528189441
"clothing-maitanence","state13","active",11859302.2073752,80060.6371382811
"clothing-maitanence","state05","active",2543484.69273297,11826.0794085107
"clothing-maitanence","state48","active",31745277.7511765,182300.563973761
"clothing-maitanence","state04","active",5951534.63092485,44047.0959708729
"clothing-maitanence","state36","active",23556112.4216528,145345.038398275
"clothing-maitanence","state29","active",9016321.43514545,49506.2409217704
"clothing-maitanence","state20","active",13145131.5755412,81611.5267360723
"clothing-maitanence","state35","active",4842785.45777199,35933.1850767797
"clothing-maitanence","state16","active",4193531.99236388,35050.7317505474
"clothing-maitanence","state34","active",13507999.5774769,66573.3202979403
"clothing-maitanence","state27","active",11296367.9134053,66318.6909938093
"clothing-maitanence","state09","active",2164533.08926283,25947.8469569545
"clothing-maitanence","state26","active",13260399.3580922,82305.4622431995
"clothing-maitanence","state42","active",20873732.7268805,130335.842341951
"clothing-maitanence","state08","active",8007717.0237796,47738.9249362767
"clothing-maitanence","state31","active",8815658.77675012,42837.4307224301
"clothing-maitanence","state37","active",19432807.5541874,127608.792971435
"clothing-maitanence","state12","active",17137188.8035192,83047.4831756619
"clothing-maitanence","state39","active",19546567.8340728,99469.8641789184
"clothing-maitanence","state47","active",6110744.9317366,35710.7346315973
"clothing-maitanence","state40","active",15627148.8490294,46736.0340575194
"clothing-maitanence","state06","active",42378774.0642971,222216.631277838
"clothing-maitanence","state22","active",3409715.99750447,21531.1254205003
"clothing-maitanence","state41","active",18008291.4385892,78821.9008869337
"clothing-maitanence","state53","active",12462557.4418727,65981.5076436674
"clothing-maitanence","state21","active",1557350.97173617,27918.4557477616
"clothing-maitanence","state10","active",2167995.82363856,8688.49562028
"clothing-maitanence","state18","active",10892130.745311,50946.7806785419
"clothing-maitanence","state28","active",2323584.36782699,12350.8673973841
"clothing-maitanence","state25","active",6463657.45126398,53129.9323555003
"clothing-maitanence","state01","active",7799237.37706232,71872.9484924482
"clothing-maitanence","state30","active",4033631.74769853,19610.7167291408
"clothing-maitanence","state51","active",15377685.9218838,85969.1527014729
"clothing-maitanence","state32","active",1622357.54297387,21172.2250883885
"clothing-maitanence","state19","active",3947019.02510534,45192.9694162992
"clothing-maitanence","state55","active",9653023.7532237,62327.932667731
"clothing-maitanence","state24","active",2339854.36340152,25353.4442610181
"clothing-maitanence","state49","active",8346021.51502158,34773.5335135732
"clothing-maitanence","state38","active",988895.591566521,5493.86439759178
"clothing-maitanence","state23","active",6380063.47579096,31066.0472657052
"clothing-maitanence","state15","active",738354.978621267,9565.42200495507
"clothing-maitanence","state44","active",1979393.83255552,22033.8856517496
"clothing-maitanence","state56","active",220782.640283145,3679.71067138575
"clothing-maitanence","state02","active",365857.966008362,6097.63276680603
"clothing-maitanence","state46","active",147040.701958816,2450.67836598027
"clothing-maitanence","state33","active",896046.781619362,8242.06749469096
"clothing-maitanence","state11","active",331437.916174521,2209.58610783014
"daily-living-travel","state17","active",232242492.217915,5000181.48227329
"daily-living-travel","state39","active",241237949.137205,5052040.9915019
"daily-living-travel","state13","active",218417813.803632,4038428.32639131
"daily-living-travel","state45","active",106946396.952449,2238812.42929326
"daily-living-travel","state37","active",165498086.485536,3336155.0076452
"daily-living-travel","state12","active",323734417.670598,7328978.28487508
"daily-living-travel","state48","active",540290779.181733,11029452.2035209
"daily-living-travel","state42","active",223055498.990638,4846577.99753692
"daily-living-travel","state04","active",111753065.752733,2578746.4344336
"daily-living-travel","state40","active",58527935.9225077,1364384.74757694
"daily-living-travel","state36","active",286689546.042844,6223136.18668739
"daily-living-travel","state34","active",156198269.280608,3263085.11366002
"daily-living-travel","state19","active",50350285.8041852,1296792.88540792
"daily-living-travel","state06","active",590656402.046166,12645922.4137129
"daily-living-travel","state47","active",126015380.073265,2631138.14183502
"daily-living-travel","state31","active",35405633.8502611,962108.388442513
"daily-living-travel","state24","active",123297975.116614,2595293.5927791
"daily-living-travel","state23","active",25834611.6777477,604343.580980833
"daily-living-travel","state26","active",152909863.307024,3164092.75586325
"daily-living-travel","state08","active",141785339.630253,2680650.74004515
"daily-living-travel","state20","active",57234629.1747764,1566460.91511402
"daily-living-travel","state01","active",82561289.49844,1646727.9635693
"daily-living-travel","state29","active",98014453.0323222,2563542.80907093
"daily-living-travel","state41","active",79747447.3383428,1838643.1540521
"daily-living-travel","state27","active",98382940.0789936,2318503.92736443
"daily-living-travel","state22","active",69790427.8283878,1522079.69702332
"daily-living-travel","state21","active",87456618.153639,1845629.11735044
"daily-living-travel","state54","active",31769868.4880175,694365.823730709
"daily-living-travel","state53","active",175948397.086555,3163746.58101784
"daily-living-travel","state18","active",120393261.945208,2708904.57984004
"daily-living-travel","state05","active",60732781.9976453,1121674.97125403
"daily-living-travel","state51","active",190252425.888095,3921950.52161991
"daily-living-travel","state46","active",14400215.2516244,307255.285846529
"daily-living-travel","state25","active",117375869.682552,2623067.32130245
"daily-living-travel","state50","active",14767323.304833,267220.480062517
"daily-living-travel","state16","active",33933335.3690886,704673.666159707
"daily-living-travel","state55","active",97656519.8107259,2236220.30297109
"daily-living-travel","state28","active",56652308.1412539,1058339.69846947
"daily-living-travel","state09","active",59706213.3923905,1236908.51043189
"daily-living-travel","state56","active",9983934.79252941,221489.071513756
"daily-living-travel","state15","active",20424777.720146,418503.514594939
"daily-living-travel","state30","active",20956254.7047635,432228.386542333
"daily-living-travel","state10","active",16899120.6777364,352095.025324105
"daily-living-travel","state35","active",34572642.2557717,771346.286255753
"daily-living-travel","state02","active",4092083.05898047,145361.680819441
"daily-living-travel","state49","active",63171327.4447412,1428174.14925553
"daily-living-travel","state33","active",22580948.0270769,490570.352890519
"daily-living-travel","state44","active",15867538.5222371,388537.953288461
"daily-living-travel","state32","active",39610756.3026542,894731.33327553
"daily-living-travel","state38","active",15534360.2757996,310732.56672559
"daily-living-travel","state11","active",17894169.5439486,382160.499011022
"developmental-travel","state31","active",10252810.5823024,259303.846854873
"developmental-travel","state24","active",30001877.4893675,747009.298808447
"developmental-travel","state22","active",13262164.390651,359544.100314436
"developmental-travel","state21","active",15407081.771511,437864.119728817
"developmental-travel","state54","active",7503463.7950731,170594.357696637
"developmental-travel","state12","active",90702337.3146522,1698918.73695338
"developmental-travel","state17","active",58230091.0558806,1293533.55840604
"developmental-travel","state29","active",15281224.9443377,478919.994732212
"developmental-travel","state04","active",25678813.6267438,519593.638608761
"developmental-travel","state41","active",14714407.6149838,397281.015097029
"developmental-travel","state47","active",26087018.0339481,577711.475268478
"developmental-travel","state51","active",43188995.2978809,1051200.04773845
"developmental-travel","state46","active",4265434.7555257,123534.678856704
"developmental-travel","state40","active",12436381.8560945,369132.811154672
"developmental-travel","state39","active",40616114.8851704,1077008.53757319
"developmental-travel","state26","active",34401174.4301074,809421.450743489
"developmental-travel","state20","active",17164439.6985292,509772.029476184
"developmental-travel","state16","active",8186407.23462754,240085.563103156
"developmental-travel","state28","active",15354508.39212,321002.593808045
"developmental-travel","state08","active",23748246.2598584,576306.330867352
"developmental-travel","state48","active",148198873.889656,3482704.62301407
"developmental-travel","state42","active",45208414.6045863,1148488.39070108
"developmental-travel","state06","active",162994138.25435,3597985.93985874
"developmental-travel","state19","active",16499476.7289185,397474.972495847
"developmental-travel","state02","active",2160937.78197336,71760.7099141737
"developmental-travel","state36","active",53755164.7172662,1290223.59410319
"developmental-travel","state34","active",33855610.417996,913768.791291071
"developmental-travel","state53","active",38311221.6017551,741978.586154247
"developmental-travel","state37","active",35571348.5552467,794608.289829861
"developmental-travel","state55","active",25812704.4004208,641332.043209272
"developmental-travel","state30","active",3254159.58049102,95798.7642733764
"developmental-travel","state32","active",7474927.30879042,175341.853181501
"developmental-travel","state35","active",10397893.5414448,180521.717555635
"developmental-travel","state49","active",13594027.0644617,370584.614832131
"developmental-travel","state10","active",2010131.7482147,53198.0200711019
"developmental-travel","state15","active",3537606.23015638,68809.9724034899
"developmental-travel","state09","active",8958530.10287062,344857.583667387
"developmental-travel","state38","active",6085658.43165034,105347.903301354
"developmental-travel","state13","active",37350123.6831347,801327.85310527
"developmental-travel","state11","active",4436239.13202632,86976.8044627047
"developmental-travel","state18","active",27902074.928673,602650.782520807
"developmental-travel","state27","active",23913313.4963089,566885.61342545
"developmental-travel","state05","active",11046603.9231559,193206.907955663
"developmental-travel","state23","active",3182133.52072092,76798.8484997381
"developmental-travel","state01","active",13296108.1994016,315483.229407161
"developmental-travel","state45","active",24640935.5025264,647237.722705596
"developmental-travel","state25","active",33009290.9737017,763725.337854321
"developmental-travel","state33","active",3340725.45488323,85314.9144815266
"developmental-travel","state50","active",2153623.87542995,31763.9540186077
"developmental-travel","state44","active",3765301.80159026,86798.6721339036
"developmental-travel","state56","active",1348881.73844329,49692.0353064471
"exterior-cleaning","state06","active",317416223.252445,3114619.91694619
"exterior-cleaning","state19","active",51202177.4741417,359960.772912073
"exterior-cleaning","state12","active",183300938.061209,1513370.33780856
"exterior-cleaning","state54","active",15046188.5158125,119102.015527676
"exterior-cleaning","state51","active",90573513.3728545,792005.957392234
"exterior-cleaning","state32","active",24176727.3985355,224812.734324339
"exterior-cleaning","state04","active",81458369.7254167,654856.136219646
"exterior-cleaning","state26","active",129266410.724844,1027885.00796001
"exterior-cleaning","state55","active",71910099.4024371,561165.633823864
"exterior-cleaning","state48","active",287061676.650217,2520704.75801061
"exterior-cleaning","state46","active",7029645.8961691,67681.1871700131
"exterior-cleaning","state01","active",64928039.7052987,447227.553110751
"exterior-cleaning","state09","active",31552326.5608996,259684.730092387
"exterior-cleaning","state25","active",70176549.7499683,535362.972469902
"exterior-cleaning","state22","active",58896577.4858275,377415.276464107
"exterior-cleaning","state23","active",22031773.2720722,191002.028029268
"exterior-cleaning","state39","active",170182154.863436,1167677.2005396
"exterior-cleaning","state37","active",113882663.344242,860050.536508116
"exterior-cleaning","state36","active",126137429.62992,1020489.45683204
"exterior-cleaning","state18","active",74628894.0940943,677244.401024818
"exterior-cleaning","state45","active",57280689.3733003,485649.795768294
"exterior-cleaning","state05","active",45627103.6828045,280273.745115009
"exterior-cleaning","state17","active",115484541.377264,997643.381379005
"exterior-cleaning","state27","active",93314642.5639089,724799.373872709
"exterior-cleaning","state15","active",22948908.5718852,136606.145994505
"exterior-cleaning","state29","active",71114520.0017179,668674.381008672
"exterior-cleaning","state50","active",5037976.87446159,47683.9811952504
"exterior-cleaning","state47","active",87422826.0394471,551832.472389427
"exterior-cleaning","state30","active",19613207.7418902,128249.214588552
"exterior-cleaning","state49","active",27336679.6673122,296986.068452861
"exterior-cleaning","state24","active",39992764.4006812,318763.751713504
"exterior-cleaning","state41","active",60465912.0931554,565003.412891193
"exterior-cleaning","state21","active",43631982.5038464,373912.880256588
"exterior-cleaning","state42","active",138825075.905516,1062791.22848127
"exterior-cleaning","state35","active",29877529.4697747,269844.329475479
"exterior-cleaning","state53","active",136477124.31247,942099.972688489
"exterior-cleaning","state20","active",32685719.2931879,226634.193427955
"exterior-cleaning","state40","active",39015116.9106998,345477.308343944
"exterior-cleaning","state34","active",84387638.1828244,757523.195358116
"exterior-cleaning","state08","active",53729044.1409055,595727.826523678
"exterior-cleaning","state28","active",39953864.897848,300239.874313716
"exterior-cleaning","state31","active",31438072.0326097,225380.113093515
"exterior-cleaning","state13","active",137365172.830716,945744.9422085
"exterior-cleaning","state44","active",7131588.84536884,51852.2467437556
"exterior-cleaning","state16","active",28650527.5857298,252246.789934075
"exterior-cleaning","state02","active",12075759.0360767,72485.6690754679
"exterior-cleaning","state33","active",16588098.3267503,138756.483528564
"exterior-cleaning","state56","active",12612251.2405129,83365.9731867605
"exterior-cleaning","state10","active",10445573.8741264,72546.1712126383
"exterior-cleaning","state38","active",12988574.6858393,116783.928078001
"exterior-cleaning","state11","active",1145422.97699049,32456.0743484318
"food-and-drink-preparation","state17","active",310130927.218876,6369252.05789866
"food-and-drink-preparation","state04","active",174337595.225055,3090103.40709967
"food-and-drink-preparation","state39","active",275157504.323773,5965755.02482379
"food-and-drink-preparation","state06","active",1005583232.66686,16182100.7539376
"food-and-drink-preparation","state25","active",205859452.033534,3839945.8311535
"food-and-drink-preparation","state19","active",81771386.681606,1741035.45820984
"food-and-drink-preparation","state26","active",252215879.947334,4546093.68899611
"food-and-drink-preparation","state27","active",163012558.78044,3301097.61249789
"food-and-drink-preparation","state42","active",344606649.092793,6693525.1492986
"food-and-drink-preparation","state13","active",272388663.195254,5188649.36409933
"food-and-drink-preparation","state12","active",512930173.562605,9302039.15626024
"food-and-drink-preparation","state48","active",712692146.525378,13449912.4426971
"food-and-drink-preparation","state36","active",488076242.679828,8325063.52955997
"food-and-drink-preparation","state34","active",248133947.820175,4171060.30792164
"food-and-drink-preparation","state37","active",212805445.606825,4438651.07886732
"food-and-drink-preparation","state54","active",51793548.943081,1025709.34623136
"food-and-drink-preparation","state31","active",49721264.7070011,1021636.84923698
"food-and-drink-preparation","state45","active",136426616.450834,2618510.3236851
"food-and-drink-preparation","state24","active",160274348.063253,3104353.79307389
"food-and-drink-preparation","state22","active",96330360.5240453,1714039.76175295
"food-and-drink-preparation","state20","active",70162686.8225214,1472372.52523885
"food-and-drink-preparation","state53","active",263619674.677111,4641258.68866488
"food-and-drink-preparation","state01","active",97331220.2095378,2012767.40480781
"food-and-drink-preparation","state51","active",250918577.473556,4779275.89605084
"food-and-drink-preparation","state40","active",96093413.5392114,1934317.40299176
"food-and-drink-preparation","state18","active",169697834.387215,3387097.57925646
"food-and-drink-preparation","state35","active",66374276.3983389,1196835.80779608
"food-and-drink-preparation","state55","active",170287059.919168,3205328.50189807
"food-and-drink-preparation","state49","active",82316876.5532802,1574892.55355936
"food-and-drink-preparation","state32","active",71417349.9901999,1287782.36142851
"food-and-drink-preparation","state29","active",180593807.041659,3433842.53363672
"food-and-drink-preparation","state23","active",51970329.1109096,935987.391384653
"food-and-drink-preparation","state41","active",119565738.058528,2399782.63944274
"food-and-drink-preparation","state44","active",24350605.3364008,539788.889402096
"food-and-drink-preparation","state46","active",27344634.6714097,510464.038327229
"food-and-drink-preparation","state21","active",107436314.950454,2057637.19307615
"food-and-drink-preparation","state08","active",170106187.360854,2992456.10297088
"food-and-drink-preparation","state47","active",144719458.008798,3168943.89466417
"food-and-drink-preparation","state05","active",87179382.3057355,1426472.83060235
"food-and-drink-preparation","state10","active",35086863.5013064,556794.142261962
"food-and-drink-preparation","state30","active",31245936.8117088,540994.125545174
"food-and-drink-preparation","state28","active",71421997.4605082,1345259.57215269
"food-and-drink-preparation","state09","active",98322812.6215055,1836143.41354089
"food-and-drink-preparation","state15","active",24446492.3134061,490272.558583393
"food-and-drink-preparation","state50","active",12743882.1674563,309365.618523938
"food-and-drink-preparation","state02","active",15096197.0207559,255941.163155237
"food-and-drink-preparation","state16","active",47676857.5052113,845663.985040288
"food-and-drink-preparation","state33","active",33119694.6325224,630285.599015834
"food-and-drink-preparation","state56","active",26436312.8992392,340981.756765901
"food-and-drink-preparation","state38","active",20499936.6552492,401257.023679097
"food-and-drink-preparation","state11","active",25010609.6416808,466162.292655564
"general-childcare","state54","active",221179.236870658,7372.64122902192
"general-childcare","state39","active",343148.281435301,20919.6504643918
"general-childcare","state42","active",1399727.91782627,12266.6958880384
"general-childcare","state55","active",574769.534878347,11880.8577464822
"general-childcare","state51","active",593857.303291052,12282.8882691003
"general-childcare","state08","active",12821942.5885783,74207.1135888663
"general-childcare","state48","active",2525620.72686337,42652.3257586323
"general-childcare","state36","active",3498450.07098639,32559.4252220773
"general-childcare","state28","active",129326.258578825,14145.7265546345
"general-childcare","state17","active",9115618.9682119,38466.7595714345
"general-childcare","state53","active",4393617.22473803,26333.861248937
"general-childcare","state26","active",2558119.71735907,11535.0687600334
"general-childcare","state47","active",1623226.94644351,14794.984450303
"general-childcare","state09","active",1034163.76514656,6879.80524937534
"general-childcare","state12","active",582427.822098458,18046.7287470214
"general-childcare","state27","active",136709.930995134,6835.49654975671
"general-childcare","state37","active",13041660.8923168,29920.2364090268
"general-childcare","state41","active",1468076.37345111,7409.80457620986
"general-childcare","state06","active",5152795.29441311,44562.4866168367
"general-childcare","state13","active",620207.1599424,6899.12288988055
"general-childcare","state18","active",1048315.01653156,15462.6500334258
"general-childcare","state46","active",204224.198510203,6807.47328367342
"general-childcare","state05","active",159026.411200044,5300.88037333479
"general-childcare","state40","active",1380222.89835607,23003.7149726011
"general-childcare","state24","active",435258.351780953,2418.10195433863
"general-childcare","state25","active",2816386.4039424,2933.73583744
"general-childcare","state29","active",1506867.71268357,14863.2591182345
"general-childcare","state19","active",452044.63277063,7534.07721284384
"general-childcare","state32","active",35386.1060169753,1769.30530084877
"general-childcare","state45","active",240277.584286694,4620.72277474411
"general-childcare","state21","active",48642.0839300219,3242.80559533479
"general-childcare","state04","active",261342.536547584,4355.70894245973
"general-childcare","state38","active",235725.530290619,3928.75883817699
"general-childcare","state20","active",63536.3297486246,6353.63297486246
"general-childcare","state16","active",543949.804857775,6799.37256072219
"general-children-s-education","state20","active",97670.3435321096,4883.51717660548
"general-children-s-education","state41","active",523716.844586126,7289.27060798795
"general-children-s-education","state34","active",140320.082653249,2338.66804422082
"general-children-s-education","state48","active",244119.998647726,2712.44442941918
"general-children-s-education","state05","active",222198.537654049,3703.30896090082
"general-children-s-education","state25","active",514011.271109334,10729.8272838334
"general-children-s-education","state06","active",1001850.14398857,18873.6856644921
"general-children-s-education","state39","active",707353.011278378,14103.7745059112
"general-children-s-education","state27","active",3447.17279300877,1149.05759766959
"general-children-s-education","state17","active",1374489.92332764,29806.2213430373
"general-children-s-education","state01","active",59957.7153063123,3997.18102042082
"general-children-s-education","state12","active",186719.323658153,6223.97745527178
"general-children-s-education","state36","active",768792.037755156,14870.4045351288
"general-children-s-education","state31","active",1760565.42968959,8130.33328979123
"general-children-s-education","state13","active",439797.108994192,3664.97590828493
"general-children-s-education","state19","active",74509.019494989,1655.75598877753
"general-children-s-education","state37","active",177927.374173742,5068.99335321151
"general-children-s-education","state08","active",1097098.94408817,26181.589476537
"general-children-s-education","state22","active",973167.349971386,16219.4558328564
"general-children-s-education","state29","active",162864.901218148,8143.2450609074
"general-healthcare","state17","active",17306973.6059283,781853.545020766
"general-healthcare","state54","active",8343724.72713268,159919.385102566
"general-healthcare","state26","active",27204039.2209767,552337.269619362
"general-healthcare","state06","active",125804247.023991,1613242.38483758
"general-healthcare","state42","active",30218397.5664995,751183.681147402
"general-healthcare","state37","active",69562753.5070713,712875.245496835
"general-healthcare","state49","active",13896461.4964182,155950.695268715
"general-healthcare","state46","active",3414010.37878704,61760.9708422038
"general-healthcare","state04","active",24197763.0825054,396761.789325856
"general-healthcare","state19","active",5558322.92868998,185985.92133664
"general-healthcare","state24","active",35615580.719911,385472.239301171
"general-healthcare","state27","active",13253544.9172015,306164.005995771
"general-healthcare","state48","active",126118072.034848,1548045.41415099
"general-healthcare","state28","active",8827728.44671468,245659.67561893
"general-healthcare","state34","active",35133526.8276665,477539.681325969
"general-healthcare","state41","active",12191453.3332997,237517.949844355
"general-healthcare","state12","active",68279713.122035,1116130.43173089
"general-healthcare","state35","active",14751521.3437215,168267.95521066
"general-healthcare","state02","active",1415761.75532882,21224.667868046
"general-healthcare","state25","active",28109466.7088236,414792.380623962
"general-healthcare","state05","active",13563878.901297,220926.937018862
"general-healthcare","state51","active",47293815.1622622,490592.725709722
"general-healthcare","state20","active",9829050.69578606,202788.164908833
"general-healthcare","state47","active",23539017.9954227,381377.758631731
"general-healthcare","state39","active",45776325.2594282,723914.009232935
"general-healthcare","state36","active",42621395.16919,898185.253903823
"general-healthcare","state09","active",2461575.26812615,156221.582347411
"general-healthcare","state01","active",16345307.533568,342381.184778575
"general-healthcare","state16","active",12034127.7673345,123273.124555235
"general-healthcare","state21","active",23760379.2138217,303321.982663757
"general-healthcare","state50","active",1602910.10883654,69543.265542486
"general-healthcare","state30","active",4309289.75684588,51671.352083063
"general-healthcare","state56","active",360058.731818445,31830.0456694345
"general-healthcare","state53","active",27388849.4722392,351788.726900698
"general-healthcare","state15","active",2569290.49602329,63596.9923193184
"general-healthcare","state08","active",10957647.5063508,249257.577246607
"general-healthcare","state44","active",2296589.06887954,39801.3966824011
"general-healthcare","state45","active",28625281.9093963,457226.408975987
"general-healthcare","state32","active",13781473.1502809,152118.066562555
"general-healthcare","state18","active",29455127.822502,386153.694329208
"general-healthcare","state13","active",23498190.9247879,568107.989313956
"general-healthcare","state23","active",2979954.06372038,95621.6771878948
"general-healthcare","state55","active",10970640.4809035,339478.005988079
"general-healthcare","state31","active",3108686.83334495,93601.1650972044
"general-healthcare","state29","active",20806899.4029934,371526.599452645
"general-healthcare","state22","active",17065806.3341901,349136.939919428
"general-healthcare","state11","active",1026279.59938581,18414.483148863
"general-healthcare","state40","active",14453453.7486846,322128.852384225
"general-healthcare","state33","active",3824265.50437954,58431.0884439759
"general-healthcare","state10","active",6786621.52791001,48510.6601974521
"general-healthcare","state38","active",1902244.50486809,21611.3572495447
"general-household-activities","state48","active",3343378.34305589,36856.7432169879
"general-household-activities","state41","active",5688560.87544516,26415.1619013808
"general-household-activities","state46","active",101339.968538663,1688.99947564438
"general-household-activities","state22","active",4184566.96494962,17185.0963442493
"general-household-activities","state51","active",100320.248033334,2229.33884518521
"general-household-activities","state17","active",3164871.47398895,13186.964474954
"general-household-activities","state55","active",331519.860722844,7641.22225400822
"general-household-activities","state12","active",14198554.3761588,32240.5063641063
"general-household-activities","state06","active",12620693.8824381,57341.29749752
"general-household-activities","state47","active",2970767.13597338,9405.45021415452
"general-household-activities","state50","active",161100.743349534,2685.0123891589
"general-household-activities","state44","active",1213957.62582677,2248.06967745699
"general-household-activities","state05","active",513964.00315226,4111.71202521808
"general-household-activities","state24","active",446059.02957554,2478.10571986411
"general-household-activities","state31","active",363911.769861436,3032.59808217863
"general-household-activities","state39","active",1793236.30759101,14943.6358965918
"general-household-activities","state32","active",239175.186891288,1328.75103828493
"general-household-activities","state01","active",50158.6838699178,1671.95612899726
"general-household-activities","state25","active",92685.4764932334,9397.95327040658
"general-household-activities","state53","active",4518807.89526805,14068.2059669748
"general-household-activities","state40","active",117718.399764822,1961.9733294137
"general-household-activities","state54","active",75957.6180406685,2531.92060135562
"general-household-activities","state02","active",127250.670532389,1413.89633924877
"general-household-activities","state36","active",2875204.25439963,5891.81199672055
"general-household-activities","state26","active",3735904.4437806,12661.9775288668
"general-household-activities","state21","active",736135.697090688,3132.49232804548
"general-housework","state37","active",6365387.15637568,75903.089178611
"general-housework","state42","active",6389226.09286046,93496.7096792986
"general-housework","state19","active",3393495.99216072,36863.6064082729
"general-housework","state20","active",2608684.23412678,42996.9188954986
"general-housework","state48","active",8393658.18268224,88699.9701209841
"general-housework","state17","active",5205141.21589571,74390.8333802334
"general-housework","state29","active",4834193.48537385,56274.7805604619
"general-housework","state25","active",4477901.91497845,45610.1187684997
"general-housework","state21","active",5714755.5917818,70050.728396743
"general-housework","state12","active",13326573.7509757,100061.336444266
"general-housework","state13","active",19989182.5431493,111650.22950613
"general-housework","state09","active",1684444.54461029,25030.8804889151
"general-housework","state40","active",2696105.92470841,46326.8282128597
"general-housework","state04","active",2747782.41846393,33196.9305657638
"general-housework","state53","active",4400945.40798703,31760.8816704822
"general-housework","state38","active",34211.2437043068,3421.12437043068
"general-housework","state30","active",262279.892126236,8742.66307087452
"general-housework","state39","active",12377103.7565494,97343.0847111403
"general-housework","state47","active",12534679.4212766,103514.111666378
"general-housework","state26","active",9082924.29628417,60058.4015175836
"general-housework","state35","active",1426734.58084836,28796.4989252931
"general-housework","state49","active",4253978.8776076,22634.1977080005
"general-housework","state41","active",1009721.28089531,31839.8393622805
"general-housework","state51","active",1995008.06324718,33495.6738676707
"general-housework","state45","active",1794256.17656373,26064.7654076608
"general-housework","state06","active",9941300.52326672,187405.783965159
"general-housework","state36","active",7687368.62940355,99789.9289550981
"general-housework","state55","active",4654173.26641369,49996.5988729107
"general-housework","state27","active",1445374.89082703,12960.1447698466
"general-housework","state08","active",3730670.10901958,36193.4120591101
"general-housework","state34","active",332171.740089151,12967.4595169633
"general-housework","state18","active",1202063.99431718,32305.4610405995
"general-housework","state15","active",45912.3272766575,4591.23272766575
"general-housework","state50","active",74638.8595664164,6148.45412856384
"general-housework","state16","active",492305.790331397,8205.09650552329
"general-housework","state54","active",4450685.79319341,27051.8087073019
"general-housework","state05","active",962927.11415166,11452.286858006
"general-housework","state28","active",477681.753913948,5028.05712922247
"general-housework","state01","active",4543270.44461169,28586.492686886
"general-housework","state22","active",1284677.67172697,48412.4569710712
"general-housework","state32","active",1608264.89958711,14989.0073314488
"general-housework","state10","active",324115.946861392,4343.92233888822
"general-housework","state23","active",1140071.51768743,6719.71944188274
"general-housework","state33","active",40578.5301870137,2028.92650935068
"general-housework","state31","active",438663.470498137,5231.25633386082
"general-housework","state44","active",2170427.09865084,11537.0830241249
"general-housework","state56","active",37158.1126425781,7431.62252851562
"general-housework","state24","active",395660.582076449,4945.75727595562
"general-personal-services","state47","active",87119.7655742466,1451.99609290411
"general-personal-services","state49","active",476473.094892723,5082.13147723397
"general-personal-services","state04","active",467211.612095211,7786.86020158685
"general-personal-services","state20","active",176180.519184066,1468.17099320055
"general-personal-services","state36","active",70758.8172566548,4717.25448377699
"general-personal-services","state17","active",69165.1933233205,2305.50644411069
"general-personal-services","state19","active",1548699.97210594,18303.1567280844
"general-personal-services","state06","active",1312705.52085376,14524.6167696647
"general-personal-services","state53","active",38884.9428408438,7776.98856816877
"general-personal-services","state13","active",19936.8725466055,3987.3745093211
"general-personal-services","state51","active",23554.4668424192,4710.89336848384
"general-personal-services","state08","active",7662.44477214466,3831.22238607233
"general-personal-services","state25","active",87800.8907651616,8780.08907651616
"grocery-shopping","state39","active",70845804.0226227,1544636.01198899
"grocery-shopping","state04","active",40552465.2345783,899952.665970129
"grocery-shopping","state40","active",14594795.6910021,290069.350123938
"grocery-shopping","state17","active",63049237.5565478,1430532.68527853
"grocery-shopping","state36","active",98697007.4118042,2031818.80706612
"grocery-shopping","state34","active",48537302.9940954,1114705.60658234
"grocery-shopping","state12","active",98643021.9243464,2027785.05990355
"grocery-shopping","state45","active",26201546.9747463,632949.04461103
"grocery-shopping","state13","active",59462021.2010895,1343699.27461917
"grocery-shopping","state23","active",8045426.86675149,187891.794378212
"grocery-shopping","state42","active",72916417.4889621,1434853.91540487
"grocery-shopping","state37","active",47567709.6839437,947213.754397763
"grocery-shopping","state19","active",14819696.0399479,353830.962915209
"grocery-shopping","state29","active",29083284.2817847,645790.119540116
"grocery-shopping","state48","active",155403148.541517,3109957.01783186
"grocery-shopping","state01","active",21950886.42047,496405.635089579
"grocery-shopping","state22","active",17991045.2407697,410596.262533104
"grocery-shopping","state41","active",24052571.460846,593954.191252922
"grocery-shopping","state18","active",34495576.7379891,616258.463838105
"grocery-shopping","state46","active",3749858.78326892,82182.2366194142
"grocery-shopping","state51","active",58836514.5497471,1180423.89446066
"grocery-shopping","state06","active",176050093.796896,3962578.35133164
"grocery-shopping","state55","active",22350330.8548871,606992.086022575
"grocery-shopping","state28","active",10100827.8653758,222085.598127635
"grocery-shopping","state53","active",52385120.378148,998540.413901135
"grocery-shopping","state09","active",19068382.3533949,429950.281032902
"grocery-shopping","state15","active",7089023.96589449,119243.485527601
"grocery-shopping","state10","active",4950548.68881362,92231.3510671151
"grocery-shopping","state54","active",14859274.6586458,267474.383279848
"grocery-shopping","state50","active",2198081.60956844,69019.8540422745
"grocery-shopping","state16","active",7935676.22435095,187052.615070615
"grocery-shopping","state26","active",49096249.5141567,894140.1164747
"grocery-shopping","state24","active",39063833.1512817,792612.421279689
"grocery-shopping","state05","active",16954329.1795672,357789.409249391
"grocery-shopping","state33","active",9111280.52162268,197131.737439126
"grocery-shopping","state44","active",5093119.88750403,121296.015257048
"grocery-shopping","state20","active",15611156.762305,376350.886782113
"grocery-shopping","state49","active",16927632.2671228,356458.706580878
"grocery-shopping","state31","active",11715557.6953121,269799.913092288
"grocery-shopping","state27","active",28930130.9509172,637595.330282654
"grocery-shopping","state08","active",36099109.7316183,778208.899033231
"grocery-shopping","state47","active",28140968.2168458,591577.205394909
"grocery-shopping","state32","active",14568884.2043836,336274.656894914
"grocery-shopping","state56","active",4741138.9333952,92222.869711029
"grocery-shopping","state21","active",22749946.7441405,408709.529418465
"grocery-shopping","state30","active",6385742.14520812,129278.129825386
"grocery-shopping","state25","active",39085351.6316295,924165.972617169
"grocery-shopping","state02","active",3309445.73676685,69134.4406926844
"grocery-shopping","state35","active",8265211.26122852,182840.342137179
"grocery-shopping","state11","active",4825180.34026336,141404.761104933
"grocery-shopping","state38","active",3592644.95706998,112180.045006366
"healthcare-travel","state17","active",21963634.9190859,594919.643293408
"healthcare-travel","state12","active",41144676.4407127,963399.531494067
"healthcare-travel","state26","active",13291524.852955,304018.633815222
"healthcare-travel","state06","active",40194539.3415852,1156055.05519553
"healthcare-travel","state22","active",4062617.17430902,122773.206514848
"healthcare-travel","state29","active",14381025.0916996,310734.294107228
"healthcare-travel","state18","active",10912770.0660508,273974.288533396
"healthcare-travel","state10","active",4700440.97036725,74594.1103021803
"healthcare-travel","state40","active",6754255.66206288,158666.787047672
"healthcare-travel","state54","active",3183557.10771319,134655.222001922
"healthcare-travel","state01","active",7898764.22133777,173799.627935042
"healthcare-travel","state09","active",5413352.9747876,169737.59275195
"healthcare-travel","state05","active",3647063.73855261,104920.213516738
"healthcare-travel","state21","active",11761951.2652119,236286.748748225
"healthcare-travel","state20","active",5835763.80993233,173394.337002682
"healthcare-travel","state13","active",13082902.0168598,362277.314733124
"healthcare-travel","state48","active",44026769.7707311,1147364.20524031
"healthcare-travel","state04","active",9131628.75810345,262960.096445161
"healthcare-travel","state45","active",9958815.00719522,227249.185839139
"healthcare-travel","state08","active",6202275.43179101,211274.16574177
"healthcare-travel","state53","active",14763004.2259223,351044.050803139
"healthcare-travel","state55","active",9727140.72601801,216712.166507651
"healthcare-travel","state42","active",15293206.4262726,376187.917034862
"healthcare-travel","state34","active",15260728.7182101,339758.478502917
"healthcare-travel","state56","active",1464611.76881491,29039.5185197803
"healthcare-travel","state51","active",19469601.4169883,415463.179285378
"healthcare-travel","state24","active",9766893.84283395,286391.30824148
"healthcare-travel","state15","active",752787.111243288,13023.9151624773
"healthcare-travel","state30","active",306800.929002912,20566.9333370055
"healthcare-travel","state41","active",8333671.29578106,279067.490627323
"healthcare-travel","state36","active",26460160.6862889,699968.386747445
"healthcare-travel","state39","active",23991189.4062468,472903.498050835
"healthcare-travel","state37","active",18444735.3860699,532800.426451219
"healthcare-travel","state25","active",15117075.9754625,335922.259215527
"healthcare-travel","state28","active",5691572.86102641,152313.699367361
"healthcare-travel","state46","active",615061.005790638,27427.801780229
"healthcare-travel","state47","active",11773149.6692316,297699.723741433
"healthcare-travel","state50","active",1968093.62819861,65205.8471757282
"healthcare-travel","state31","active",3280301.05462201,117291.035155289
"healthcare-travel","state19","active",4097492.81231163,127901.880510073
"healthcare-travel","state33","active",1019946.10917434,40532.6747067315
"healthcare-travel","state16","active",3512029.51525928,80941.8396625178
"healthcare-travel","state35","active",4133945.64990564,121962.828991944
"healthcare-travel","state32","active",3666795.00133249,85158.7129757342
"healthcare-travel","state27","active",6737978.4062422,166056.230962184
"healthcare-travel","state23","active",1507085.46390006,49679.4906222762
"healthcare-travel","state02","active",379988.86386086,18942.0271295342
"healthcare-travel","state49","active",2977838.64615391,134174.365083226
"healthcare-travel","state11","active",447804.522409995,20252.849518931
"healthcare-travel","state44","active",1241981.84155974,41981.8037800416
"helping-adults","state41","active",1832444.58931032,34658.9712269523
"helping-adults","state29","active",1785215.88544129,25806.249316714
"helping-adults","state04","active",3608364.50213161,29864.8429188603
"helping-adults","state12","active",3914796.1655015,60648.981258869
"helping-adults","state19","active",742785.794347775,8925.25215103178
"helping-adults","state17","active",2423688.57773187,57507.48101776
"helping-adults","state23","active",1099909.8036609,12997.1564611216
"helping-adults","state13","active",1744809.43169144,32351.3440115567
"helping-adults","state16","active",380254.090881888,5354.7475748389
"helping-adults","state06","active",23108081.0040084,222451.950171264
"helping-adults","state09","active",2551981.65302074,24868.4651409474
"helping-adults","state40","active",3335927.33771293,21931.7812561436
"helping-adults","state28","active",422532.864973896,10563.3216243474
"helping-adults","state37","active",445385.015761142,24532.3126242844
"helping-adults","state32","active",1701513.62594079,18918.0401253156
"helping-adults","state54","active",3043100.78593144,12679.5866080477
"helping-adults","state47","active",3140388.91590944,37541.0650525474
"helping-adults","state30","active",460364.398913315,8873.73594124329
"helping-adults","state53","active",3315162.26879426,32190.1837085096
"helping-adults","state42","active",14468329.0560201,82072.4292918685
"helping-adults","state36","active",4798191.03252951,42112.6734860532
"helping-adults","state26","active",2117917.02925954,40270.7238859315
"helping-adults","state45","active",1684877.19715974,12301.2552596389
"helping-adults","state34","active",13665325.6601469,141572.727671285
"helping-adults","state55","active",1780220.48015533,26014.5412726619
"helping-adults","state27","active",813102.353380364,19140.3584684866
"helping-adults","state48","active",7252041.28371817,141882.887258822
"helping-adults","state51","active",5246293.89410161,52304.1614524153
"helping-adults","state05","active",428052.991162225,12721.5072902816
"helping-adults","state39","active",5597630.97140479,82300.9393520153
"helping-adults","state18","active",301177.879339907,35602.9476854658
"helping-adults","state01","active",3394400.37039225,12074.6288237118
"helping-adults","state33","active",63720.7483534822,4555.09522346082
"helping-adults","state35","active",178825.386418668,5170.40055450795
"helping-adults","state24","active",7267964.3259691,72807.4625715627
"helping-adults","state38","active",1060955.49801842,3593.54814924986
"helping-adults","state49","active",3622921.95738909,45459.2707686181
"helping-adults","state21","active",426522.134408375,11717.2360436142
"helping-adults","state22","active",909867.385143353,11924.1257237995
"helping-adults","state25","active",168025.710812997,8401.28554064986
"helping-adults","state08","active",763556.941347332,50263.2785156696
"helping-adults","state20","active",2371020.95092372,34993.2686573967
"helping-adults","state44","active",84537.815083989,5635.8543389326
"helping-adults","state31","active",2881165.10936526,19984.4317043688
"helping-adults","state10","active",709606.723497315,3085.24662390137
"helping-adults","state11","active",355142.198275397,23676.1465516932
"helping-with-homework","state48","active",32549251.2773218,531924.889403179
"helping-with-homework","state47","active",5775833.26225459,95417.5503846049
"helping-with-homework","state04","active",6074611.01306847,95332.7654518395
"helping-with-homework","state06","active",35842178.1849287,661090.898841798
"helping-with-homework","state26","active",1227504.36336661,27057.8422999315
"helping-with-homework","state53","active",10847152.894166,144430.075785551
"helping-with-homework","state55","active",9694883.59473376,155353.97755126
"helping-with-homework","state01","active",1940900.25435001,68700.7688426871
"helping-with-homework","state22","active",2935442.83523618,48904.6124600373
"helping-with-homework","state39","active",5996131.48215068,131496.041546261
"helping-with-homework","state42","active",10522081.087199,341687.316576319
"helping-with-homework","state30","active",369723.669450849,14386.0494572877
"helping-with-homework","state34","active",8265522.81259567,167523.492970672
"helping-with-homework","state17","active",9946176.88989482,220021.899788278
"helping-with-homework","state35","active",5078112.41185087,81643.1199431715
"helping-with-homework","state18","active",3923879.81972435,140963.633551469
"helping-with-homework","state51","active",13004862.3243894,199493.205723014
"helping-with-homework","state54","active",1013058.44595138,11256.2049550153
"helping-with-homework","state31","active",1755069.15854365,57365.6532054285
"helping-with-homework","state16","active",2311278.57719849,47461.0268194493
"helping-with-homework","state40","active",3516921.11585589,53566.9103123386
"helping-with-homework","state12","active",18176318.1227342,304661.153890935
"helping-with-homework","state13","active",11451142.3971646,151764.609686249
"helping-with-homework","state25","active",8090503.42039752,153577.882053809
"helping-with-homework","state49","active",3711464.47120162,65487.3026829841
"helping-with-homework","state36","active",21536719.3246969,309633.173176941
"helping-with-homework","state02","active",757305.923649293,25034.4408075726
"helping-with-homework","state27","active",5629926.20190442,84374.8291681118
"helping-with-homework","state05","active",1171209.32791928,16226.6153487386
"helping-with-homework","state41","active",2829184.82363606,50479.1081144148
"helping-with-homework","state37","active",8658813.98059009,121025.045001728
"helping-with-homework","state28","active",1631655.2936156,29119.19848148
"helping-with-homework","state23","active",1306802.02770263,20514.786643486
"helping-with-homework","state21","active",3649681.49896013,36066.8936065293
"helping-with-homework","state20","active",2167624.4758788,48108.0071127863
"helping-with-homework","state29","active",1973660.53984315,55995.0537653518
"helping-with-homework","state24","active",4712245.63382582,79835.3229168926
"helping-with-homework","state08","active",4752673.4499139,86671.0881823353
"helping-with-homework","state45","active",2738522.11922677,56940.5966446477
"helping-with-homework","state09","active",1852773.92686668,43210.2433870647
"helping-with-homework","state32","active",1135100.60059164,22369.3412445485
"helping-with-homework","state56","active",910066.844956011,7583.89037463343
"helping-with-homework","state46","active",49874.5655049863,2493.72827524932
"helping-with-homework","state19","active",578996.512840995,14780.802622731
"helping-with-homework","state15","active",1555551.04146731,26608.8222735436
"helping-with-homework","state44","active",263748.146506871,6593.70366267178
"home-cleaning","state06","active",646103129.901044,7145042.14398993
"home-cleaning","state27","active",93400781.4463251,1165187.13387365
"home-cleaning","state48","active",557923840.336777,5854874.02770297
"home-cleaning","state37","active",138626957.294298,1536353.35439222
"home-cleaning","state54","active",34243613.6700898,401269.303256308
"home-cleaning","state26","active",180512907.631033,1833505.31590551
"home-cleaning","state36","active",325854760.049609,3487721.37358494
"home-cleaning","state13","active",179159525.26213,1874603.84497905
"home-cleaning","state22","active",72851407.7754494,784688.001159393
"home-cleaning","state04","active",147922814.691237,1375350.21826697
"home-cleaning","state42","active",203674493.393555,2519025.27056818
"home-cleaning","state01","active",73159146.1853344,804376.023034293
"home-cleaning","state51","active",139620811.544866,1822903.74263382
"home-cleaning","state19","active",47098393.8556239,575417.191216168
"home-cleaning","state12","active",340702164.549417,3528392.60353713
"home-cleaning","state55","active",108109113.16089,1222286.19884058
"home-cleaning","state49","active",66231935.9017889,693141.299161452
"home-cleaning","state44","active",19109240.1521256,240482.279171394
"home-cleaning","state53","active",151277395.781086,1668255.09245584
"home-cleaning","state46","active",14153946.5972329,191716.584324575
"home-cleaning","state45","active",92629310.2724265,934585.272031876
"home-cleaning","state29","active",111857375.349679,1259967.49090878
"home-cleaning","state08","active",102773992.896531,1048520.30928733
"home-cleaning","state20","active",47271458.0680307,528576.253702222
"home-cleaning","state17","active",233685610.487013,2492948.89466846
"home-cleaning","state18","active",145928805.371513,1512691.96725867
"home-cleaning","state47","active",109157862.239043,1160581.03873458
"home-cleaning","state39","active",228815270.426715,2547446.68967121
"home-cleaning","state05","active",55401440.5128238,571981.405686612
"home-cleaning","state34","active",168494019.802852,1843140.99127085
"home-cleaning","state25","active",111344485.340971,1309445.26929946
"home-cleaning","state40","active",60071525.4457392,682644.559922294
"home-cleaning","state30","active",14533347.0276084,165334.720120842
"home-cleaning","state10","active",20116747.5963092,227879.086543781
"home-cleaning","state35","active",53283502.4569721,534529.418122575
"home-cleaning","state28","active",32765150.9793505,394901.832471233
"home-cleaning","state21","active",91935169.704108,919121.413994315
"home-cleaning","state24","active",106678528.143262,1207273.61110256
"home-cleaning","state23","active",37269549.394056,386727.552834451
"home-cleaning","state41","active",80729054.5291113,952343.93007198
"home-cleaning","state33","active",20536812.9425656,295561.545071042
"home-cleaning","state31","active",44551462.1378825,496311.494604179
"home-cleaning","state32","active",42210716.8362067,490160.888921226
"home-cleaning","state16","active",31534937.7311219,328042.913995963
"home-cleaning","state56","active",13730440.1550253,89654.2465709819
"home-cleaning","state09","active",66774061.6484134,682689.40290975
"home-cleaning","state15","active",13651205.6975674,121518.122722635
"home-cleaning","state02","active",10987842.8327598,114526.499547295
"home-cleaning","state11","active",11030961.8322557,199482.453420598
"home-cleaning","state38","active",16781800.6023966,187350.982720178
"home-cleaning","state50","active",8734639.0695658,99969.0377679244
"home-exterior-repair","state48","active",22357862.661526,173164.36373534
"home-exterior-repair","state29","active",6311225.99636996,34952.8774539178
"home-exterior-repair","state46","active",3024479.26544548,15348.2627254005
"home-exterior-repair","state47","active",10793362.6285591,48906.9034071359
"home-exterior-repair","state55","active",19485558.7381906,98232.7933476543
"home-exterior-repair","state41","active",1725567.90173468,18700.9590385156
"home-exterior-repair","state53","active",15408907.8115606,100725.903123881
"home-exterior-repair","state49","active",3005441.08852184,24292.8490098274
"home-exterior-repair","state25","active",3608084.19004923,31060.812761571
"home-exterior-repair","state39","active",28780123.8192706,103332.225887152
"home-exterior-repair","state19","active",7583638.03444117,35557.4599122482
"home-exterior-repair","state23","active",1705450.0219819,14001.4804388296
"home-exterior-repair","state21","active",14671762.6042668,68287.4779939008
"home-exterior-repair","state26","active",11830527.3040985,69251.5937432077
"home-exterior-repair","state37","active",18297580.8371803,82573.6988204395
"home-exterior-repair","state06","active",18041297.0707274,107971.895432904
"home-exterior-repair","state04","active",4135294.75987003,46583.7861609277
"home-exterior-repair","state27","active",9923527.82795047,51085.4045066871
"home-exterior-repair","state01","active",5987007.91213806,31557.1921665036
"home-exterior-repair","state42","active",18906351.2825734,103646.707580393
"home-exterior-repair","state32","active",3038020.69764272,13758.6748859079
"home-exterior-repair","state51","active",14852098.3077983,78282.0066467803
"home-exterior-repair","state22","active",5555044.95256676,34837.0711577786
"home-exterior-repair","state31","active",4281388.53615062,38112.6794072301
"home-exterior-repair","state34","active",2481271.14292475,25640.0308590822
"home-exterior-repair","state40","active",4986037.9445432,34753.5655066077
"home-exterior-repair","state12","active",15193850.8379876,92341.9300534685
"home-exterior-repair","state33","active",454481.663594918,22201.4185052986
"home-exterior-repair","state13","active",6910805.68809953,53058.5147522301
"home-exterior-repair","state16","active",4901840.50603989,16263.7512545304
"home-exterior-repair","state18","active",19443975.674216,78939.3236692411
"home-exterior-repair","state54","active",889310.90294531,12997.1774690164
"home-exterior-repair","state24","active",2511907.99512233,19207.3801521414
"home-exterior-repair","state36","active",11339062.0143889,56006.4556113573
"home-exterior-repair","state45","active",7994843.745053,63102.0497439912
"home-exterior-repair","state17","active",7555330.8124659,43316.8297884625
"home-exterior-repair","state05","active",1762373.51581792,12883.8366909836
"home-exterior-repair","state08","active",4509362.8906652,37175.6948475058
"home-exterior-repair","state09","active",4229104.82099271,21198.9470916751
"home-exterior-repair","state20","active",4270876.15611661,25206.1938210641
"home-exterior-repair","state30","active",3359039.79983629,23503.5118865847
"home-exterior-repair","state38","active",3016572.60433414,12371.0496188055
"home-exterior-repair","state28","active",2617440.81304424,13506.7250706888
"home-exterior-repair","state02","active",1985108.84278292,9915.14660408657
"home-exterior-repair","state35","active",6831342.22628247,36590.6230637699
"home-exterior-repair","state44","active",5177132.00281762,12340.6990091688
"home-exterior-repair","state10","active",749989.029432543,1470.56672437753
"home-exterior-repair","state11","active",36647.1823234959,3664.71823234959
"home-exterior-repair","state56","active",1166853.93931466,5073.27799702027
"home-exterior-repair","state15","active",1771849.77747035,29530.8296245058
"home-items-repair","state42","active",15110496.058903,120492.978164027
"home-items-repair","state48","active",10356420.7829105,99237.5143495079
"home-items-repair","state51","active",2372923.86905053,39403.3215343156
"home-items-repair","state47","active",4159511.06940206,45998.449096509
"home-items-repair","state08","active",2760546.01700653,51293.7746878005
"home-items-repair","state04","active",2307677.21163295,37995.9142338296
"home-items-repair","state55","active",7275053.5646082,71544.7189184416
"home-items-repair","state19","active",4063530.15188901,46680.6396767184
"home-items-repair","state56","active",503487.569652888,19106.0681058099
"home-items-repair","state27","active",12687611.0821409,65953.5916003025
"home-items-repair","state54","active",2397491.23060045,31039.7066607227
"home-items-repair","state39","active",23125555.328678,173295.568324846
"home-items-repair","state37","active",15327566.6993926,97590.6133743512
"home-items-repair","state24","active",9293173.07760408,72321.3269513195
"home-items-repair","state06","active",10215567.1981185,132029.24596136
"home-items-repair","state22","active",2227068.92701705,10894.0668298247
"home-items-repair","state29","active",6387894.28586714,79760.9891584268
"home-items-repair","state53","active",7364377.00824939,117736.3088351
"home-items-repair","state45","active",2859606.44106701,39206.4802627403
"home-items-repair","state21","active",2904764.48115538,44012.004222777
"home-items-repair","state15","active",669219.97254226,1652.39499393151
"home-items-repair","state40","active",645810.78994226,28424.4064044718
"home-items-repair","state01","active",1352430.51468397,13536.7933984537
"home-items-repair","state41","active",4545275.60468865,45310.6945041342
"home-items-repair","state09","active",5515481.1822647,44944.0098102466
"home-items-repair","state05","active",1251272.22579139,7839.57885864219
"home-items-repair","state36","active",7649540.60771047,78079.3504000274
"home-items-repair","state18","active",10493751.5881235,49296.9072574318
"home-items-repair","state12","active",10770432.6397385,77573.6576372625
"home-items-repair","state20","active",1216357.73232642,11348.9157402159
"home-items-repair","state17","active",3248460.82470948,74904.3175583463
"home-items-repair","state13","active",1276067.15043431,16227.2287384877
"home-items-repair","state34","active",866330.298491363,15407.1136633063
"home-items-repair","state25","active",10541739.7885392,94428.4366384931
"home-items-repair","state33","active",998385.443872639,24535.5613297255
"home-items-repair","state32","active",521668.062039328,7913.81856561699
"home-items-repair","state26","active",6835568.36355449,62646.7011017008
"home-items-repair","state23","active",8624008.84094356,48292.2983125901
"home-items-repair","state50","active",2107712.27504989,27460.9952436203
"home-items-repair","state49","active",1015628.93324916,24088.8606441058
"home-items-repair","state38","active",2749113.6763383,27546.5972968274
"home-items-repair","state10","active",416460.575548962,7572.01046452657
"home-items-repair","state30","active",6949039.18423784,47341.1014397951
"home-items-repair","state31","active",1565574.37785182,2899.21181083671
"home-items-repair","state46","active",1717193.29294217,14049.9704417425
"home-items-repair","state35","active",1306144.20062715,6851.56586431233
"home-items-repair","state44","active",73163.0558646575,4877.53705764384
"home-items-repair","state02","active",2013999.4102381,9488.95063442959
"home-organization","state17","active",52821138.5645593,903643.901239379
"home-organization","state04","active",36273817.6148939,607958.180451434
"home-organization","state36","active",47503326.6761327,1223093.64857168
"home-organization","state34","active",21237368.9700943,618805.176714393
"home-organization","state12","active",73945546.4262988,1176314.00578658
"home-organization","state45","active",12364762.7080654,372338.681456145
"home-organization","state42","active",63036510.0020592,1063178.83640023
"home-organization","state48","active",100676098.386071,1849108.65243095
"home-organization","state18","active",35491626.9786754,523466.331623238
"home-organization","state32","active",10225376.0105447,226796.350410704
"home-organization","state29","active",23100888.3388634,421016.843052744
"home-organization","state06","active",102703545.524292,2164907.6873479
"home-organization","state23","active",5791884.73757672,106711.093557226
"home-organization","state26","active",30396030.0416304,624097.83052056
"home-organization","state01","active",16296241.64444,296368.294093415
"home-organization","state53","active",22439708.789878,466829.229562081
"home-organization","state13","active",37090504.613927,695922.354950977
"home-organization","state22","active",9397162.62226285,229973.789815696
"home-organization","state20","active",9371749.59986005,189816.222186592
"home-organization","state40","active",13859915.8310071,183822.763698362
"home-organization","state39","active",50314490.2500038,990034.669798827
"home-organization","state37","active",27810073.688668,607842.160561347
"home-organization","state19","active",11661145.19266,175782.595895054
"home-organization","state15","active",1802270.16359395,63891.0331067233
"home-organization","state05","active",8945188.54346457,238445.764499611
"home-organization","state21","active",16410900.2402619,292518.559281222
"home-organization","state33","active",6831527.61317206,188554.565957353
"home-organization","state24","active",17645874.0861427,348562.692549634
"home-organization","state44","active",3035654.26972898,45720.9147064115
"home-organization","state08","active",23358998.0144863,544393.110985763
"home-organization","state31","active",7079856.03317445,157862.169316929
"home-organization","state27","active",11477574.7336556,319057.125553232
"home-organization","state51","active",21771346.4412919,551718.850716127
"home-organization","state47","active",32504827.2645707,417281.967452553
"home-organization","state09","active",12372747.1540251,225309.280687066
"home-organization","state56","active",1018101.8682218,20671.5490139819
"home-organization","state49","active",8079629.97441704,140706.333254193
"home-organization","state55","active",32203421.3336603,443349.160776389
"home-organization","state46","active",5487007.19357478,67770.3455162855
"home-organization","state25","active",21170374.6592656,442807.068585431
"home-organization","state30","active",10118740.5811099,73590.9249549693
"home-organization","state41","active",20260454.6306469,316485.199832431
"home-organization","state28","active",14732478.8995074,151888.866925677
"home-organization","state54","active",9232784.13111529,229163.77521844
"home-organization","state10","active",3482568.62031798,61420.2265269271
"home-organization","state02","active",800381.027831479,24436.5178512833
"home-organization","state35","active",6836710.35129101,171645.009798444
"home-organization","state38","active",2115790.32581836,33191.7933564471
"home-organization","state50","active",5598960.44601118,69390.6055898964
"home-organization","state11","active",564399.131542442,37545.3515132877
"home-organization","state16","active",3906207.96074171,83939.9633468871
"home-schooling-of-children","state06","active",24627065.3560669,132137.19025892
"home-schooling-of-children","state21","active",1953236.90550822,6510.7896850274
"home-schooling-of-children","state48","active",11380246.5341431,91530.8199552942
"home-schooling-of-children","state44","active",1289555.63935096,11906.6339987803
"home-schooling-of-children","state26","active",3266085.43226842,12113.1803579249
"home-schooling-of-children","state34","active",5023419.0943315,31122.8211882477
"home-schooling-of-children","state12","active",21497892.1266075,56858.9557987058
"home-schooling-of-children","state36","active",4201945.76192477,38843.5903030143
"home-schooling-of-children","state53","active",3123766.59437102,17666.940773977
"home-schooling-of-children","state27","active",5017606.28340593,17356.5567916937
"home-schooling-of-children","state47","active",150227.564040814,3338.39031201808
"home-schooling-of-children","state56","active",144008.712312066,4800.29041040219
"home-schooling-of-children","state42","active",248325.189741986,5518.33754982192
"home-schooling-of-children","state55","active",6529705.52455683,35434.210293857
"home-schooling-of-children","state17","active",3254604.0966526,20666.2134315753
"home-schooling-of-children","state51","active",4204780.01970238,35442.2103801863
"home-schooling-of-children","state04","active",1406256.47072149,14168.5862138718
"home-schooling-of-children","state01","active",1534933.54599001,9040.1691387463
"home-schooling-of-children","state18","active",1551739.30622981,2344.01707889699
"home-schooling-of-children","state24","active",3050578.85220931,41474.7058552564
"home-schooling-of-children","state39","active",6795634.42058773,46250.1013415403
"home-schooling-of-children","state25","active",1430042.86032003,12026.3438542329
"home-schooling-of-children","state30","active",482324.926616778,5359.16585129753
"home-schooling-of-children","state41","active",3385563.09974019,16283.8265801167
"home-schooling-of-children","state20","active",393337.351061764,9833.43377654411
"home-schooling-of-children","state40","active",4994329.75831876,19982.4706000044
"home-schooling-of-children","state05","active",5552746.53241865,26149.0608573885
"home-schooling-of-children","state45","active",976839.138313595,3617.92273449479
"home-schooling-of-children","state49","active",385860.333784668,6431.00556307781
"home-schooling-of-children","state16","active",2510827.83227387,15738.487043623
"home-schooling-of-children","state32","active",262165.554349792,5825.90120777315
"home-schooling-of-children","state35","active",1622655.68451748,13522.1307043123
"home-schooling-of-children","state13","active",4458218.26832002,37777.7854978942
"home-schooling-of-children","state02","active",305013.32253111,6778.07383402466
"home-schooling-of-children","state19","active",370564.100843704,6176.06834739507
"home-schooling-of-children","state15","active",1964050.99969299,17228.7708613145
"home-schooling-of-children","state29","active",7052404.24624797,27133.8112517534
"home-schooling-of-children","state22","active",32438.9116657129,16219.4558328564
"household-financial-and-organizational-management","state17","active",127998134.645249,2541300.38680366
"household-financial-and-organizational-management","state12","active",200798724.797213,3365121.56303207
"household-financial-and-organizational-management","state36","active",168305648.173502,2821630.9071235
"household-financial-and-organizational-management","state37","active",72644560.9057112,1703697.66572885
"household-financial-and-organizational-management","state39","active",141849165.816445,2619982.74103286
"household-financial-and-organizational-management","state26","active",76884224.9792646,1761960.45777796
"household-financial-and-organizational-management","state45","active",46324814.5408572,1000462.67234144
"household-financial-and-organizational-management","state42","active",126066915.242622,2707939.56777807
"household-financial-and-organizational-management","state48","active",254033722.576334,4938839.58176084
"household-financial-and-organizational-management","state35","active",37934627.9856686,494411.478884433
"household-financial-and-organizational-management","state47","active",59702200.3481141,1177578.48023858
"household-financial-and-organizational-management","state29","active",56848785.1128287,1268939.52347054
"household-financial-and-organizational-management","state54","active",28367433.7980168,547172.697936847
"household-financial-and-organizational-management","state53","active",94615791.4438243,1920839.85782845
"household-financial-and-organizational-management","state55","active",60790773.3300086,1194944.76816751
"household-financial-and-organizational-management","state20","active",27465078.4064597,693300.690755027
"household-financial-and-organizational-management","state27","active",68264162.8600934,1262080.67772614
"household-financial-and-organizational-management","state21","active",38886461.9874194,820629.353818301
"household-financial-and-organizational-management","state41","active",66563559.8102006,1025425.13975588
"household-financial-and-organizational-management","state40","active",33910956.3690118,646567.938227889
"household-financial-and-organizational-management","state13","active",105780703.898375,1941840.71818928
"household-financial-and-organizational-management","state05","active",27427715.864773,449950.976085296
"household-financial-and-organizational-management","state04","active",75844325.208562,1461790.82896912
"household-financial-and-organizational-management","state51","active",129802775.166116,1997588.52175307
"household-financial-and-organizational-management","state46","active",6354328.34569886,157613.546486665
"household-financial-and-organizational-management","state09","active",39803468.8041955,680553.856648819
"household-financial-and-organizational-management","state34","active",91364787.2303982,1503018.3459893
"household-financial-and-organizational-management","state28","active",14050551.4912182,353532.588561586
"household-financial-and-organizational-management","state01","active",33062576.2300218,707811.811004141
"household-financial-and-organizational-management","state19","active",39284574.9582083,751251.000957558
"household-financial-and-organizational-management","state06","active",318476937.307683,5882538.42389603
"household-financial-and-organizational-management","state30","active",15931530.4366351,250501.235506688
"household-financial-and-organizational-management","state25","active",74190080.238259,1364315.879729
"household-financial-and-organizational-management","state10","active",9514023.69199264,186502.735429778
"household-financial-and-organizational-management","state50","active",10414865.5723358,149235.696968037
"household-financial-and-organizational-management","state02","active",7020221.10098842,100848.72364951
"household-financial-and-organizational-management","state08","active",76436808.4817147,1332915.83923307
"household-financial-and-organizational-management","state24","active",95652396.2717975,1368647.80425894
"household-financial-and-organizational-management","state18","active",80005863.6047869,1332999.73673916
"household-financial-and-organizational-management","state49","active",29602380.4721911,564979.032283285
"household-financial-and-organizational-management","state15","active",21643168.91183,228507.666925475
"household-financial-and-organizational-management","state22","active",34982597.0462416,666506.902543151
"household-financial-and-organizational-management","state33","active",13838627.0385463,254386.266215055
"household-financial-and-organizational-management","state16","active",16163657.9178767,319143.69167623
"household-financial-and-organizational-management","state32","active",28895220.2044873,517656.936478077
"household-financial-and-organizational-management","state56","active",7264823.10855689,107585.906990124
"household-financial-and-organizational-management","state38","active",15539133.8935296,178209.564962181
"household-financial-and-organizational-management","state23","active",15496301.9257302,333592.106059371
"household-financial-and-organizational-management","state44","active",7842344.71548864,181214.963914224
"household-financial-and-organizational-management","state31","active",22677240.7230016,386481.650244499
"household-financial-and-organizational-management","state11","active",5840340.26720432,171156.294646584
"hygiene","state17","active",432880360.96409,8145560.58497329
"hygiene","state04","active",213870929.891538,4007690.4564816
"hygiene","state39","active",386170586.25199,7731186.64341454
"hygiene","state13","active",364100401.384759,6678489.26230778
"hygiene","state06","active",1061772627.54558,20256615.8014451
"hygiene","state42","active",401003864.816369,8300261.32311139
"hygiene","state45","active",172974622.206005,3464593.16810695
"hygiene","state25","active",230629088.389864,4550616.52211167
"hygiene","state37","active",276991016.644012,5649095.42627632
"hygiene","state12","active",639171495.545221,12104556.9213535
"hygiene","state48","active",997885416.906136,18662366.4698816
"hygiene","state26","active",277627712.445325,5620497.87695039
"hygiene","state27","active",195929049.125957,3989288.48445709
"hygiene","state40","active",120328676.215139,2431708.54327919
"hygiene","state36","active",578988621.93506,10773213.8389643
"hygiene","state34","active",291060958.46835,5670852.88753482
"hygiene","state19","active",104810970.787351,2215859.98637742
"hygiene","state54","active",57722310.9736473,1148559.52388695
"hygiene","state32","active",88424021.8579779,1563002.34818271
"hygiene","state47","active",211610767.108263,4205522.6803063
"hygiene","state31","active",59528460.744463,1291144.70336411
"hygiene","state24","active",214941879.576079,4110038.06644373
"hygiene","state23","active",37836622.3007115,851039.974229587
"hygiene","state22","active",153501018.178487,2657992.98253464
"hygiene","state08","active",177787731.829489,3618770.36604909
"hygiene","state20","active",96436052.7059186,2098797.72182942
"hygiene","state53","active",254038573.054813,5295840.98805705
"hygiene","state01","active",140855854.754936,2639227.58726609
"hygiene","state51","active",333759969.373985,6522526.15496099
"hygiene","state18","active",202167918.295969,4198906.89177246
"hygiene","state35","active",81012487.4978049,1488602.39352495
"hygiene","state55","active",186196518.607185,3975573.05715098
"hygiene","state49","active",129437082.455905,2285974.96371198
"hygiene","state29","active",191996902.19748,4233870.1561552
"hygiene","state41","active",139517423.188027,3052553.59759816
"hygiene","state46","active",22685745.0509001,539202.932093361
"hygiene","state21","active",139301773.128078,2817601.52420147
"hygiene","state44","active",33444004.6028989,673180.908382313
"hygiene","state05","active",94535704.8348582,1743622.71209261
"hygiene","state10","active",29114399.4681545,546880.054762924
"hygiene","state30","active",30775745.2850415,679574.545319147
"hygiene","state50","active",17566782.004383,390439.432095136
"hygiene","state28","active",98019698.1459996,1787351.39043227
"hygiene","state09","active",106426774.972282,2190293.54133158
"hygiene","state15","active",28445460.0103703,547512.182088984
"hygiene","state02","active",12993625.3687193,288178.778825996
"hygiene","state16","active",47973704.965539,1077453.72501178
"hygiene","state33","active",35148190.6272272,740522.915779466
"hygiene","state56","active",17151793.6046454,355004.502358069
"hygiene","state38","active",25877204.5459816,480616.747798061
"hygiene","state11","active",30320687.0148746,688566.655145108
"kitchen-and-food-clean-up","state06","active",267388116.90083,6830136.45168204
"kitchen-and-food-clean-up","state26","active",64040119.0700332,1742559.78883136
"kitchen-and-food-clean-up","state04","active",47093393.0857413,1264807.70347274
"kitchen-and-food-clean-up","state40","active",23142591.6359965,669831.087646289
"kitchen-and-food-clean-up","state48","active",167135668.658834,4809980.27865783
"kitchen-and-food-clean-up","state39","active",88525828.6292505,2411599.82784787
"kitchen-and-food-clean-up","state37","active",54045661.376008,1609049.68293779
"kitchen-and-food-clean-up","state45","active",31549461.2201223,1032731.69881667
"kitchen-and-food-clean-up","state24","active",37951565.5105835,1271846.87691046
"kitchen-and-food-clean-up","state13","active",64235077.2044342,1806050.91428941
"kitchen-and-food-clean-up","state53","active",56099021.9525516,1763389.62781075
"kitchen-and-food-clean-up","state01","active",24464667.1005987,723010.224399695
"kitchen-and-food-clean-up","state42","active",102381225.9196,3025328.20941747
"kitchen-and-food-clean-up","state36","active",125351745.552826,3499620.60233547
"kitchen-and-food-clean-up","state18","active",50019155.3957464,1404186.70592587
"kitchen-and-food-clean-up","state47","active",47484892.7254798,1115397.25194403
"kitchen-and-food-clean-up","state49","active",22077998.5873498,619685.868540066
"kitchen-and-food-clean-up","state32","active",18735232.468209,442438.981114067
"kitchen-and-food-clean-up","state46","active",5946154.63815921,199057.163790449
"kitchen-and-food-clean-up","state21","active",29190415.1436019,767278.453081351
"kitchen-and-food-clean-up","state29","active",51484613.925412,1462566.81984703
"kitchen-and-food-clean-up","state08","active",33715458.3193629,939154.864307738
"kitchen-and-food-clean-up","state20","active",21500715.1342476,638725.395253681
"kitchen-and-food-clean-up","state12","active",122139521.238407,3655871.23171526
"kitchen-and-food-clean-up","state51","active",62729451.4820829,1709306.2384472
"kitchen-and-food-clean-up","state22","active",22288777.7354863,726354.787083837
"kitchen-and-food-clean-up","state10","active",7945010.26941585,259628.603708434
"kitchen-and-food-clean-up","state17","active",84435625.006091,2363030.43503867
"kitchen-and-food-clean-up","state05","active",16219953.600109,554862.254942704
"kitchen-and-food-clean-up","state34","active",59619613.4576887,1703134.89788806
"kitchen-and-food-clean-up","state27","active",48054840.4644176,1306377.57359299
"kitchen-and-food-clean-up","state35","active",13981351.1905012,422719.635165613
"kitchen-and-food-clean-up","state30","active",6610202.31910388,217079.74117353
"kitchen-and-food-clean-up","state54","active",14972099.6181074,496003.488409802
"kitchen-and-food-clean-up","state28","active",19250055.6265323,487451.504036941
"kitchen-and-food-clean-up","state09","active",29225242.5628816,723422.830585055
"kitchen-and-food-clean-up","state41","active",36609778.486549,977119.715438634
"kitchen-and-food-clean-up","state23","active",15250476.5984974,481660.657199238
"kitchen-and-food-clean-up","state16","active",13504174.1595639,371986.626379125
"kitchen-and-food-clean-up","state19","active",22058584.417488,666353.331984414
"kitchen-and-food-clean-up","state31","active",16273114.7536886,471298.275481169
"kitchen-and-food-clean-up","state33","active",7696411.07594183,249823.424881042
"kitchen-and-food-clean-up","state55","active",54044637.089949,1391584.16050612
"kitchen-and-food-clean-up","state56","active",5917299.8334976,154592.685519358
"kitchen-and-food-clean-up","state15","active",6439215.36747312,199922.590000416
"kitchen-and-food-clean-up","state38","active",6485215.13874133,148251.317837752
"kitchen-and-food-clean-up","state25","active",52016231.4557648,1780944.67895709
"kitchen-and-food-clean-up","state11","active",5983540.39256407,207244.883849673
"kitchen-and-food-clean-up","state02","active",6659380.196017,153148.50705401
"kitchen-and-food-clean-up","state44","active",4211605.6906983,142607.831320745
"kitchen-and-food-clean-up","state50","active",4501942.229804,129155.461151208
"laundry","state04","active",61990358.8375387,871147.922736609
"laundry","state40","active",31863515.7830872,508299.520120814
"laundry","state48","active",248473794.50457,3456134.69477906
"laundry","state12","active",148756459.343713,2343386.53796934
"laundry","state37","active",60793906.2372131,1019532.81645663
"laundry","state54","active",32498534.539203,407101.479487919
"laundry","state34","active",79543839.4817256,1138489.73695237
"laundry","state24","active",63744965.0837692,901843.111252254
"laundry","state36","active",141136066.953404,2124326.4907241
"laundry","state42","active",131718542.674173,1928407.15173743
"laundry","state53","active",52777913.8634734,1012170.4389272
"laundry","state01","active",42940453.205378,633635.816288149
"laundry","state18","active",72517469.3229964,1222746.64195473
"laundry","state47","active",55871998.1592789,868173.521472526
"laundry","state13","active",99311185.142112,1310713.40102085
"laundry","state55","active",55086066.3521595,869224.172093026
"laundry","state41","active",29588046.4668861,573293.943656221
"laundry","state26","active",72872277.6667695,1280878.0928714
"laundry","state45","active",40216292.3493326,661297.499254503
"laundry","state22","active",41771107.2827988,596613.25681695
"laundry","state46","active",7870606.40259361,125535.185655525
"laundry","state29","active",55986297.8202704,1015405.64835606
"laundry","state06","active",269122819.762019,3718589.81930599
"laundry","state20","active",36264418.257201,544128.980634938
"laundry","state17","active",105957506.018898,1603568.55621549
"laundry","state51","active",67171412.6220481,1121652.57389211
"laundry","state39","active",131821600.390023,1860212.62770553
"laundry","state05","active",38371719.7716745,485113.88379059
"laundry","state30","active",8799990.19552861,129243.438181899
"laundry","state27","active",61011163.1448052,859533.619043862
"laundry","state19","active",35514215.3969434,482242.837286109
"laundry","state25","active",54591193.5565677,873314.617746904
"laundry","state28","active",27369593.7965192,404537.533438591
"laundry","state44","active",5214821.41851507,102707.095775113
"laundry","state35","active",22671111.2683782,298477.165019076
"laundry","state09","active",23029684.9147933,374643.077713751
"laundry","state08","active",44158960.4613091,708108.926176281
"laundry","state16","active",12347168.8746294,175424.98018287
"laundry","state21","active",49430634.3310214,639451.342109473
"laundry","state31","active",17284886.9815425,287870.042877349
"laundry","state23","active",20283469.276448,233256.098166339
"laundry","state49","active",28801781.8720056,395490.221465907
"laundry","state32","active",30151417.4479093,379644.583394455
"laundry","state33","active",10916750.5787748,176791.663494475
"laundry","state02","active",4167318.43023451,61837.3989423364
"laundry","state11","active",3851880.70257691,55209.2204470964
"laundry","state56","active",4560164.37529018,72443.7491886257
"laundry","state38","active",3425597.21984623,72050.2748460811
"laundry","state15","active",8104062.30719985,159692.189994061
"laundry","state10","active",7434546.7597809,113222.559993309
"laundry","state50","active",4872390.45207867,83192.2274450608
"lawn-and-garden","state42","active",6126465.33118533,71274.273357509
"lawn-and-garden","state19","active",2216635.04775712,28730.9291167551
"lawn-and-garden","state26","active",7245224.02895154,58966.2530961649
"lawn-and-garden","state39","active",7184646.62091858,79850.5284189293
"lawn-and-garden","state55","active",2390408.88657514,29606.3555440822
"lawn-and-garden","state37","active",5221291.18057989,47310.4757607825
"lawn-and-garden","state25","active",2267901.23237379,32084.0544839518
"lawn-and-garden","state41","active",5638662.31350262,34949.0802608866
"lawn-and-garden","state12","active",21047950.1049272,172841.977971612
"lawn-and-garden","state40","active",2117094.45279438,33049.1681329863
"lawn-and-garden","state22","active",8860915.20887814,58192.7891700285
"lawn-and-garden","state21","active",7012163.89894381,47256.1638025227
"lawn-and-garden","state17","active",7886250.27340397,80702.0274037058
"lawn-and-garden","state48","active",13150254.8900005,157917.51220939
"lawn-and-garden","state08","active",2558223.62155248,28688.0371124033
"lawn-and-garden","state53","active",11080087.3896947,89621.7050650405
"lawn-and-garden","state24","active",4050110.47286313,30992.9983753551
"lawn-and-garden","state28","active",3460158.08705225,15970.8072874734
"lawn-and-garden","state31","active",4873264.0210941,26119.2045476701
"lawn-and-garden","state45","active",4774231.93574666,28940.9525848899
"lawn-and-garden","state35","active",3460814.56503515,14294.0133998405
"lawn-and-garden","state06","active",7535164.59024639,103912.481134698
"lawn-and-garden","state36","active",29844081.5371951,114519.875730267
"lawn-and-garden","state32","active",7175339.18257243,32985.1863933995
"lawn-and-garden","state47","active",5619615.92753327,50460.5204650406
"lawn-and-garden","state09","active",3186974.75820107,22419.7320619222
"lawn-and-garden","state30","active",2964855.98102433,29502.0415296389
"lawn-and-garden","state18","active",5138974.9244149,53663.4782304597
"lawn-and-garden","state16","active",1942829.07550315,17958.9205567786
"lawn-and-garden","state20","active",3782581.48247217,38734.3884505222
"lawn-and-garden","state01","active",4772871.939371,49717.8659057353
"lawn-and-garden","state34","active",4546514.07615911,40255.4160501156
"lawn-and-garden","state51","active",4340482.26757129,40052.67774532
"lawn-and-garden","state13","active",2332071.48503054,49714.4238517348
"lawn-and-garden","state27","active",4317565.54657243,40179.8922053567
"lawn-and-garden","state54","active",2252419.29795869,32994.3764614219
"lawn-and-garden","state29","active",4252700.77097929,37597.773938783
"lawn-and-garden","state04","active",4922977.937527,54247.6609816718
"lawn-and-garden","state38","active",3121937.86823831,15876.5924467863
"lawn-and-garden","state33","active",3166213.84870261,24376.0113411732
"lawn-and-garden","state49","active",2524903.05672993,19016.0910407353
"lawn-and-garden","state46","active",1099779.25053692,7603.52732705096
"lawn-and-garden","state44","active",1180562.76958235,9111.36256201973
"lawn-and-garden","state23","active",1122053.04285438,20440.675393109
"lawn-and-garden","state05","active",747385.314652093,10239.6619447107
"lawn-and-garden","state50","active",34634.4173940493,3463.44173940493
"lawn-and-garden","state56","active",851559.022808427,6550.45402160329
"looking-after-adults-as-a-primary-activity","state36","active",1807535.47442579,55369.3285372608
"looking-after-adults-as-a-primary-activity","state47","active",619141.962811573,18606.3585608778
"looking-after-adults-as-a-primary-activity","state55","active",13785.6280714795,1378.56280714795
"looking-after-adults-as-a-primary-activity","state13","active",334072.297889967,17298.9219244773
"looking-after-adults-as-a-primary-activity","state34","active",959523.75354517,10574.34451756
"looking-after-adults-as-a-primary-activity","state12","active",403947.555569145,40327.4270191978
"looking-after-adults-as-a-primary-activity","state01","active",486822.320973803,7976.70090099233
"looking-after-adults-as-a-primary-activity","state18","active",197020.173833019,11889.1446326608
"looking-after-adults-as-a-primary-activity","state41","active",453878.732274296,18036.3828570433
"looking-after-adults-as-a-primary-activity","state06","active",809547.557294181,43219.6821219025
"looking-after-adults-as-a-primary-activity","state39","active",412672.091559671,12076.8635221123
"looking-after-adults-as-a-primary-activity","state22","active",1378838.21481457,32531.5066770038
"looking-after-adults-as-a-primary-activity","state54","active",72294.8513952164,4819.6567596811
"looking-after-adults-as-a-primary-activity","state19","active",676141.05000206,2112.94078125644
"looking-after-adults-as-a-primary-activity","state44","active",202756.100334391,2816.05694908877
"looking-after-adults-as-a-primary-activity","state49","active",576191.951549203,29584.2673150504
"looking-after-adults-as-a-primary-activity","state48","active",1575777.23448977,69976.8047457403
"looking-after-adults-as-a-primary-activity","state26","active",950789.780210641,16478.1636892921
"looking-after-adults-as-a-primary-activity","state09","active",561672.583064088,25572.5235268756
"looking-after-adults-as-a-primary-activity","state45","active",106630.622452956,6739.92890832164
"looking-after-adults-as-a-primary-activity","state15","active",86688.2790179726,8668.82790179726
"looking-after-adults-as-a-primary-activity","state27","active",9706792.84315114,21904.7295999803
"looking-after-adults-as-a-primary-activity","state53","active",747275.99494246,27211.1058797079
"looking-after-adults-as-a-primary-activity","state23","active",306273.616476712,2450.1889318137
"looking-after-adults-as-a-primary-activity","state21","active",1505121.26903746,36062.1492164762
"looking-after-adults-as-a-primary-activity","state28","active",646601.471875706,29110.6283225896
"looking-after-adults-as-a-primary-activity","state17","active",942962.209605019,33218.7578990696
"looking-after-adults-as-a-primary-activity","state42","active",635324.399767453,30708.3744079216
"looking-after-adults-as-a-primary-activity","state35","active",234557.624056526,25157.2662673227
"looking-after-adults-as-a-primary-activity","state37","active",9513.73399762192,4756.86699881096
"looking-after-adults-as-a-primary-activity","state29","active",710066.938302214,51010.5130264915
"looking-after-adults-as-a-primary-activity","state30","active",11706.1762089425,2341.23524178849
"looking-after-adults-as-a-primary-activity","state25","active",6332940.61959578,15795.4648013485
"looking-after-adults-as-a-primary-activity","state33","active",484232.190469644,5380.35767188493
"looking-after-adults-as-a-primary-activity","state05","active",50674.1738399753,3378.27825599836
"looking-after-children","state48","active",60539631.2569684,531445.303306293
"looking-after-children","state54","active",5462886.58255154,36262.4542989326
"looking-after-children","state04","active",21171938.1979457,151085.701269482
"looking-after-children","state06","active",35709072.1407337,536602.107388218
"looking-after-children","state09","active",2125879.46695672,35960.5279508816
"looking-after-children","state08","active",5180103.78756341,100656.229892031
"looking-after-children","state12","active",15608607.7028816,265629.397667836
"looking-after-children","state29","active",11156460.1335704,146181.025929513
"looking-after-children","state24","active",3482204.64631668,78962.9891861841
"looking-after-children","state40","active",4753306.06515559,64339.0525794104
"looking-after-children","state34","active",19181241.0241447,132305.891656338
"looking-after-children","state41","active",2940741.31689531,39492.5029481584
"looking-after-children","state53","active",5060625.34605971,96856.9561046778
"looking-after-children","state51","active",12040374.5805694,141815.142891677
"looking-after-children","state20","active",14912446.0164919,64916.6750033715
"looking-after-children","state46","active",2450678.99013503,24973.5228793578
"looking-after-children","state47","active",12206449.778403,90996.8399288575
"looking-after-children","state39","active",13123123.6701821,158977.523218981
"looking-after-children","state10","active",2271849.20555583,8243.26088799343
"looking-after-children","state17","active",38836102.9786334,234669.68634906
"looking-after-children","state25","active",15851167.6335594,143993.891027497
"looking-after-children","state13","active",34118803.0552085,206602.963247784
"looking-after-children","state37","active",6776673.46278292,95293.6808372444
"looking-after-children","state55","active",10041219.6585528,128671.599941852
"looking-after-children","state16","active",7112003.67890006,61192.2443805173
"looking-after-children","state28","active",5668905.47927004,48829.5261717469
"looking-after-children","state42","active",18220856.4304489,156395.032363672
"looking-after-children","state22","active",5871167.24974222,61185.1988702937
"looking-after-children","state21","active",14514966.0124371,98217.9554378559
"looking-after-children","state26","active",29416492.3070282,207749.334323888
"looking-after-children","state36","active",25531651.7606278,220176.049667319
"looking-after-children","state32","active",2753070.69502401,18125.4946944066
"looking-after-children","state45","active",9440958.84098115,89948.7383113386
"looking-after-children","state18","active",13828641.3191717,105088.144450226
"looking-after-children","state35","active",1494999.97963965,43024.9055311436
"looking-after-children","state27","active",8381411.86493083,107926.001849198
"looking-after-children","state49","active",1811610.82299845,36282.9078674723
"looking-after-children","state19","active",4586862.62167722,73681.6068201682
"looking-after-children","state31","active",14065164.2521423,36939.0318692636
"looking-after-children","state01","active",4438594.65614211,36743.6498769293
"looking-after-children","state11","active",1136797.46433086,12526.0068635025
"looking-after-children","state44","active",3542081.12615164,22079.9777353573
"looking-after-children","state05","active",2817610.75316284,57410.4914328027
"looking-after-children","state23","active",1084152.99695608,19969.4802099134
"looking-after-children","state50","active",256649.234406148,4277.48724010247
"looking-after-children","state02","active",2761307.6816689,31956.6842670696
"looking-after-children","state56","active",507593.823154442,5419.52705611288
"looking-after-children","state38","active",187785.658395138,8384.10463879397
"looking-after-children","state15","active",47153.289759189,1571.7763253063
"looking-after-children","state30","active",63377.9045106301,3168.89522553151
"meetings-and-school-conferences","state21","active",26875.9398318378,4479.3233053063
"meetings-and-school-conferences","state49","active",1527062.51814075,10216.9588322252
"meetings-and-school-conferences","state27","active",344212.042591345,11445.4296164214
"meetings-and-school-conferences","state31","active",104906.667402608,1748.44445671014
"meetings-and-school-conferences","state36","active",1098165.52274162,10604.4714423255
"meetings-and-school-conferences","state33","active",86421.2239426767,5761.41492951178
"meetings-and-school-conferences","state13","active",332760.5587458,7394.67908324
"meetings-and-school-conferences","state42","active",2345186.82316006,43091.0457380411
"meetings-and-school-conferences","state25","active",2218243.50311548,40811.3138343792
"meetings-and-school-conferences","state17","active",310866.030389063,19307.6836273825
"meetings-and-school-conferences","state24","active",35335.7292855973,7067.14585711945
"meetings-and-school-conferences","state20","active",83929.3639429041,4196.46819714521
"meetings-and-school-conferences","state12","active",7059924.22451946,54993.8255331485
"meetings-and-school-conferences","state48","active",3391977.55455179,83014.4053641408
"meetings-and-school-conferences","state11","active",59528.5075408986,5952.85075408986
"meetings-and-school-conferences","state51","active",179444.095589342,3987.64656865205
"meetings-and-school-conferences","state06","active",684805.435712468,32036.4950424405
"meetings-and-school-conferences","state29","active",800334.301705003,8892.60335227781
"meetings-and-school-conferences","state26","active",503001.015060255,7738.47715477315
"meetings-and-school-conferences","state55","active",621592.286240685,12431.8457248137
"meetings-and-school-conferences","state19","active",435132.989702192,6694.35368772603
"meetings-and-school-conferences","state39","active",253143.290064773,8438.10966882575
"meetings-and-school-conferences","state47","active",110575.81395857,11057.581395857
"obtaining-medical-and-care-services-for-adults","state18","active",7117640.84043293,28773.8261446175
"obtaining-medical-and-care-services-for-adults","state06","active",2538624.44873928,30760.4209726477
"obtaining-medical-and-care-services-for-adults","state12","active",12752947.6781096,86796.5548172636
"obtaining-medical-and-care-services-for-adults","state34","active",4652860.09156293,56741.8023503496
"obtaining-medical-and-care-services-for-adults","state26","active",5026490.37404474,56993.3927055041
"obtaining-medical-and-care-services-for-adults","state01","active",1291861.11531527,30860.2477856044
"obtaining-medical-and-care-services-for-adults","state19","active",2419144.54122333,18588.4598061156
"obtaining-medical-and-care-services-for-adults","state42","active",2470367.98094386,21608.0083317956
"obtaining-medical-and-care-services-for-adults","state39","active",2300702.01343466,39072.3304417945
"obtaining-medical-and-care-services-for-adults","state40","active",807568.780884104,10274.158032491
"obtaining-medical-and-care-services-for-adults","state37","active",10378822.7473473,63710.3325429211
"obtaining-medical-and-care-services-for-adults","state31","active",1367782.2887267,14803.2086237611
"obtaining-medical-and-care-services-for-adults","state24","active",2708877.24517022,26632.6547194236
"obtaining-medical-and-care-services-for-adults","state28","active",2802065.54284867,24156.1664111655
"obtaining-medical-and-care-services-for-adults","state48","active",9542938.08180378,76167.2945705934
"obtaining-medical-and-care-services-for-adults","state47","active",5167791.03965274,38325.5294953321
"obtaining-medical-and-care-services-for-adults","state36","active",6683783.98943055,75048.8928667474
"obtaining-medical-and-care-services-for-adults","state16","active",4585413.74449274,30224.6882821501
"obtaining-medical-and-care-services-for-adults","state51","active",7472606.75539259,108123.471978279
"obtaining-medical-and-care-services-for-adults","state17","active",1771304.6188151,28465.6528821649
"obtaining-medical-and-care-services-for-adults","state21","active",4097173.84684443,31825.4458139781
"obtaining-medical-and-care-services-for-adults","state27","active",1224494.01848042,8555.10610615562
"obtaining-medical-and-care-services-for-adults","state53","active",3288301.68971305,30424.6315144208
"obtaining-medical-and-care-services-for-adults","state09","active",654907.559778362,16911.3515449025
"obtaining-medical-and-care-services-for-adults","state29","active",3003798.29908209,15016.7450505205
"obtaining-medical-and-care-services-for-adults","state55","active",2023730.26772981,28054.1613789726
"obtaining-medical-and-care-services-for-adults","state25","active",1029200.53210389,14148.1572963227
"obtaining-medical-and-care-services-for-adults","state54","active",991810.584133003,20618.8928703068
"obtaining-medical-and-care-services-for-adults","state08","active",1432537.8922842,26652.9545507211
"obtaining-medical-and-care-services-for-adults","state33","active",859892.207128964,9554.35785698849
"obtaining-medical-and-care-services-for-adults","state35","active",1046458.76712811,17087.1945694866
"obtaining-medical-and-care-services-for-adults","state41","active",1998041.16613819,21225.4023441638
"obtaining-medical-and-care-services-for-adults","state20","active",1844988.07265678,30749.8012109463
"obtaining-medical-and-care-services-for-adults","state32","active",556363.105912537,9272.71843187562
"obtaining-medical-and-care-services-for-adults","state10","active",1233665.97775991,12478.8787944252
"obtaining-medical-and-care-services-for-adults","state45","active",478198.246758682,9999.5291836674
"obtaining-medical-and-care-services-for-adults","state22","active",2194910.56033006,17488.3786551129
"obtaining-medical-and-care-services-for-adults","state49","active",294395.656913819,4906.59428189699
"obtaining-medical-and-care-services-for-adults","state04","active",650603.268321904,1172.25814112055
"obtaining-medical-and-care-services-for-adults","state05","active",1326847.02529854,5286.24312867945
"obtaining-medical-and-care-services-for-adults","state13","active",163536.021066197,5451.20070220658
"obtaining-medical-and-care-services-for-adults","state15","active",78545.0645691205,5236.33763794137
"obtaining-medical-care-for-children","state40","active",166208.953410016,5540.29844700055
"obtaining-medical-care-for-children","state21","active",1640631.84045057,24055.5529303003
"obtaining-medical-care-for-children","state48","active",10852644.2318693,93747.313456377
"obtaining-medical-care-for-children","state13","active",2226790.58151314,26738.9232612636
"obtaining-medical-care-for-children","state06","active",9537758.74870356,143235.724328584
"obtaining-medical-care-for-children","state41","active",1820779.05164331,33442.67771152
"obtaining-medical-care-for-children","state17","active",2900651.01340975,67411.5257277523
"obtaining-medical-care-for-children","state42","active",5187503.30635384,40945.3203125293
"obtaining-medical-care-for-children","state47","active",411602.802743326,8590.92757095397
"obtaining-medical-care-for-children","state33","active",614333.370014734,11037.2730532345
"obtaining-medical-care-for-children","state34","active",2987132.19728975,52247.3460304811
"obtaining-medical-care-for-children","state25","active",409351.485181507,30233.9578616932
"obtaining-medical-care-for-children","state19","active",151072.645764427,2517.87742940712
"obtaining-medical-care-for-children","state12","active",2953066.70560638,32472.3193644071
"obtaining-medical-care-for-children","state37","active",82773.7008127781,8277.37008127781
"obtaining-medical-care-for-children","state50","active",490129.477058679,9727.86584890411
"obtaining-medical-care-for-children","state39","active",3207748.45654288,25192.1079589759
"obtaining-medical-care-for-children","state24","active",1908723.95388136,28486.2607665781
"obtaining-medical-care-for-children","state22","active",2525940.97853247,16329.6372612756
"obtaining-medical-care-for-children","state27","active",1109427.95048674,19985.3597893644
"obtaining-medical-care-for-children","state26","active",3927457.38167322,44674.6578546247
"obtaining-medical-care-for-children","state54","active",1636690.55260271,11275.8177431616
"obtaining-medical-care-for-children","state36","active",7584093.97441989,107638.404028449
"obtaining-medical-care-for-children","state55","active",2864622.73471831,18891.8266522384
"obtaining-medical-care-for-children","state51","active",1445805.61108653,38127.0698578466
"obtaining-medical-care-for-children","state45","active",106550.499044121,3551.68330147068
"obtaining-medical-care-for-children","state46","active",237141.451866822,5269.81004148493
"obtaining-medical-care-for-children","state01","active",783398.90980074,15811.1692701792
"obtaining-medical-care-for-children","state28","active",1137387.49583985,11070.3109041655
"obtaining-medical-care-for-children","state05","active",977984.300680027,17902.6550532959
"obtaining-medical-care-for-children","state08","active",357024.317844879,8456.33729834082
"obtaining-medical-care-for-children","state53","active",1239543.23315315,22407.8627243688
"obtaining-medical-care-for-children","state10","active",315830.533734805,5263.84222891342
"obtaining-medical-care-for-children","state18","active",501650.647299878,15109.3254825079
"obtaining-medical-care-for-children","state04","active",224257.608569063,7475.25361896877
"obtaining-medical-care-for-children","state44","active",648995.609135079,10816.5934855847
"obtaining-medical-care-for-children","state49","active",269512.009549915,5989.15576777589
"obtaining-medical-care-for-children","state56","active",2194526.80667864,7195.16985796274
"obtaining-medical-care-for-children","state09","active",68993.2860654082,2299.77620218027
"obtaining-medical-care-for-children","state20","active",438400.67526551,6353.63297486246
"organization-planning-for-children","state24","active",619737.166994975,65574.9330015589
"organization-planning-for-children","state08","active",467212.794635359,41763.364596914
"organization-planning-for-children","state51","active",3056398.12026761,112457.404012457
"organization-planning-for-children","state06","active",6016500.70692291,253357.555241736
"organization-planning-for-children","state22","active",889330.087227099,30734.3568143671
"organization-planning-for-children","state42","active",6115158.39974312,181575.975229499
"organization-planning-for-children","state21","active",2642352.47967902,42780.1293848559
"organization-planning-for-children","state37","active",6678991.87689372,86829.7830529967
"organization-planning-for-children","state27","active",2029740.8971443,62982.4048524362
"organization-planning-for-children","state39","active",5461009.280152,168444.519429048
"organization-planning-for-children","state12","active",5630370.50077826,142431.237804251
"organization-planning-for-children","state49","active",339013.989584148,29218.7868577129
"organization-planning-for-children","state26","active",1918382.20946435,78645.8096202669
"organization-planning-for-children","state54","active",250252.395863868,10491.2223853512
"organization-planning-for-children","state09","active",750001.823183485,46503.6452020257
"organization-planning-for-children","state13","active",5442175.18092377,184346.444931258
"organization-planning-for-children","state01","active",1104325.73474854,61588.2750597633
"organization-planning-for-children","state53","active",1502370.445452,31072.3872093885
"organization-planning-for-children","state48","active",5042397.10780672,249907.054270187
"organization-planning-for-children","state25","active",1395631.78063788,82886.7995275814
"organization-planning-for-children","state45","active",473651.205060595,26257.1958400586
"organization-planning-for-children","state34","active",1033418.95128631,50911.4784453841
"organization-planning-for-children","state29","active",840908.251305088,54439.0934502027
"organization-planning-for-children","state55","active",2074048.72433145,54851.6197797463
"organization-planning-for-children","state17","active",1625478.62414937,96959.5864624307
"organization-planning-for-children","state02","active",169258.347303321,5641.94491011069
"organization-planning-for-children","state47","active",1794159.89187897,49977.4664312318
"organization-planning-for-children","state05","active",440018.138398779,13795.2676961682
"organization-planning-for-children","state19","active",379253.224812167,20990.4876238049
"organization-planning-for-children","state18","active",1874083.91241137,88325.9305374334
"organization-planning-for-children","state31","active",1384180.531726,34873.3596395627
"organization-planning-for-children","state36","active",7025564.38383226,199180.671006815
"organization-planning-for-children","state35","active",142381.890651986,7201.94761572877
"organization-planning-for-children","state20","active",536691.15847141,22805.6600981364
"organization-planning-for-children","state41","active",630479.100711521,40487.1921108126
"organization-planning-for-children","state50","active",216822.850160022,1806.85708466685
"organization-planning-for-children","state04","active",549422.284672581,17701.4779990833
"organization-planning-for-children","state28","active",3565650.58733638,50306.0313289036
"organization-planning-for-children","state23","active",159107.376023597,6653.09152075836
"organization-planning-for-children","state40","active",151011.58166897,15101.158166897
"organization-planning-for-children","state30","active",107472.856353047,10747.2856353047
"organization-planning-for-children","state10","active",157032.889667951,10468.8593111967
"organization-planning-for-children","state32","active",126567.326416014,9990.10577736822
"organization-planning-for-children","state16","active",470716.62787774,15555.7745706345
"organization-planning-for-children","state15","active",186864.491326586,3114.40818877644
"organization-planning-for-children","state46","active",997377.663826833,30706.1398706214
"organization-planning-for-other-adults","state17","active",1874747.76046332,32296.6245113584
"organization-planning-for-other-adults","state21","active",150254.398043211,2504.23996738685
"organization-planning-for-other-adults","state22","active",894356.627467578,13317.139897811
"organization-planning-for-other-adults","state48","active",1694644.7899983,41377.014041366
"organization-planning-for-other-adults","state39","active",502969.433819671,7079.78311031123
"organization-planning-for-other-adults","state29","active",73417.0314338356,14683.4062867671
"organization-planning-for-other-adults","state53","active",160348.216812575,14771.7557849534
"organization-planning-for-other-adults","state12","active",1866625.52612684,144657.150912319
"organization-planning-for-other-adults","state47","active",463078.120396997,3858.98433664164
"organization-planning-for-other-adults","state45","active",2740807.21365149,21489.2455356778
"organization-planning-for-other-adults","state49","active",1377333.74176568,17883.7337469726
"organization-planning-for-other-adults","state06","active",2668143.36904549,71440.8374739962
"organization-planning-for-other-adults","state09","active",837676.396775573,13961.2732795929
"organization-planning-for-other-adults","state42","active",71782.0491940438,7178.20491940438
"organization-planning-for-other-adults","state34","active",171754.963093258,3816.77695762795
"organization-planning-for-other-adults","state28","active",1790889.9592154,11546.9542820515
"organization-planning-for-other-adults","state13","active",629089.693002912,15784.7999158718
"organization-planning-for-other-adults","state51","active",9027.97765698411,3009.32588566137
"organization-planning-for-other-adults","state04","active",559069.319305981,7887.00600647616
"organization-planning-for-other-adults","state32","active",745721.908254543,12428.698470909
"organization-planning-for-other-adults","state24","active",67127.0741764778,23918.3933701589
"organization-planning-for-other-adults","state27","active",688754.610483559,13420.2238624471
"organization-planning-for-other-adults","state25","active",385812.762323836,12860.4254107945
"organization-planning-for-other-adults","state36","active",2471343.69074653,22452.2296048882
"organization-planning-for-other-adults","state26","active",58994.7425419562,11798.9485083912
"organization-planning-for-other-adults","state19","active",86957.1722822575,8695.71722822575
"organization-planning-for-other-adults","state18","active",100502.847039222,7659.20188841644
"organization-planning-for-other-adults","state37","active",1286320.15722187,16079.0019652734
"organization-planning-for-other-adults","state54","active",5573755.56114092,9212.81910932383
"organization-planning-for-other-adults","state41","active",226142.192652274,11307.1096326137
"personal-private-activities","state12","active",2066017.10066274,23407.0087264471
"personal-private-activities","state31","active",284559.606588526,5105.95143389534
"personal-private-activities","state48","active",7595500.22716883,81651.5786456904
"personal-private-activities","state22","active",239851.636457214,3979.20952453644
"personal-private-activities","state18","active",864657.501251573,19354.3907470778
"personal-private-activities","state39","active",1485202.30091421,47268.1812223885
"personal-private-activities","state34","active",7198980.82025952,18282.6195556296
"personal-private-activities","state37","active",7610816.71074692,31083.2487207485
"personal-private-activities","state47","active",2834474.36791455,14184.0918498915
"personal-private-activities","state32","active",261029.123612318,2994.79250837589
"personal-private-activities","state42","active",1811216.93803156,11617.6904548696
"personal-private-activities","state06","active",2611941.46228296,22989.0561509162
"personal-private-activities","state35","active",411129.800145567,6852.16333575945
"personal-private-activities","state10","active",121201.121088751,10205.2757602301
"personal-private-activities","state51","active",2225825.00246231,7622.40821416603
"personal-private-activities","state19","active",766747.057049285,11365.0263687984
"personal-private-activities","state23","active",829135.782949393,10404.2073508805
"personal-private-activities","state29","active",636316.369219167,12363.9453470756
"personal-private-activities","state25","active",710806.245272055,6863.55985415945
"personal-private-activities","state08","active",914836.880528159,13396.80729484
"personal-private-activities","state24","active",1844976.17338268,13591.7992285967
"personal-private-activities","state26","active",1712545.07102852,19570.630636537
"personal-private-activities","state40","active",243901.049551246,2740.46123091288
"personal-private-activities","state41","active",4711682.31366695,41181.1013862175
"personal-private-activities","state04","active",1277217.4295502,29043.3217414099
"personal-private-activities","state21","active",3330923.69823641,39761.8373473025
"personal-private-activities","state01","active",1816148.84433544,21881.6025021216
"personal-private-activities","state46","active",840090.893745041,5600.60595830027
"personal-private-activities","state20","active",2968028.86470789,8480.08247059397
"personal-private-activities","state36","active",1674715.68076649,18325.7149731868
"personal-private-activities","state38","active",188846.035327266,3147.4339221211
"personal-private-activities","state11","active",4749902.64297399,79165.0440495666
"personal-private-activities","state16","active",244551.759387069,12227.5879693534
"personal-private-activities","state45","active",1223402.27130115,9318.11882160055
"personal-private-activities","state49","active",267624.010152986,2230.20008460822
"personal-private-activities","state55","active",1432617.27996494,38680.8259589677
"personal-private-activities","state44","active",355286.0655036,3947.62295004
"personal-private-activities","state53","active",158009.136927688,6476.11144144822
"physical-care-for-adults","state18","active",8165944.03913505,111573.769933578
"physical-care-for-adults","state29","active",14554164.9318887,176772.148508698
"physical-care-for-adults","state06","active",19760988.897444,356225.660594089
"physical-care-for-adults","state10","active",1118905.41014434,27359.7989213249
"physical-care-for-adults","state34","active",11911328.3547877,157600.795801619
"physical-care-for-adults","state13","active",7439809.39564801,142714.328809431
"physical-care-for-adults","state04","active",3894629.16179188,110186.548162195
"physical-care-for-adults","state39","active",11453873.5444398,189671.590201722
"physical-care-for-adults","state46","active",437824.00170894,14006.2838631814
"physical-care-for-adults","state51","active",3472834.27868453,68691.4888919649
"physical-care-for-adults","state53","active",6756730.46668091,136161.593937731
"physical-care-for-adults","state01","active",3229454.59558722,97886.8110514285
"physical-care-for-adults","state27","active",2985266.9721903,64208.2745910937
"physical-care-for-adults","state12","active",39874350.3960358,326982.403912808
"physical-care-for-adults","state21","active",10852699.6344444,91204.8473129178
"physical-care-for-adults","state41","active",6901066.48931397,93425.3799588844
"physical-care-for-adults","state40","active",421183.808083195,47467.799064354
"physical-care-for-adults","state17","active",6392885.78345914,125295.104594504
"physical-care-for-adults","state05","active",5132604.87944924,87653.4293116789
"physical-care-for-adults","state09","active",2763721.55526495,52283.5919665995
"physical-care-for-adults","state42","active",8575771.47603191,161376.637138159
"physical-care-for-adults","state37","active",20468611.556924,167971.476154559
"physical-care-for-adults","state22","active",3559439.15865835,63890.648422971
"physical-care-for-adults","state02","active",566908.156472528,13962.0252026307
"physical-care-for-adults","state36","active",29320104.0534409,319819.816966105
"physical-care-for-adults","state48","active",32839972.547249,344040.308324781
"physical-care-for-adults","state20","active",2493334.97963922,47884.239590149
"physical-care-for-adults","state47","active",4850363.45558633,97985.0366214373
"physical-care-for-adults","state19","active",2062850.45335889,36843.8285689589
"physical-care-for-adults","state15","active",937934.575695534,34731.7983205419
"physical-care-for-adults","state32","active",805288.571706159,20011.184697223
"physical-care-for-adults","state45","active",2264059.80508985,90612.7496005353
"physical-care-for-adults","state26","active",3253992.33833314,89771.5088339036
"physical-care-for-adults","state16","active",740156.139222643,26347.3405528767
"physical-care-for-adults","state49","active",4956849.41825504,61014.3917389348
"physical-care-for-adults","state24","active",3654070.66152316,74742.5081707578
"physical-care-for-adults","state35","active",3788958.93142047,86843.8855065562
"physical-care-for-adults","state08","active",1201289.40064788,78165.6440735085
"physical-care-for-adults","state44","active",4162538.02327362,13799.6251715989
"physical-care-for-adults","state25","active",4192582.90441955,41556.6936201436
"physical-care-for-adults","state55","active",10803545.3457151,88560.7975992038
"physical-care-for-adults","state54","active",495123.736626992,27906.9991414712
"physical-care-for-adults","state23","active",1810140.96186558,37939.1894116953
"physical-care-for-adults","state31","active",2113279.64029713,35963.1185296992
"physical-care-for-adults","state28","active",9060414.88809353,88166.7491498378
"physical-care-for-adults","state56","active",503666.626086592,14587.4625418729
"physical-care-for-adults","state11","active",615816.759840597,6482.2816825326
"physical-care-for-adults","state30","active",46035.8024341151,1534.52674780384
"physical-care-for-adults","state33","active",39082.9150390301,3908.29150390301
"physical-care-for-children","state48","active",234189739.423805,3481532.1944719
"physical-care-for-children","state36","active",121870033.968148,1589695.35102538
"physical-care-for-children","state39","active",89778157.1345582,1200135.76860867
"physical-care-for-children","state06","active",293766711.054494,3922794.15938741
"physical-care-for-children","state12","active",133010972.063478,1967820.19801386
"physical-care-for-children","state24","active",65956903.2182071,822077.920352733
"physical-care-for-children","state26","active",83651566.7948229,941661.848301004
"physical-care-for-children","state53","active",57986232.3315668,964479.27811959
"physical-care-for-children","state42","active",112059020.594861,1388166.61781123
"physical-care-for-children","state51","active",78727007.7805043,1318376.58238314
"physical-care-for-children","state35","active",14024949.7744121,229747.878411526
"physical-care-for-children","state23","active",8911419.80390024,143480.826561531
"physical-care-for-children","state45","active",29254355.9096123,425611.802252339
"physical-care-for-children","state19","active",20762298.0650125,357244.158156819
"physical-care-for-children","state17","active",96851282.6509925,1271108.94451185
"physical-care-for-children","state29","active",55578219.3986739,815327.216399442
"physical-care-for-children","state04","active",32166535.4791615,543338.107577613
"physical-care-for-children","state20","active",29002543.2161925,460434.713555845
"physical-care-for-children","state44","active",6192983.95649703,104482.955074244
"physical-care-for-children","state40","active",26471289.0925177,498250.566062998
"physical-care-for-children","state22","active",31120482.2571468,431765.130667736
"physical-care-for-children","state01","active",38386416.7019125,507507.278313824
"physical-care-for-children","state08","active",46701198.103706,615755.47100151
"physical-care-for-children","state46","active",10115587.478155,159572.392281512
"physical-care-for-children","state37","active",59535382.4565575,946351.687531628
"physical-care-for-children","state13","active",88947899.8828961,1222998.38638285
"physical-care-for-children","state27","active",45290150.3254553,729406.598236564
"physical-care-for-children","state28","active",20359670.3856948,294770.269723793
"physical-care-for-children","state09","active",25796019.7235306,366946.766552542
"physical-care-for-children","state18","active",55127050.3352792,777218.976171814
"physical-care-for-children","state34","active",71272849.128433,988354.758624405
"physical-care-for-children","state21","active",26974618.7096679,520024.640167121
"physical-care-for-children","state41","active",26193494.6847093,464809.74303363
"physical-care-for-children","state49","active",36993239.7558253,544125.314074178
"physical-care-for-children","state55","active",48509349.997112,711573.951808643
"physical-care-for-children","state31","active",17735053.6356201,358696.976298435
"physical-care-for-children","state54","active",9216047.07721783,149473.094528748
"physical-care-for-children","state02","active",5394688.62421495,88678.8614419567
"physical-care-for-children","state47","active",40733492.8204884,669642.108916665
"physical-care-for-children","state33","active",7968209.99501347,134865.752406014
"physical-care-for-children","state15","active",3874710.63677874,86344.2396580307
"physical-care-for-children","state16","active",14408790.1103038,259672.390582044
"physical-care-for-children","state56","active",6358716.61391394,94854.6645415403
"physical-care-for-children","state10","active",6707243.04488278,110049.507005393
"physical-care-for-children","state05","active",28331873.5031525,314383.692874682
"physical-care-for-children","state11","active",3350114.10559584,65218.0695176575
"physical-care-for-children","state25","active",58069062.7139504,826655.607195542
"physical-care-for-children","state38","active",10994762.7808659,125864.733595808
"physical-care-for-children","state32","active",14820622.6125656,254941.566602727
"physical-care-for-children","state30","active",3733084.60380988,79677.3124332373
"physical-care-for-children","state50","active",2586198.62337876,70831.9109515151
"picking-up-dropping-off-adults","state37","active",2094661.18420677,278917.028812753
"picking-up-dropping-off-adults","state42","active",3095258.06098572,422655.347080719
"picking-up-dropping-off-adults","state19","active",1188973.71199373,159726.285072545
"picking-up-dropping-off-adults","state48","active",11155431.6505638,1175180.57953633
"picking-up-dropping-off-adults","state27","active",1693371.39146525,169894.723937757
"picking-up-dropping-off-adults","state47","active",2241882.44202877,222294.117663896
"picking-up-dropping-off-adults","state13","active",2995420.10455825,303137.36490531
"picking-up-dropping-off-adults","state55","active",2653363.47371153,204373.017369353
"picking-up-dropping-off-adults","state26","active",2795883.43750828,407379.788552087
"picking-up-dropping-off-adults","state06","active",10946000.5565778,1032512.87442243
"picking-up-dropping-off-adults","state01","active",2455912.8982135,173670.416716913
"picking-up-dropping-off-adults","state45","active",2081997.93066182,222609.480677621
"picking-up-dropping-off-adults","state12","active",6387611.34129919,699882.650825362
"picking-up-dropping-off-adults","state09","active",2709557.26663623,161679.773959398
"picking-up-dropping-off-adults","state04","active",2395164.38677413,265169.374773216
"picking-up-dropping-off-adults","state18","active",2195363.61245416,208671.937912518
"picking-up-dropping-off-adults","state39","active",9834560.93506544,565355.780039604
"picking-up-dropping-off-adults","state08","active",2263853.84563428,228355.033472718
"picking-up-dropping-off-adults","state29","active",2876277.292399,292813.66386682
"picking-up-dropping-off-adults","state46","active",85937.1695247419,19034.7046715184
"picking-up-dropping-off-adults","state15","active",151772.76179825,23645.4726326055
"picking-up-dropping-off-adults","state22","active",1402521.09833884,111930.132546541
"picking-up-dropping-off-adults","state51","active",2828376.22876337,319810.341084643
"picking-up-dropping-off-adults","state10","active",206971.1178899,14546.8606661271
"picking-up-dropping-off-adults","state05","active",2053103.12492857,171143.606285781
"picking-up-dropping-off-adults","state28","active",1180614.01180246,79297.1604100975
"picking-up-dropping-off-adults","state23","active",383028.954092111,59538.469716554
"picking-up-dropping-off-adults","state53","active",3054871.81778143,275582.906757004
"picking-up-dropping-off-adults","state36","active",4798813.92629608,429430.146237258
"picking-up-dropping-off-adults","state17","active",3077929.89526769,342500.582905819
"picking-up-dropping-off-adults","state41","active",1496778.86293913,173743.71418014
"picking-up-dropping-off-adults","state35","active",727766.683048305,81088.6280342816
"picking-up-dropping-off-adults","state44","active",290016.294356041,26641.7187877474
"picking-up-dropping-off-adults","state16","active",454448.22285673,59638.1931054307
"picking-up-dropping-off-adults","state30","active",278927.588526927,32662.3872719666
"picking-up-dropping-off-adults","state20","active",1523581.52639226,139580.747429603
"picking-up-dropping-off-adults","state34","active",3259994.25056652,278541.070646102
"picking-up-dropping-off-adults","state21","active",1818655.91437884,178551.747325037
"picking-up-dropping-off-adults","state24","active",4282679.41348535,317408.298192375
"picking-up-dropping-off-adults","state25","active",1661439.58428339,239197.42922498
"picking-up-dropping-off-adults","state40","active",1027595.61864451,107960.380613838
"picking-up-dropping-off-adults","state32","active",399653.976776807,56912.6400846263
"picking-up-dropping-off-adults","state49","active",1139826.52311228,187988.258972287
"picking-up-dropping-off-adults","state33","active",133231.7151972,26646.34303944
"picking-up-dropping-off-adults","state50","active",109258.081919962,14076.3227981386
"picking-up-dropping-off-adults","state11","active",225199.248305801,27086.1962383014
"picking-up-dropping-off-adults","state31","active",358633.760183104,32626.9252917184
"picking-up-dropping-off-adults","state54","active",822402.957917678,79177.515466411
"picking-up-dropping-off-adults","state56","active",97878.0426548953,18038.1329755003
"picking-up-dropping-off-adults","state02","active",195496.735271405,30711.5489702345
"picking-up-dropping-off-adults","state38","active",185184.131453235,20823.3970999885
"picking-up-dropping-off-children","state24","active",5196413.20781282,436494.69072744
"picking-up-dropping-off-children","state22","active",3936436.40278999,268680.257696774
"picking-up-dropping-off-children","state45","active",6403578.65795861,418559.650674214
"picking-up-dropping-off-children","state21","active",2477692.57143552,256980.16103766
"picking-up-dropping-off-children","state29","active",6945891.42035219,327651.622157229
"picking-up-dropping-off-children","state04","active",5301765.05794672,376405.221912437
"picking-up-dropping-off-children","state47","active",5167829.74142844,398984.252376791
"picking-up-dropping-off-children","state51","active",9556960.40901766,653503.331938513
"picking-up-dropping-off-children","state46","active",1062913.78426658,88861.3210204296
"picking-up-dropping-off-children","state40","active",3080288.11116736,203979.538640641
"picking-up-dropping-off-children","state39","active",11567427.5159525,677414.06090505
"picking-up-dropping-off-children","state20","active",3572654.71860608,301069.399921178
"picking-up-dropping-off-children","state16","active",2614109.58122566,185990.984083991
"picking-up-dropping-off-children","state08","active",3294479.57677275,282525.236191006
"picking-up-dropping-off-children","state48","active",30237830.084308,2160940.24374076
"picking-up-dropping-off-children","state42","active",9829987.65843268,829618.303060315
"picking-up-dropping-off-children","state19","active",3222641.19082464,250005.689420748
"picking-up-dropping-off-children","state06","active",38105627.5812714,2364684.65153701
"picking-up-dropping-off-children","state28","active",2766845.53165163,238393.25913153
"picking-up-dropping-off-children","state02","active",682856.864863309,56289.2750969151
"picking-up-dropping-off-children","state34","active",14115257.8375947,551022.733506314
"picking-up-dropping-off-children","state53","active",6895069.61724916,493253.332772185
"picking-up-dropping-off-children","state17","active",13220703.2621679,838258.004405237
"picking-up-dropping-off-children","state37","active",9291733.90728933,513416.994916926
"picking-up-dropping-off-children","state55","active",6379668.16085757,427190.721952845
"picking-up-dropping-off-children","state36","active",8609383.09545143,739457.073412873
"picking-up-dropping-off-children","state35","active",2199813.27438674,128489.276645761
"picking-up-dropping-off-children","state26","active",10651827.1246442,628398.550835572
"picking-up-dropping-off-children","state49","active",2683674.16508987,224728.403452669
"picking-up-dropping-off-children","state10","active",706096.325376362,47381.1048024597
"picking-up-dropping-off-children","state15","active",751181.565781058,46161.6216919074
"picking-up-dropping-off-children","state09","active",3180413.22088661,220180.429093655
"picking-up-dropping-off-children","state12","active",18078942.5594823,1232724.02791778
"picking-up-dropping-off-children","state38","active",1103470.52017985,91387.5233301255
"picking-up-dropping-off-children","state13","active",10139643.6721645,583430.503962472
"picking-up-dropping-off-children","state54","active",1396627.36047995,96491.6130236444
"picking-up-dropping-off-children","state05","active",2337725.50792903,157257.987102109
"picking-up-dropping-off-children","state23","active",873779.22906039,84805.938423028
"picking-up-dropping-off-children","state41","active",3304398.78506468,247469.730489699
"picking-up-dropping-off-children","state18","active",6658365.31504177,450961.030194266
"picking-up-dropping-off-children","state01","active",3818742.36532194,220394.976847248
"picking-up-dropping-off-children","state25","active",5415624.54110414,505314.378395858
"picking-up-dropping-off-children","state27","active",4613589.0594206,363351.210716604
"picking-up-dropping-off-children","state31","active",2126019.57503291,184255.705662961
"picking-up-dropping-off-children","state32","active",1382770.45510922,131317.247107527
"picking-up-dropping-off-children","state30","active",581578.609699352,57890.5824859879
"picking-up-dropping-off-children","state33","active",1219345.88873886,91049.4076898942
"picking-up-dropping-off-children","state11","active",874608.355091039,69981.2654999397
"picking-up-dropping-off-children","state50","active",507348.836659887,29809.531226606
"picking-up-dropping-off-children","state44","active",1299330.27835403,48715.7081083244
"picking-up-dropping-off-children","state56","active",455445.928727443,28876.4166211397
"playing-with-children","state48","active",176835621.024711,1590393.84686454
"playing-with-children","state04","active",39273210.3810626,327324.871331269
"playing-with-children","state39","active",71155864.7994447,582664.013068018
"playing-with-children","state06","active",191439652.642051,1811027.7952656
"playing-with-children","state31","active",17056860.3429198,170808.688503749
"playing-with-children","state34","active",50596749.6856143,535002.445372373
"playing-with-children","state26","active",49294546.6075466,491803.949202375
"playing-with-children","state53","active",53903509.9613652,448085.164753901
"playing-with-children","state42","active",69318964.0066082,681693.555027139
"playing-with-children","state37","active",43529561.505276,397970.435427113
"playing-with-children","state35","active",9799099.02326827,100192.990580841
"playing-with-children","state23","active",5396449.2760591,55370.2642532679
"playing-with-children","state19","active",16788616.6106791,161080.070981715
"playing-with-children","state12","active",83977344.655886,730602.910973978
"playing-with-children","state17","active",96534368.3887132,803751.715553081
"playing-with-children","state20","active",22772334.7344422,269110.958166056
"playing-with-children","state51","active",56108220.7423397,462601.254613538
"playing-with-children","state40","active",15484345.2820355,180134.095904791
"playing-with-children","state22","active",16718791.4892755,167860.435330688
"playing-with-children","state08","active",30452003.2314046,282073.658902901
"playing-with-children","state46","active",5648387.32561358,47714.859547297
"playing-with-children","state55","active",39863015.6995661,400267.999341702
"playing-with-children","state27","active",28953904.2137584,292943.459015301
"playing-with-children","state09","active",17536620.6642736,169754.044637312
"playing-with-children","state36","active",92198594.5832357,899965.27581619
"playing-with-children","state21","active",41128673.4181929,294147.16329816
"playing-with-children","state49","active",19134772.765145,225047.872479487
"playing-with-children","state24","active",34983423.3995465,307338.097736323
"playing-with-children","state02","active",3232117.61167068,37581.2608565896
"playing-with-children","state45","active",20705861.9429336,195666.368766962
"playing-with-children","state32","active",17019128.7474373,124005.039654189
"playing-with-children","state33","active",8785833.68985461,53649.9046820816
"playing-with-children","state29","active",30740687.2619329,256008.934944948
"playing-with-children","state47","active",45837073.5599761,341323.197240654
"playing-with-children","state13","active",54061899.1449531,528490.18323613
"playing-with-children","state28","active",7417846.63535785,61153.9783567869
"playing-with-children","state41","active",32728306.3371644,236885.004620362
"playing-with-children","state10","active",3195601.32101026,33027.5411061282
"playing-with-children","state16","active",12605911.6970871,139447.809721348
"playing-with-children","state01","active",24377995.626954,230706.131294415
"playing-with-children","state18","active",42660644.9381361,347529.819957791
"playing-with-children","state54","active",11259182.349393,82522.9624688586
"playing-with-children","state11","active",4211035.82914621,45620.7428273775
"playing-with-children","state05","active",11263948.5320789,112240.743429666
"playing-with-children","state25","active",35053384.1654552,353412.737227469
"playing-with-children","state38","active",5768538.8100534,57482.0182124816
"playing-with-children","state30","active",3398804.92429289,35179.4859559803
"playing-with-children","state50","active",1789134.09882924,26163.9058555107
"playing-with-children","state56","active",3067643.74715575,28757.3986242477
"playing-with-children","state44","active",3853011.99161461,47012.7668292471
"playing-with-children","state15","active",4663566.90003422,25993.3263257868
"providing-medical-care-to-adults","state46","active",378235.761542422,10436.9515854625
"providing-medical-care-to-adults","state18","active",7021715.22965465,82290.7054531282
"providing-medical-care-to-adults","state29","active",8047118.79457142,96733.6526714981
"providing-medical-care-to-adults","state12","active",5694179.05363558,119134.781343932
"providing-medical-care-to-adults","state01","active",6314627.72475253,74115.7571561759
"providing-medical-care-to-adults","state39","active",11827495.9618363,125781.555097941
"providing-medical-care-to-adults","state36","active",12793284.698802,216089.470236632
"providing-medical-care-to-adults","state06","active",12085701.5052662,181262.648953986
"providing-medical-care-to-adults","state04","active",2356274.94953396,46724.3965824636
"providing-medical-care-to-adults","state54","active",7735.29218703836,1547.05843740767
"providing-medical-care-to-adults","state15","active",853047.797512427,12472.01741256
"providing-medical-care-to-adults","state24","active",12196641.4446443,71229.8708374838
"providing-medical-care-to-adults","state17","active",7464619.37149196,122412.718435298
"providing-medical-care-to-adults","state13","active",7728250.1712608,125070.527299994
"providing-medical-care-to-adults","state48","active",24789680.9387008,261566.390574203
"providing-medical-care-to-adults","state09","active",2773388.57975777,47485.6738736274
"providing-medical-care-to-adults","state34","active",9031513.42060932,133215.541837304
"providing-medical-care-to-adults","state42","active",10353011.3205872,131159.888329359
"providing-medical-care-to-adults","state55","active",3859125.31324919,61318.1396917901
"providing-medical-care-to-adults","state28","active",498197.610070745,41850.9684707885
"providing-medical-care-to-adults","state53","active",3513942.86982078,61080.0983883101
"providing-medical-care-to-adults","state41","active",7799525.00254185,65913.9550414762
"providing-medical-care-to-adults","state45","active",8379693.16869913,68665.1110726422
"providing-medical-care-to-adults","state19","active",1715931.71438302,56687.928636537
"providing-medical-care-to-adults","state26","active",3283529.77861081,92498.0210115244
"providing-medical-care-to-adults","state16","active",1734831.30361685,33868.5251284504
"providing-medical-care-to-adults","state40","active",1098985.37292956,40898.6081295112
"providing-medical-care-to-adults","state27","active",304227.769332992,7625.08428060712
"providing-medical-care-to-adults","state10","active",696538.437688971,26244.114671051
"providing-medical-care-to-adults","state51","active",9776052.15220923,148741.714575084
"providing-medical-care-to-adults","state35","active",594972.943729137,50719.1581425452
"providing-medical-care-to-adults","state23","active",1062173.08299088,26422.0546141496
"providing-medical-care-to-adults","state56","active",240027.685336164,12001.3842668082
"providing-medical-care-to-adults","state08","active",4267150.21393673,36290.5647422329
"providing-medical-care-to-adults","state21","active",1703618.59336391,44959.5035885797
"providing-medical-care-to-adults","state37","active",6764365.41544783,91123.4243026932
"providing-medical-care-to-adults","state20","active",1506559.22513842,27141.2959404384
"providing-medical-care-to-adults","state49","active",2005770.29772082,26423.5427523699
"providing-medical-care-to-adults","state05","active",635517.10480406,46372.4689161326
"providing-medical-care-to-adults","state25","active",186796.687966969,35095.8826587452
"providing-medical-care-to-adults","state31","active",1855535.64503053,23134.8602909173
"providing-medical-care-to-adults","state22","active",7986298.03197446,32397.6280196997
"providing-medical-care-to-adults","state47","active",215047.998525261,19944.949741909
"providing-medical-care-to-adults","state32","active",1183147.2226267,24527.8773307178
"providing-medical-care-to-adults","state44","active",7714.67102599069,2571.55700866356
"providing-medical-care-to-adults","state11","active",64822.816825326,6482.2816825326
"providing-medical-care-to-adults","state30","active",69053.7036511726,1534.52674780384
"providing-medical-care-to-adults","state33","active",107607.153437699,5380.35767188493
"providing-medical-care-to-adults","state02","active",599045.78106144,8320.08029252
"providing-medical-care-to-adults","state50","active",75842.8390090959,7584.28390090959
"providing-medical-care-to-children","state26","active",1268884.07771157,31276.976331766
"providing-medical-care-to-children","state40","active",432475.039295784,19636.3377633397
"providing-medical-care-to-children","state48","active",8810636.25573725,146995.51268834
"providing-medical-care-to-children","state27","active",83952.4652176586,10194.8716810038
"providing-medical-care-to-children","state21","active",1152802.33233437,63130.3645390142
"providing-medical-care-to-children","state17","active",2806350.12541215,46443.2909569907
"providing-medical-care-to-children","state39","active",570668.815604234,69275.1227265112
"providing-medical-care-to-children","state06","active",5918083.30056766,80518.8300225693
"providing-medical-care-to-children","state51","active",3862720.78493074,64863.8299906499
"providing-medical-care-to-children","state01","active",10193319.2914167,55195.2396957474
"providing-medical-care-to-children","state49","active",2259459.51153616,23321.5958277282
"providing-medical-care-to-children","state53","active",640494.621789106,33796.7229556871
"providing-medical-care-to-children","state41","active",1151060.04946528,42911.3738840263
"providing-medical-care-to-children","state28","active",1212841.28561317,25064.5903901693
"providing-medical-care-to-children","state29","active",329023.674090481,30068.0683406669
"providing-medical-care-to-children","state36","active",1367217.52454847,8263.64384734466
"providing-medical-care-to-children","state42","active",8809714.52542699,92548.7824806827
"providing-medical-care-to-children","state05","active",200713.8353603,18324.2321038055
"providing-medical-care-to-children","state22","active",1466881.30081371,38855.4691393381
"providing-medical-care-to-children","state32","active",3178.40061997151,1589.20030998575
"providing-medical-care-to-children","state24","active",158256.359019638,7912.81795098192
"providing-medical-care-to-children","state34","active",1682788.45987461,54614.9724556521
"providing-medical-care-to-children","state02","active",185233.776850586,771.80740354411
"providing-medical-care-to-children","state12","active",4901928.3951679,76980.2265735677
"providing-medical-care-to-children","state04","active",1058907.98408036,22068.5454223595
"providing-medical-care-to-children","state25","active",5215331.66988914,37906.3657106225
"providing-medical-care-to-children","state13","active",360218.239445776,15201.4808631101
"providing-medical-care-to-children","state55","active",1082776.50026626,19924.8923851978
"providing-medical-care-to-children","state19","active",318315.383297286,18646.0282909693
"providing-medical-care-to-children","state45","active",1700208.31259578,21895.3741369277
"providing-medical-care-to-children","state18","active",319970.08397133,20158.5599703058
"providing-medical-care-to-children","state09","active",199888.196286619,14205.1270808225
"providing-medical-care-to-children","state50","active",104751.027715989,3491.7009238663
"providing-medical-care-to-children","state08","active",433759.440749501,21213.2062619616
"providing-medical-care-to-children","state47","active",2204479.35873403,27064.7257655611
"providing-medical-care-to-children","state37","active",242834.343880784,7689.65057603397
"providing-medical-care-to-children","state30","active",567920.765431175,6824.58432945644
"providing-medical-care-to-children","state31","active",5696.82376892055,1139.36475378411
"providing-medical-care-to-children","state54","active",101400.273849578,5070.0136924789
"providing-medical-care-to-children","state16","active",839339.000905945,10366.2830617989
"providing-medical-care-to-children","state33","active",39082.9150390301,3908.29150390301
"providing-medical-care-to-children","state10","active",21631.784330857,10815.8921654285
"providing-medical-care-to-children","state20","active",190608.989245874,6353.63297486246
"providing-medical-care-to-children","state35","active",424537.275456395,21226.8637728197
"purchasing-food-not-groceries","state17","active",14439545.1140761,1175460.2605186
"purchasing-food-not-groceries","state45","active",7625293.91633112,556113.396044781
"purchasing-food-not-groceries","state12","active",16691429.3744331,1477950.79271645
"purchasing-food-not-groceries","state04","active",10203679.512547,721694.853429112
"purchasing-food-not-groceries","state36","active",19750826.549866,1693329.91331719
"purchasing-food-not-groceries","state06","active",41818886.9124193,3463934.59060607
"purchasing-food-not-groceries","state26","active",10600763.7086924,908647.609163251
"purchasing-food-not-groceries","state24","active",9585803.44917519,659499.371248411
"purchasing-food-not-groceries","state20","active",5224751.99437259,441742.905643908
"purchasing-food-not-groceries","state48","active",40401792.131464,3213078.82537974
"purchasing-food-not-groceries","state42","active",12499617.2749725,1005757.83207571
"purchasing-food-not-groceries","state47","active",9227042.36216705,811835.283040364
"purchasing-food-not-groceries","state23","active",1284107.32526014,139472.894881774
"purchasing-food-not-groceries","state41","active",6930288.88589394,568087.419494466
"purchasing-food-not-groceries","state27","active",5505368.04765536,476396.015006307
"purchasing-food-not-groceries","state54","active",2474435.48833927,228217.287412026
"purchasing-food-not-groceries","state29","active",10667767.4850585,791024.912240479
"purchasing-food-not-groceries","state05","active",2908566.02152353,298027.117165591
"purchasing-food-not-groceries","state34","active",10824422.7877189,918959.160334162
"purchasing-food-not-groceries","state30","active",1405168.12998443,99404.7324122411
"purchasing-food-not-groceries","state25","active",8357826.853047,758327.335983957
"purchasing-food-not-groceries","state55","active",4357668.32274972,458746.784270325
"purchasing-food-not-groceries","state08","active",7170667.56570201,581224.810640082
"purchasing-food-not-groceries","state28","active",2982732.75633481,282595.156871092
"purchasing-food-not-groceries","state13","active",15618013.1775811,1274212.42467984
"purchasing-food-not-groceries","state51","active",12872957.3427881,1003605.8956473
"purchasing-food-not-groceries","state01","active",7366377.94683417,568418.473596439
"purchasing-food-not-groceries","state39","active",13107456.0890194,1269155.67758579
"purchasing-food-not-groceries","state18","active",8783006.63360306,777330.244410936
"purchasing-food-not-groceries","state31","active",1781143.59670078,194950.128055185
"purchasing-food-not-groceries","state49","active",6272568.31371157,486453.319760547
"purchasing-food-not-groceries","state22","active",5066332.13813411,462879.001845106
"purchasing-food-not-groceries","state15","active",1423320.40099828,95191.3328505096
"purchasing-food-not-groceries","state16","active",2341733.2247713,169066.13124173
"purchasing-food-not-groceries","state53","active",10057865.6168259,973116.535970162
"purchasing-food-not-groceries","state21","active",6463998.23096635,540226.58091878
"purchasing-food-not-groceries","state40","active",4563226.42846719,390235.960764485
"purchasing-food-not-groceries","state09","active",3285321.26341534,305859.847704584
"purchasing-food-not-groceries","state37","active",10277083.8258284,950634.356806824
"purchasing-food-not-groceries","state19","active",2688630.6642301,274010.353490332
"purchasing-food-not-groceries","state35","active",2234073.01985661,184268.97969164
"purchasing-food-not-groceries","state32","active",1926547.11120203,178496.671651921
"purchasing-food-not-groceries","state02","active",217991.714170011,15784.2885917019
"purchasing-food-not-groceries","state11","active",3997186.59549798,167396.883127681
"purchasing-food-not-groceries","state44","active",947317.324034122,114550.165952519
"purchasing-food-not-groceries","state33","active",1647088.13776234,112685.785970574
"purchasing-food-not-groceries","state46","active",1416788.89657203,77727.2009853803
"purchasing-food-not-groceries","state38","active",504371.29616929,53446.9801615655
"purchasing-food-not-groceries","state50","active",984013.522855673,71991.6796409967
"purchasing-food-not-groceries","state10","active",1071416.67825901,65057.0959674433
"purchasing-food-not-groceries","state56","active",180149.521000733,25483.3742049852
"purchasing-gas","state36","active",2661546.48723221,292549.115858392
"purchasing-gas","state04","active",2364917.91399231,190800.295183759
"purchasing-gas","state27","active",1344747.32934591,144157.030554924
"purchasing-gas","state48","active",7470136.06604263,762157.001711407
"purchasing-gas","state06","active",9204757.44226005,729779.572306938
"purchasing-gas","state55","active",2384167.35494187,197281.610131199
"purchasing-gas","state28","active",1266866.98218824,138930.136315162
"purchasing-gas","state25","active",1112576.81578497,123942.390744512
"purchasing-gas","state15","active",481834.379548011,40353.502396371
"purchasing-gas","state24","active",3233492.28478769,244738.352724378
"purchasing-gas","state18","active",1799366.29163,187862.187512184
"purchasing-gas","state16","active",740840.325402891,78781.3220234011
"purchasing-gas","state53","active",1685309.883932,196424.504415898
"purchasing-gas","state08","active",493131.58513354,34836.7611211321
"purchasing-gas","state01","active",967410.505142909,114431.765831148
"purchasing-gas","state21","active",1081479.76974187,97829.5463386877
"purchasing-gas","state30","active",428480.594858363,72050.7158486406
"purchasing-gas","state20","active",693678.893053356,73771.5585507627
"purchasing-gas","state17","active",4115037.18748866,430029.364745726
"purchasing-gas","state47","active",2257140.10934056,200876.546920741
"purchasing-gas","state12","active",4408292.24413519,423942.19315986
"purchasing-gas","state05","active",373407.851321499,50795.1167280816
"purchasing-gas","state26","active",2943534.11706903,257606.017566347
"purchasing-gas","state13","active",4234517.84494284,359493.075788112
"purchasing-gas","state42","active",4233008.33196347,333515.613365916
"purchasing-gas","state51","active",2892303.82418475,345003.480552045
"purchasing-gas","state39","active",4362601.72703131,389363.23597909
"purchasing-gas","state19","active",851941.625289122,64348.152455434
"purchasing-gas","state34","active",1802773.84821089,166103.333605335
"purchasing-gas","state38","active",343769.09550354,42551.6093333929
"purchasing-gas","state33","active",394212.343228433,63900.4762204789
"purchasing-gas","state45","active",761304.669085447,81565.2538607233
"purchasing-gas","state22","active",1466635.51743587,132070.044009979
"purchasing-gas","state49","active",968671.527914664,118475.769101213
"purchasing-gas","state09","active",706706.489940051,101093.957579902
"purchasing-gas","state32","active",663838.865123575,50471.6174835392
"purchasing-gas","state29","active",2971908.83613701,252096.798484744
"purchasing-gas","state50","active",472499.464684727,52332.4333357167
"purchasing-gas","state41","active",1231744.58371821,131497.724715118
"purchasing-gas","state40","active",1542620.86325149,116783.960032746
"purchasing-gas","state31","active",295251.819011745,20793.7917906877
"purchasing-gas","state46","active",18395.4195450137,3679.08390900274
"purchasing-gas","state37","active",2748123.08447852,264772.514237271
"purchasing-gas","state44","active",231717.360571356,31383.2758337825
"purchasing-gas","state11","active",69238.5344147096,4615.90229431397
"purchasing-gas","state35","active",452346.143172123,37741.4804241436
"purchasing-gas","state10","active",188371.807488767,21557.1933005753
"purchasing-gas","state23","active",136249.126238521,29488.7777904915
"purchasing-gas","state54","active",2148501.70219321,13295.0726459277
"purchasing-gas","state56","active",86815.5474978137,8681.55474978137
"purchasing-gas","state02","active",26766.0279388274,3823.71827697534
"reading-to-children","state24","active",5687211.29581454,180409.935651701
"reading-to-children","state35","active",2035621.50766724,51920.985611629
"reading-to-children","state48","active",14586051.2722852,476701.374010158
"reading-to-children","state44","active",1211622.29781028,33596.3666797605
"reading-to-children","state51","active",4366842.37053428,191909.024123446
"reading-to-children","state06","active",16428009.6768444,626335.587208153
"reading-to-children","state08","active",3486131.24860694,174818.417449449
"reading-to-children","state12","active",8004895.948644,282814.626244697
"reading-to-children","state46","active",1473740.76870305,28593.0698280559
"reading-to-children","state42","active",8190369.80659592,284992.696430817
"reading-to-children","state37","active",3186272.83361376,116712.470644222
"reading-to-children","state27","active",6244150.92548748,190785.534720621
"reading-to-children","state09","active",2169573.69025469,92250.1596855353
"reading-to-children","state17","active",6566189.68219776,240790.457651722
"reading-to-children","state04","active",3231683.10146958,145929.613906986
"reading-to-children","state53","active",9215805.66432281,289387.550687083
"reading-to-children","state49","active",4203536.84060911,130736.734056717
"reading-to-children","state45","active",2456457.29291657,121937.866550132
"reading-to-children","state36","active",17803702.8310908,395274.169599904
"reading-to-children","state33","active",720908.903584153,29839.9746635764
"reading-to-children","state34","active",7417267.25415804,252048.881415752
"reading-to-children","state23","active",1079516.30630405,31387.8064098658
"reading-to-children","state47","active",2937840.93005496,74548.6787144833
"reading-to-children","state55","active",4291773.75415753,100083.859306084
"reading-to-children","state41","active",3219179.39767771,94898.3933102164
"reading-to-children","state29","active",5146034.50605897,158366.988597483
"reading-to-children","state10","active",273619.821007167,14334.4308066236
"reading-to-children","state20","active",1880797.92875852,85933.7779918329
"reading-to-children","state18","active",3398753.35923521,102865.571971739
"reading-to-children","state54","active",224339.488234077,9652.91180320164
"reading-to-children","state11","active",607428.136845915,22121.6904318488
"reading-to-children","state56","active",489131.295345542,18283.0539011556
"reading-to-children","state26","active",9854729.76376793,250084.139651655
"reading-to-children","state13","active",4057688.17914726,149329.58354172
"reading-to-children","state39","active",6696460.70129166,204361.043681784
"reading-to-children","state22","active",1519344.52810687,36156.7316538164
"reading-to-children","state21","active",1309299.50650135,45881.3162576608
"reading-to-children","state25","active",6251950.10507652,170673.366814468
"reading-to-children","state01","active",1487011.7095145,52537.863088017
"reading-to-children","state16","active",2190907.2058246,60536.2773255025
"reading-to-children","state19","active",1690273.69797118,58737.5305279321
"reading-to-children","state32","active",2332104.89978184,83328.8791045962
"reading-to-children","state31","active",818019.56538029,39140.1802286269
"reading-to-children","state40","active",1858549.66752721,63167.6767599222
"reading-to-children","state02","active",23154.2221063233,771.80740354411
"reading-to-children","state30","active",576186.161853104,12529.3628041764
"reading-to-children","state38","active",757570.126265665,23622.2905462723
"reading-to-children","state05","active",736043.718998663,25774.665167623
"reading-to-children","state28","active",1631549.31091893,31937.6359191501
"reading-to-children","state15","active",186625.477822707,6993.14324579014
"real-estate-sales","state48","active",5259249.69475715,73782.2399012121
"real-estate-sales","state19","active",1005179.86217101,6812.72676283836
"real-estate-sales","state26","active",2421197.27897968,20392.644222629
"real-estate-sales","state25","active",1027141.82317152,14489.6072629079
"real-estate-sales","state36","active",7373951.35033807,55575.7131986636
"real-estate-sales","state55","active",1016093.17201756,8467.4431001463
"real-estate-sales","state01","active",410882.69772317,13272.4309717178
"real-estate-sales","state06","active",7430107.64007422,83877.1337081715
"real-estate-sales","state40","active",1248338.99142111,18566.194977034
"real-estate-sales","state41","active",729156.118802548,9641.84822692877
"real-estate-sales","state22","active",2669652.27798913,24902.8094162959
"real-estate-sales","state42","active",3673146.71921425,15741.7746229233
"real-estate-sales","state45","active",1590318.76122787,11960.4102709112
"real-estate-sales","state51","active",1730433.33812714,14029.4450957863
"real-estate-sales","state34","active",1585908.11957244,24781.1940255726
"real-estate-sales","state49","active",248864.810005266,9978.80802804932
"real-estate-sales","state39","active",1267876.52988363,28380.6109899162
"real-estate-sales","state50","active",130639.447498345,3265.98618745863
"real-estate-sales","state16","active",607479.035739321,2892.75731304438
"real-estate-sales","state38","active",213929.960167036,4753.99911482301
"real-estate-sales","state04","active",1254672.04613856,22675.0313516652
"real-estate-sales","state13","active",1356251.4166105,11304.0165198422
"real-estate-sales","state35","active",50000.6484097808,1666.68828032603
"real-estate-sales","state12","active",48062.2477743233,4806.22477743233
"real-estate-sales","state08","active",187396.704238586,3123.27840397644
"real-estate-sales","state32","active",412213.449470389,13102.2011894219
"real-estate-sales","state37","active",126821.992899353,8454.79952662356
"real-estate-sales","state53","active",1509332.71280235,17698.0075819907
"real-estate-sales","state27","active",915493.330834082,9055.43882832603
"real-estate-sales","state29","active",8210.30799497096,4105.15399748548
"real-estate-sales","state09","active",58044.2512086493,1289.8722490811
"real-estate-sales","state31","active",6526.14292523014,6526.14292523014
"real-estate-sales","state02","active",1820523.65071147,5057.01014086521
"real-estate-sales","state20","active",403000.942856219,6716.68238093699
"secondary-childcare","state17","passive_child",724795479.633656,2275052.20228689
"secondary-childcare","state37","passive_child",597142009.728413,1704006.07523721
"secondary-childcare","state48","passive_child",1974161505.07217,5499887.98409624
"secondary-childcare","state36","passive_child",911610273.125256,2552827.36699898
"secondary-childcare","state39","passive_child",625031377.616328,1790902.16103796
"secondary-childcare","state06","passive_child",2292302752.89407,6344913.55412872
"secondary-childcare","state26","passive_child",488369678.459191,1575978.60720049
"secondary-childcare","state31","passive_child",142099686.049925,443920.407614664
"secondary-childcare","state24","passive_child",374400760.113517,1105155.00717398
"secondary-childcare","state22","passive_child",254834106.310466,794747.132868007
"secondary-childcare","state53","passive_child",483906689.137556,1551652.89590986
"secondary-childcare","state42","passive_child",657753644.120072,2033103.15927491
"secondary-childcare","state51","passive_child",524359669.358703,1645619.15207951
"secondary-childcare","state35","passive_child",110435823.228996,355858.276185893
"secondary-childcare","state23","passive_child",58163917.3370271,197726.024731214
"secondary-childcare","state45","passive_child",301798883.511114,908023.845063683
"secondary-childcare","state19","passive_child",184543793.436755,570686.217798035
"secondary-childcare","state08","passive_child",322550090.750324,1060834.43966169
"secondary-childcare","state04","passive_child",396014316.004717,1094850.33116119
"secondary-childcare","state12","passive_child",1023035891.41449,3135629.94722964
"secondary-childcare","state20","passive_child",203498660.312596,653025.414243965
"secondary-childcare","state44","passive_child",40476340.8538495,149984.421494215
"secondary-childcare","state47","passive_child",397392833.442598,1249669.46345977
"secondary-childcare","state21","passive_child",245269964.205458,731821.745297844
"secondary-childcare","state13","passive_child",593172723.014343,1924153.6217552
"secondary-childcare","state46","passive_child",78236286.6102306,236713.868281478
"secondary-childcare","state40","passive_child",261820009.914504,757536.103411178
"secondary-childcare","state29","passive_child",345351811.135607,1100550.71264679
"secondary-childcare","state27","passive_child",357029311.473972,1058558.42243033
"secondary-childcare","state16","passive_child",161708203.597544,426572.470257407
"secondary-childcare","state28","passive_child",186319196.577926,528087.841210861
"secondary-childcare","state55","passive_child",347589154.389559,1063739.51889414
"secondary-childcare","state56","passive_child",30803955.3319175,87671.0031166959
"secondary-childcare","state25","passive_child",325647199.462516,1031481.83929248
"secondary-childcare","state09","passive_child",207091632.820666,583964.844255937
"secondary-childcare","state18","passive_child",460141068.942433,1254709.01539183
"secondary-childcare","state34","passive_child",492492862.215322,1474369.79534757
"secondary-childcare","state41","passive_child",250548761.432156,723576.396654584
"secondary-childcare","state49","passive_child",324948941.923781,881802.732007598
"secondary-childcare","state54","passive_child",70656773.3985487,234206.679239746
"secondary-childcare","state01","passive_child",263954442.004283,778868.702796776
"secondary-childcare","state02","passive_child",28532353.9610885,104521.359929487
"secondary-childcare","state30","passive_child",64613804.1526247,171198.14577036
"secondary-childcare","state33","passive_child",73341221.4396941,189108.812628064
"secondary-childcare","state15","passive_child",54388722.475639,142654.314974334
"secondary-childcare","state10","passive_child",62847751.0378029,166450.606831828
"secondary-childcare","state32","passive_child",133596339.28998,394530.858884208
"secondary-childcare","state05","passive_child",207614592.555429,477366.725119747
"secondary-childcare","state38","passive_child",44192251.3661574,152431.669692096
"secondary-childcare","state11","passive_child",28573516.5818275,197729.030019842
"secondary-childcare","state50","passive_child",22021244.3299359,82357.968291691
"secondary-eldercare","state12","passive_elder",124668189.874311,608764.51038029
"secondary-eldercare","state37","passive_elder",92872565.3741301,404479.509641096
"secondary-eldercare","state19","passive_elder",19449721.2665405,120496.111667376
"secondary-eldercare","state44","passive_elder",8327098.60263899,33803.0050551332
"secondary-eldercare","state46","passive_elder",11723226.5411974,43529.741841606
"secondary-eldercare","state26","passive_elder",45182044.5015098,216916.359777582
"secondary-eldercare","state20","passive_elder",20351860.3161991,115510.622926981
"secondary-eldercare","state17","passive_elder",106096090.055189,451009.974763552
"secondary-eldercare","state41","passive_elder",46186888.6155405,167881.279931081
"secondary-eldercare","state05","passive_elder",52715592.8411042,164667.603037288
"secondary-eldercare","state13","passive_elder",83393868.2068759,344140.974775635
"secondary-eldercare","state36","passive_elder",159899827.156206,544505.057135087
"secondary-eldercare","state39","passive_elder",152868609.95094,544717.911675107
"secondary-eldercare","state08","passive_elder",22147957.8027564,126814.252557139
"secondary-eldercare","state35","passive_elder",24105397.725788,158062.082985703
"secondary-eldercare","state48","passive_elder",209403897.772684,1020582.99489512
"secondary-eldercare","state10","passive_elder",12755224.8793248,37147.5933292712
"secondary-eldercare","state55","passive_elder",47965311.2581709,230371.351362575
"secondary-eldercare","state45","passive_elder",47121990.251517,211537.566565601
"secondary-eldercare","state27","passive_elder",32361123.9699186,165270.894904116
"secondary-eldercare","state34","passive_elder",62252190.6158567,242697.593607747
"secondary-eldercare","state42","passive_elder",132179259.94808,490772.789622556
"secondary-eldercare","state51","passive_elder",79610387.8112346,361569.665194946
"secondary-eldercare","state06","passive_elder",193970509.787631,1013223.38488623
"secondary-eldercare","state04","passive_elder",68034188.2640131,293541.206342575
"secondary-eldercare","state21","passive_elder",29095876.4686862,168605.902892346
"secondary-eldercare","state28","passive_elder",31512938.0677639,125567.066252542
"secondary-eldercare","state01","passive_elder",35889962.7239894,167298.226932645
"secondary-eldercare","state22","passive_elder",27599939.521097,136457.131185694
"secondary-eldercare","state54","passive_elder",21517913.5081506,101077.744479992
"secondary-eldercare","state47","passive_elder",56095074.2907803,229312.500553542
"secondary-eldercare","state49","passive_elder",13300982.0331768,100418.989903295
"secondary-eldercare","state53","passive_elder",57519428.923888,402439.240887861
"secondary-eldercare","state24","passive_elder",26339712.0386796,277185.579192069
"secondary-eldercare","state31","passive_elder",17763268.3002069,60460.9141799901
"secondary-eldercare","state09","passive_elder",12736728.644207,128764.131209004
"secondary-eldercare","state40","passive_elder",22397812.5958742,96981.5136479052
"secondary-eldercare","state18","passive_elder",101832295.205661,363536.320318642
"secondary-eldercare","state29","passive_elder",59024828.6130403,446516.111998334
"secondary-eldercare","state38","passive_elder",1096710.64342437,4502.77843594027
"secondary-eldercare","state30","passive_elder",6554643.68719015,41788.0957792241
"secondary-eldercare","state25","passive_elder",46744281.9678752,213453.832577945
"secondary-eldercare","state23","passive_elder",15639361.3524125,83788.1296496784
"secondary-eldercare","state32","passive_elder",30454123.8835238,99708.9484307162
"secondary-eldercare","state11","passive_elder",6972844.82223813,35161.8885031052
"secondary-eldercare","state33","passive_elder",5153205.81717648,45818.9577614055
"secondary-eldercare","state50","passive_elder",3004426.71737168,53245.4583314619
"secondary-eldercare","state16","passive_elder",13339928.5543135,26116.6507875589
"secondary-eldercare","state15","passive_elder",5952274.86096729,43435.9951642444
"secondary-eldercare","state56","passive_elder",2551905.76754666,11260.0018297205
"secondary-eldercare","state02","passive_elder",3981699.16361756,17518.7561814915
"shopping-except-groceries-food-and-gas","state17","active",97440172.1721643,1689237.2939941
"shopping-except-groceries-food-and-gas","state39","active",105941070.625419,1766577.5425065
"shopping-except-groceries-food-and-gas","state24","active",54954912.5521647,908643.262907962
"shopping-except-groceries-food-and-gas","state13","active",78076397.1787258,1357095.97912956
"shopping-except-groceries-food-and-gas","state08","active",57995824.1871958,845791.630565981
"shopping-except-groceries-food-and-gas","state01","active",34036096.877531,643414.439001426
"shopping-except-groceries-food-and-gas","state40","active",25979425.4780137,424162.829767065
"shopping-except-groceries-food-and-gas","state06","active",285643312.842563,4526813.71536734
"shopping-except-groceries-food-and-gas","state22","active",33020865.3525956,476056.010728018
"shopping-except-groceries-food-and-gas","state21","active",39451805.8182225,675341.255506095
"shopping-except-groceries-food-and-gas","state04","active",58593046.8886085,871809.404504098
"shopping-except-groceries-food-and-gas","state42","active",105661639.4838,1838436.78642167
"shopping-except-groceries-food-and-gas","state18","active",71055603.4850703,1056597.49470361
"shopping-except-groceries-food-and-gas","state36","active",141772081.07736,1978786.13910448
"shopping-except-groceries-food-and-gas","state41","active",25315992.7385557,485279.281685747
"shopping-except-groceries-food-and-gas","state34","active",72339211.7237742,1077291.83175044
"shopping-except-groceries-food-and-gas","state05","active",36372780.097405,516653.361685307
"shopping-except-groceries-food-and-gas","state54","active",16029774.2987691,228101.379678646
"shopping-except-groceries-food-and-gas","state26","active",66969642.6705827,1169635.95779211
"shopping-except-groceries-food-and-gas","state47","active",51662818.7729513,886812.005202473
"shopping-except-groceries-food-and-gas","state48","active",233319476.529588,3600631.86261711
"shopping-except-groceries-food-and-gas","state50","active",5373472.97897424,82346.5293048866
"shopping-except-groceries-food-and-gas","state16","active",15153095.6563871,181905.946445186
"shopping-except-groceries-food-and-gas","state55","active",48368897.9484553,780768.818976559
"shopping-except-groceries-food-and-gas","state19","active",28726466.8161633,435658.540552437
"shopping-except-groceries-food-and-gas","state12","active",184418600.852292,2652856.52967839
"shopping-except-groceries-food-and-gas","state45","active",63543460.2088943,789842.961983246
"shopping-except-groceries-food-and-gas","state28","active",31641754.4644945,395602.864046615
"shopping-except-groceries-food-and-gas","state09","active",23903684.7883362,432631.983562664
"shopping-except-groceries-food-and-gas","state20","active",27247298.5550578,489335.73144886
"shopping-except-groceries-food-and-gas","state30","active",6986060.76988329,127379.771044338
"shopping-except-groceries-food-and-gas","state10","active",11108109.5774714,139379.789281351
"shopping-except-groceries-food-and-gas","state35","active",11299057.682334,251584.049542596
"shopping-except-groceries-food-and-gas","state37","active",84699772.7979379,1234889.45286211
"shopping-except-groceries-food-and-gas","state53","active",65009833.1472939,1176283.7134425
"shopping-except-groceries-food-and-gas","state49","active",30379656.7403567,408333.600406908
"shopping-except-groceries-food-and-gas","state33","active",8294724.03337644,198922.278839413
"shopping-except-groceries-food-and-gas","state23","active",18651416.1540847,242255.977171725
"shopping-except-groceries-food-and-gas","state27","active",42881196.4904667,843901.187522476
"shopping-except-groceries-food-and-gas","state51","active",67415594.0811557,1200978.34706432
"shopping-except-groceries-food-and-gas","state32","active",19457011.8351654,309282.422339792
"shopping-except-groceries-food-and-gas","state15","active",10360255.2697245,169401.921765634
"shopping-except-groceries-food-and-gas","state25","active",35486985.8630561,813861.703625266
"shopping-except-groceries-food-and-gas","state29","active",56867214.455413,922918.443766072
"shopping-except-groceries-food-and-gas","state44","active",11519917.830183,132960.293560027
"shopping-except-groceries-food-and-gas","state31","active",24019242.7863861,356793.118726608
"shopping-except-groceries-food-and-gas","state38","active",6392932.13118636,117623.724171693
"shopping-except-groceries-food-and-gas","state11","active",7951828.47725759,123128.6424238
"shopping-except-groceries-food-and-gas","state46","active",6907404.41167135,83543.7676148263
"shopping-except-groceries-food-and-gas","state56","active",6790079.0209365,72847.144999606
"shopping-except-groceries-food-and-gas","state02","active",1786459.61897042,36625.7997774992
"talking-to-children","state17","active",9283166.21874043,274520.680849795
"talking-to-children","state39","active",11432273.8717418,178573.344733827
"talking-to-children","state30","active",583646.163809135,23355.416544669
"talking-to-children","state27","active",9133101.7073133,195061.634122441
"talking-to-children","state46","active",1309297.92557083,41487.2099421671
"talking-to-children","state04","active",2788119.25395014,108502.091468491
"talking-to-children","state47","active",8403235.79363211,167159.578124799
"talking-to-children","state09","active",1585266.1569422,60202.7022209885
"talking-to-children","state35","active",3175198.32125085,50989.4658723479
"talking-to-children","state42","active",7051062.17674084,188874.775150601
"talking-to-children","state53","active",12194974.060653,221594.295902018
"talking-to-children","state22","active",3168567.59018319,69050.145176743
"talking-to-children","state06","active",30307845.6972271,778182.441553531
"talking-to-children","state34","active",5967851.58295184,162822.665349472
"talking-to-children","state23","active",901463.29244608,26305.4767558164
"talking-to-children","state51","active",22887854.5450062,425313.820884747
"talking-to-children","state21","active",3045654.28602778,77594.8207817255
"talking-to-children","state12","active",8306285.71486778,260469.807516158
"talking-to-children","state10","active",4530891.1167159,39566.4597994636
"talking-to-children","state48","active",17746278.3277915,532599.40987901
"talking-to-children","state25","active",13663310.260096,261638.090683583
"talking-to-children","state29","active",6044950.92235561,165996.68986983
"talking-to-children","state20","active",3148864.38587957,68617.0114865879
"talking-to-children","state54","active",3239346.40661377,47838.5128345874
"talking-to-children","state49","active",2365403.29276182,74104.3110940044
"talking-to-children","state26","active",6337000.31026034,175076.891946999
"talking-to-children","state41","active",3095100.20723055,72807.709471891
"talking-to-children","state19","active",2048123.56186621,47298.8206592274
"talking-to-children","state01","active",2058902.22085331,49193.7179883896
"talking-to-children","state13","active",8839614.38673588,204475.496220671
"talking-to-children","state02","active",2049213.05219775,22550.8172445107
"talking-to-children","state36","active",7400715.82543466,273819.313135341
"talking-to-children","state24","active",9285745.37089226,188976.083476704
"talking-to-children","state37","active",6560695.22976533,146443.945462172
"talking-to-children","state31","active",11161358.9486736,97266.2463672263
"talking-to-children","state33","active",1177328.81997194,26942.9634925781
"talking-to-children","state18","active",5322018.76623568,177445.219352741
"talking-to-children","state28","active",863079.927737104,25668.3797569775
"talking-to-children","state08","active",4641895.22465431,75137.9671630088
"talking-to-children","state56","active",522652.291297463,13512.5221384411
"talking-to-children","state40","active",3425464.69396055,81806.6049415364
"talking-to-children","state05","active",1855784.9102251,38633.0796583616
"talking-to-children","state55","active",4112422.95106516,109624.823066381
"talking-to-children","state38","active",701669.925783337,7369.85820354301
"talking-to-children","state50","active",783904.750373974,18468.8000635441
"talking-to-children","state32","active",1143146.91782152,37874.5298433079
"talking-to-children","state16","active",321644.867515159,8165.05132352712
"talking-to-children","state45","active",5195697.04213331,70857.2661140526
"talking-to-children","state44","active",976060.96819303,27648.4704345397
"talking-to-children","state15","active",885380.593427704,18949.1452023271
"talking-to-children","state11","active",182219.986629759,10892.5621982767
"using-clothing-repair-and-cleaning-services","state22","active",37349.83505548,10634.77456292
"using-clothing-repair-and-cleaning-services","state18","active",637936.829907904,11665.2018277896
"using-clothing-repair-and-cleaning-services","state05","active",13229.2888122575,2645.85776245151
"using-clothing-repair-and-cleaning-services","state37","active",179555.641162561,33412.2871917014
"using-clothing-repair-and-cleaning-services","state12","active",150139.994837545,11952.2848531868
"using-clothing-repair-and-cleaning-services","state13","active",801683.464943731,23395.6010603534
"using-clothing-repair-and-cleaning-services","state06","active",424389.048754009,66991.6925700937
"using-clothing-repair-and-cleaning-services","state42","active",557335.735409106,21523.7341732444
"using-clothing-repair-and-cleaning-services","state48","active",168874.641967988,30616.7340656027
"using-clothing-repair-and-cleaning-services","state36","active",262288.477532043,42042.2317708926
"using-clothing-repair-and-cleaning-services","state17","active",280460.814058119,26752.7839355852
"using-clothing-repair-and-cleaning-services","state20","active",5958.68914284493,1986.22971428164
"using-clothing-repair-and-cleaning-services","state34","active",167586.544223405,22649.4547922948
"using-clothing-repair-and-cleaning-services","state47","active",153511.364375647,8083.54453025534
"using-clothing-repair-and-cleaning-services","state25","active",301617.871144521,18782.4079547129
"using-clothing-repair-and-cleaning-services","state56","active",19002.3124778822,3800.46249557644
"using-clothing-repair-and-cleaning-services","state24","active",115305.069132269,19570.3428659759
"using-clothing-repair-and-cleaning-services","state29","active",10113.2395401847,3371.07984672822
"using-clothing-repair-and-cleaning-services","state44","active",32798.8005149973,6559.76010299945
"using-clothing-repair-and-cleaning-services","state51","active",1084384.49998559,33091.1256642482
"using-clothing-repair-and-cleaning-services","state35","active",11830.8463830521,5915.42319152603
"using-clothing-repair-and-cleaning-services","state32","active",444688.739514582,5357.69565680219
"using-clothing-repair-and-cleaning-services","state04","active",41800.6776449151,4180.06776449151
"using-clothing-repair-and-cleaning-services","state27","active",28487.6138939616,5697.52277879233
"using-clothing-repair-and-cleaning-services","state41","active",10889.0278959342,2177.80557918685
"using-clothing-repair-and-cleaning-services","state53","active",213433.827185507,21343.3827185507
"using-health-and-care-services-outside-the-home","state17","active",48574843.9467181,506496.868779561
"using-health-and-care-services-outside-the-home","state12","active",70626671.5182761,852718.894813808
"using-health-and-care-services-outside-the-home","state26","active",20884348.6900868,228440.804810532
"using-health-and-care-services-outside-the-home","state06","active",89684705.0855693,1007266.71823487
"using-health-and-care-services-outside-the-home","state22","active",6054090.9081765,75314.6995318526
"using-health-and-care-services-outside-the-home","state29","active",21143229.8389179,261697.629679713
"using-health-and-care-services-outside-the-home","state10","active",12514756.5162661,53214.8308825748
"using-health-and-care-services-outside-the-home","state54","active",7104129.7369437,107572.203251877
"using-health-and-care-services-outside-the-home","state42","active",44336838.1499595,304536.567244056
"using-health-and-care-services-outside-the-home","state32","active",3151312.30719351,70078.7727736038
"using-health-and-care-services-outside-the-home","state09","active",7731542.48889331,124898.59261525
"using-health-and-care-services-outside-the-home","state05","active",5936358.61160507,64551.8677945633
"using-health-and-care-services-outside-the-home","state20","active",8296672.07460349,123629.48868737
"using-health-and-care-services-outside-the-home","state48","active",88113270.6812728,945830.075535261
"using-health-and-care-services-outside-the-home","state13","active",28035495.7170532,299610.008697158
"using-health-and-care-services-outside-the-home","state04","active",18055992.1301229,248627.709347561
"using-health-and-care-services-outside-the-home","state45","active",13376961.971395,171408.213337896
"using-health-and-care-services-outside-the-home","state08","active",10356762.5347863,155995.816892321
"using-health-and-care-services-outside-the-home","state40","active",16058777.429764,149716.856412292
"using-health-and-care-services-outside-the-home","state53","active",28071308.5304231,288832.341692844
"using-health-and-care-services-outside-the-home","state55","active",9201784.2088621,160099.573224338
"using-health-and-care-services-outside-the-home","state18","active",12622944.1115418,177447.017106525
"using-health-and-care-services-outside-the-home","state34","active",21285093.48074,278504.660111056
"using-health-and-care-services-outside-the-home","state41","active",12455042.8788175,179550.276480692
"using-health-and-care-services-outside-the-home","state56","active",1402335.30856419,9842.96439500931
"using-health-and-care-services-outside-the-home","state51","active",19524845.4399516,222080.189553835
"using-health-and-care-services-outside-the-home","state24","active",15704024.1559778,230918.042020729
"using-health-and-care-services-outside-the-home","state30","active",914631.210638724,18998.7006949047
"using-health-and-care-services-outside-the-home","state44","active",952804.180622636,29274.6315961348
"using-health-and-care-services-outside-the-home","state36","active",51548030.168357,549508.261320618
"using-health-and-care-services-outside-the-home","state01","active",11921179.8576249,110208.904291167
"using-health-and-care-services-outside-the-home","state39","active",64122613.432359,382331.860767507
"using-health-and-care-services-outside-the-home","state37","active",27141967.4234092,425902.997608863
"using-health-and-care-services-outside-the-home","state25","active",22751914.256793,312451.28804105
"using-health-and-care-services-outside-the-home","state28","active",9408135.80856982,110463.44082906
"using-health-and-care-services-outside-the-home","state46","active",1981219.97321356,22157.9917387441
"using-health-and-care-services-outside-the-home","state47","active",25146063.3313945,242443.071209784
"using-health-and-care-services-outside-the-home","state50","active",5671339.58063096,47893.6974259145
"using-health-and-care-services-outside-the-home","state31","active",4267300.59791965,94639.569782
"using-health-and-care-services-outside-the-home","state19","active",6180803.55934083,90433.8290208477
"using-health-and-care-services-outside-the-home","state16","active",4648973.59427942,50696.0988279463
"using-health-and-care-services-outside-the-home","state33","active",965212.347693099,21536.8479740153
"using-health-and-care-services-outside-the-home","state15","active",66243.5535845479,3312.1776792274
"using-health-and-care-services-outside-the-home","state35","active",14664518.855852,125839.334850139
"using-health-and-care-services-outside-the-home","state21","active",15523196.9024086,121989.054844559
"using-health-and-care-services-outside-the-home","state23","active",2610021.5233779,50159.1872387156
"using-health-and-care-services-outside-the-home","state02","active",977634.879368384,18942.0271295342
"using-health-and-care-services-outside-the-home","state49","active",9294852.24037999,115980.196790374
"using-health-and-care-services-outside-the-home","state27","active",11919524.6606159,143908.896892489
"using-health-and-care-services-outside-the-home","state11","active",1264009.77062144,22076.6290344701
"using-home-maint-repair-d-cor-construction-svcs","state39","active",5357919.58577346,52133.3942055616
"using-home-maint-repair-d-cor-construction-svcs","state42","active",11678286.129993,75238.733095417
"using-home-maint-repair-d-cor-construction-svcs","state16","active",1248733.19717015,13955.4654862186
"using-home-maint-repair-d-cor-construction-svcs","state48","active",13238655.7205357,114257.161285347
"using-home-maint-repair-d-cor-construction-svcs","state34","active",1785581.13839439,29438.1707472592
"using-home-maint-repair-d-cor-construction-svcs","state29","active",820333.864288499,12525.5032682093
"using-home-maint-repair-d-cor-construction-svcs","state28","active",2153064.70095304,19343.5999560455
"using-home-maint-repair-d-cor-construction-svcs","state26","active",5746614.37519637,35588.2222736236
"using-home-maint-repair-d-cor-construction-svcs","state37","active",1741982.82203263,27217.6005778099
"using-home-maint-repair-d-cor-construction-svcs","state51","active",2836287.22119885,35429.3400552005
"using-home-maint-repair-d-cor-construction-svcs","state31","active",778529.00938071,22248.197087754
"using-home-maint-repair-d-cor-construction-svcs","state40","active",2447994.28640831,37164.4387812597
"using-home-maint-repair-d-cor-construction-svcs","state04","active",1626700.83444229,24340.6695244652
"using-home-maint-repair-d-cor-construction-svcs","state18","active",989892.106284493,6599.28070856329
"using-home-maint-repair-d-cor-construction-svcs","state55","active",3880676.49787218,27491.3936371052
"using-home-maint-repair-d-cor-construction-svcs","state09","active",2553700.41485662,5612.52838430027
"using-home-maint-repair-d-cor-construction-svcs","state45","active",896687.169722885,16628.6941636827
"using-home-maint-repair-d-cor-construction-svcs","state47","active",3041184.04540889,32504.2873691485
"using-home-maint-repair-d-cor-construction-svcs","state12","active",5239037.77291752,71365.7060169441
"using-home-maint-repair-d-cor-construction-svcs","state36","active",2947302.15282915,61595.8230920641
"using-home-maint-repair-d-cor-construction-svcs","state24","active",2807368.80491951,14072.7768965332
"using-home-maint-repair-d-cor-construction-svcs","state27","active",871660.397154641,22336.4623074668
"using-home-maint-repair-d-cor-construction-svcs","state30","active",52718.5513491863,3514.57008994575
"using-home-maint-repair-d-cor-construction-svcs","state23","active",122810.831014252,5513.40802838301
"using-home-maint-repair-d-cor-construction-svcs","state25","active",1319344.80065153,37332.4298835945
"using-home-maint-repair-d-cor-construction-svcs","state15","active",46689.2328969534,1556.30776323178
"using-home-maint-repair-d-cor-construction-svcs","state22","active",114743.711238724,5961.71417687069
"using-home-maint-repair-d-cor-construction-svcs","state53","active",1743145.29082288,30748.900382766
"using-home-maint-repair-d-cor-construction-svcs","state06","active",9892876.42214092,85345.7572290794
"using-home-maint-repair-d-cor-construction-svcs","state17","active",3088469.72207655,46986.8893997244
"using-home-maint-repair-d-cor-construction-svcs","state01","active",778053.777486592,12002.9881204027
"using-home-maint-repair-d-cor-construction-svcs","state13","active",3473248.10924757,50238.4767508279
"using-home-maint-repair-d-cor-construction-svcs","state32","active",1372982.34970521,12866.1499880148
"using-home-maint-repair-d-cor-construction-svcs","state21","active",105069.525508784,3502.31751695945
"using-home-maint-repair-d-cor-construction-svcs","state35","active",1419580.34788476,22483.1877886937
"using-home-maint-repair-d-cor-construction-svcs","state05","active",212631.440404751,8347.90471692548
"using-home-maint-repair-d-cor-construction-svcs","state38","active",233575.533064636,3892.92555107726
"using-home-maint-repair-d-cor-construction-svcs","state20","active",445429.703053584,16527.8258752471
"using-home-maint-repair-d-cor-construction-svcs","state50","active",178408.423174192,3964.63162609315
"using-home-maint-repair-d-cor-construction-svcs","state41","active",449582.250978707,12543.9227214208
"using-home-maint-repair-d-cor-construction-svcs","state19","active",517406.560148005,6704.34859748493
"using-home-maint-repair-d-cor-construction-svcs","state56","active",1899788.29278296,7666.91846147562
"using-home-maint-repair-d-cor-construction-svcs","state11","active",95043.8890471233,1900.87778094247
"using-home-maint-repair-d-cor-construction-svcs","state49","active",519760.576002477,6998.04680913753
"using-home-maint-repair-d-cor-construction-svcs","state54","active",77595.7464836822,7759.57464836822
"using-home-services","state42","active",29897.752582663,2989.7752582663
"using-home-services","state09","active",56359.1769388274,3757.27846258849
"using-home-services","state19","active",206978.191679014,3449.63652798356
"using-home-services","state05","active",225868.034396844,1882.2336199737
"using-home-services","state40","active",131241.141385496,4374.70471284986
"using-home-services","state21","active",247861.299118488,2754.01443464986
"using-home-services","state12","active",703866.058126027,11731.1009687671
"using-home-services","state47","active",129380.685650252,3696.59101857863
"using-home-services","state17","active",412782.001175507,6879.70001959178
"using-in-home-health-and-care-services","state06","active",762449.791800405,23136.8237522186
"using-in-home-health-and-care-services","state53","active",182375.734247836,3039.59557079726
"using-in-home-health-and-care-services","state22","active",270567.953367386,4509.46588945644
"using-in-home-health-and-care-services","state37","active",242782.204549636,5395.16010110301
"using-in-home-health-and-care-services","state27","active",476872.263022833,6990.76365256274
"using-in-home-health-and-care-services","state42","active",158931.548609997,8108.79931799343
"using-in-home-health-and-care-services","state13","active",414651.152415551,6910.85254025918
"using-in-home-health-and-care-services","state32","active",381293.53856377,3177.44615469808
"using-in-home-health-and-care-services","state34","active",2282993.70982197,19032.2721199616
"using-in-home-health-and-care-services","state49","active",309627.765222394,6502.50509049479
"using-in-home-health-and-care-services","state21","active",510864.869694641,4257.20724745534
"using-in-home-health-and-care-services","state04","active",214636.294627496,7154.54315424986
"using-in-home-health-and-care-services","state41","active",302987.176104526,2524.89313420438
"using-in-home-health-and-care-services","state48","active",1514704.79303043,7192.45678874959
"using-in-home-health-and-care-services","state47","active",662827.789624126,6157.92733192548
"using-in-home-health-and-care-services","state12","active",1102336.69635233,16087.9569808148
"using-in-home-health-and-care-services","state55","active",443075.71379663,5907.67618395507
"using-in-home-health-and-care-services","state35","active",120529.030160811,2678.42289246247
"using-in-home-health-and-care-services","state26","active",1043131.69683591,7748.55946747562
"using-in-home-health-and-care-services","state16","active",4996569.16913859,17723.185145051
"using-in-home-health-and-care-services","state45","active",151352.566637589,1261.27138864658
"using-in-home-health-and-care-services","state51","active",338517.682132932,5641.96136888219
"using-in-home-health-and-care-services","state56","active",1211572.36807253,10096.4364006044
"using-in-home-health-and-care-services","state25","active",347353.496670674,3859.48329634082
"using-in-home-health-and-care-services","state20","active",688969.278443753,1968.48365269644
"using-in-home-health-and-care-services","state09","active",378140.710450455,6302.34517417425
"using-in-home-health-and-care-services","state05","active",108200.484527644,4328.01938110575
"using-in-home-health-and-care-services","state36","active",1320423.40167127,22007.0566945211
"using-in-home-health-and-care-services","state08","active",832921.213795496,9254.68015328329
"using-interior-cleaning-services","state06","active",31002.7098191342,2066.84732127562
"using-interior-cleaning-services","state42","active",6006.13886592603,6006.13886592603
"using-interior-cleaning-services","state17","active",217890.500518888,12131.243349383
"using-interior-cleaning-services","state49","active",328265.84220263,2735.54868502192
"using-interior-cleaning-services","state12","active",127012.004239175,8467.46694927836
"using-interior-cleaning-services","state15","active",48783.917445074,1626.13058150247
"using-interior-cleaning-services","state22","active",26300.0391382137,5260.00782764274
"using-interior-cleaning-services","state25","active",87800.8907651616,8780.08907651616
"using-lawn-and-garden-services","state48","active",1853194.37743043,37926.8395617677
"using-lawn-and-garden-services","state19","active",73776.8846576986,2951.07538630795
"using-lawn-and-garden-services","state13","active",187834.714184752,12677.696671606
"using-lawn-and-garden-services","state41","active",99961.0235521918,3998.44094208767
"using-lawn-and-garden-services","state12","active",278178.399946244,5252.27491731507
"using-lawn-and-garden-services","state25","active",21638.9372462877,4327.78744925753
"using-lawn-and-garden-services","state06","active",1558238.681396,32513.3018794521
"using-lawn-and-garden-services","state42","active",492348.828619463,14525.882673434
"using-lawn-and-garden-services","state51","active",362900.452562351,14601.0681620981
"using-lawn-and-garden-services","state39","active",245230.078709507,1634.86719139671
"using-lawn-and-garden-services","state04","active",499745.127320877,16658.1709106959
"using-lawn-and-garden-services","state36","active",1436.38841698192,1436.38841698192
"using-lawn-and-garden-services","state35","active",66618.3991209205,2220.61330403068
"using-lawn-and-garden-services","state28","active",84704.4346420438,2823.48115473479
"using-lawn-and-garden-services","state22","active",193287.901656274,8301.48326789151
"using-lawn-and-garden-services","state24","active",698942.789360137,13958.485799754
"using-lawn-and-garden-services","state05","active",705948.208415244,11765.8034735874
"using-lawn-and-garden-services","state53","active",944902.605704305,13895.6265544751
"using-legal-services","state12","active",714123.565816701,10155.9026344236
"using-legal-services","state47","active",184799.131109762,12319.9420739841
"using-legal-services","state34","active",203007.344112329,10150.3672056164
"using-legal-services","state13","active",3795403.45862659,57618.5423575649
"using-legal-services","state25","active",280830.406821781,3120.33785357534
"using-legal-services","state06","active",237100.971447255,7903.36571490849
"using-legal-services","state24","active",161875.929963847,5395.86433212822
"using-legal-services","state21","active",46522.4349983671,2326.12174991836
"using-legal-services","state49","active",242709.45170994,12135.472585497
"using-legal-services","state42","active",179326.52396806,5977.55079893534
"using-legal-services","state41","active",306441.74324663,5107.36238744384
"using-legal-services","state26","active",680977.274007271,10228.0210090208
"using-legal-services","state48","active",452739.2649024,7545.65441504
"using-legal-services","state11","active",925986.393530302,6173.24262353534
"using-legal-services","state45","active",337146.117063756,22476.4078042504
"using-legal-services","state28","active",69761.223732389,13952.2447464778
"using-legal-services","state39","active",1766623.22072079,11777.4881381386
"using-meal-preparation-services","state36","active",238617.138475786,11098.7409383775
"using-meal-preparation-services","state10","active",350908.228599156,5848.4704766526
"using-paid-childcare-services","state25","active",59032.7589121315,1967.75863040438
"using-paid-childcare-services","state27","active",121759.439703288,8117.29598021918
"using-paid-childcare-services","state37","active",412915.383654597,19781.9790390115
"using-paid-childcare-services","state08","active",45826.8618270767,9165.37236541534
"using-paid-childcare-services","state34","active",59139.5994826652,13661.4493858915
"using-paid-childcare-services","state41","active",32316.4095553699,1292.65638221479
"using-paid-childcare-services","state45","active",44950.4827814685,8990.0965562937
"using-paid-childcare-services","state26","active",123060.782510658,5953.19112781315
"using-paid-childcare-services","state53","active",88919.691772537,5927.97945150247
"using-paid-childcare-services","state17","active",99592.8458011671,9959.28458011671
"using-paid-childcare-services","state06","active",264178.540062373,11936.2408669047
"using-paid-childcare-services","state55","active",30135.7737958575,3013.57737958575
"using-paid-childcare-services","state51","active",101435.165916723,6762.34439444822
"using-paid-childcare-services","state20","active",92637.5348640219,9263.75348640219
"using-paid-childcare-services","state11","active",10092.6983602115,10092.6983602115
"using-personal-care-services","state37","active",6329086.33094553,86663.7649177616
"using-personal-care-services","state47","active",4848817.48166887,74904.0947362044
"using-personal-care-services","state23","active",457216.752928945,10669.9877370849
"using-personal-care-services","state13","active",7623525.83926659,89702.1687369852
"using-personal-care-services","state28","active",3626159.94421285,58148.5036692855
"using-personal-care-services","state51","active",8360400.26146329,102648.314956315
"using-personal-care-services","state05","active",2433494.2264742,41884.7701311819
"using-personal-care-services","state48","active",25476739.9350221,313632.679090482
"using-personal-care-services","state17","active",7181170.12498235,114771.334499584
"using-personal-care-services","state36","active",17920344.1199764,164467.018084889
"using-personal-care-services","state18","active",7061042.55599216,91312.4123386142
"using-personal-care-services","state06","active",28048152.2557924,339135.663319474
"using-personal-care-services","state39","active",12845451.7589998,145460.963696762
"using-personal-care-services","state45","active",5747639.44125181,95091.9155196394
"using-personal-care-services","state19","active",1366346.65694302,42248.7367351151
"using-personal-care-services","state04","active",4603434.18520989,97265.7376066948
"using-personal-care-services","state01","active",1632238.43491819,18376.4335954816
"using-personal-care-services","state24","active",6850067.38090017,82812.8044274669
"using-personal-care-services","state46","active",400905.829646093,4447.20531073644
"using-personal-care-services","state12","active",18913960.0380047,315153.402075051
"using-personal-care-services","state26","active",5354503.90407236,61713.5943155266
"using-personal-care-services","state08","active",4726361.27086868,68049.8444578433
"using-personal-care-services","state42","active",6937516.13340697,124288.026831879
"using-personal-care-services","state25","active",3019969.17274456,73001.7601766521
"using-personal-care-services","state30","active",765337.805333721,12333.1506107956
"using-personal-care-services","state10","active",1206107.35155145,16938.925342046
"using-personal-care-services","state40","active",2403800.74337047,37116.7186183118
"using-personal-care-services","state34","active",6071558.0621947,70943.1129604805
"using-personal-care-services","state22","active",3478540.91687841,34375.1545871189
"using-personal-care-services","state55","active",4343375.09074964,93907.5519155995
"using-personal-care-services","state16","active",1133070.28185182,22531.307093903
"using-personal-care-services","state32","active",3453929.44485897,24663.4693971205
"using-personal-care-services","state20","active",5341416.76810859,87687.1956949293
"using-personal-care-services","state53","active",3297253.67651589,46535.7311802712
"using-personal-care-services","state41","active",3241255.59775484,45424.7030410082
"using-personal-care-services","state33","active",1160147.35245243,26862.234588863
"using-personal-care-services","state27","active",211866.039692323,10246.0738858444
"using-personal-care-services","state29","active",6799002.60562451,93213.8547121857
"using-personal-care-services","state21","active",5952653.04036308,34226.213186783
"using-personal-care-services","state31","active",898341.484870406,7255.99062858082
"using-personal-care-services","state09","active",5054816.90662561,62837.1825280285
"using-personal-care-services","state54","active",999406.671006411,14740.2873782236
"using-personal-care-services","state35","active",852994.697697677,13356.4184856093
"using-personal-care-services","state02","active",349904.271661364,4998.63245230521
"using-personal-care-services","state15","active",7520188.25188599,49895.1547831101
"using-personal-care-services","state49","active",3006106.26203344,63929.760197309
"using-personal-care-services","state50","active",226109.371657512,3768.48952762521
"using-personal-care-services","state11","active",151525.848355808,6061.03393423233
"using-personal-care-services","state44","active",1246709.98821805,8311.3999214537
"using-police-and-fire-services","state05","active",13976.6791354192,1397.66791354192
"using-police-and-fire-services","state48","active",394501.692343759,16144.750482143
"using-police-and-fire-services","state24","active",167431.168604384,2790.51947673973
"using-police-and-fire-services","state08","active",1096956.0108468,12188.40012052
"using-police-and-fire-services","state12","active",10320.5717909721,5160.28589548603
"using-police-and-fire-services","state09","active",49985.7720644274,2499.28860322137
"using-police-and-fire-services","state29","active",125389.042783534,12538.9042783534
"using-police-and-fire-services","state06","active",7747.47055851014,7747.47055851014
"using-police-and-fire-services","state04","active",78897.3887927014,15779.4777585403
"using-social-services","state36","active",806653.423211231,9490.82134505534
"using-social-services","state41","active",139326.766674904,4644.22555583014
"using-social-services","state18","active",1218861.29815463,17011.3150196395
"using-social-services","state13","active",308202.170150882,7705.05425377206
"using-social-services","state22","active",19172.6485614603,3834.52971229206
"using-social-services","state48","active",308806.820542216,4750.87416218794
"using-social-services","state12","active",486652.323932219,14188.3093798148
"using-social-services","state39","active",418951.583730597,14472.7887724269
"using-social-services","state26","active",81637.7933939726,4081.88966969863
"using-social-services","state40","active",111644.334970258,5582.21674851288
"using-social-services","state55","active",535614.359153441,17853.8119717814
"using-social-services","state04","active",131504.945780375,8766.99638535836
"using-social-services","state47","active",415458.773207934,13848.6257735978
"using-social-services","state31","active",196459.081762564,4911.47704406411
"using-vehicle-maintenance-or-repair-services","state45","active",663067.326106445,32894.4063468718
"using-vehicle-maintenance-or-repair-services","state12","active",14420248.1355024,191286.398974854
"using-vehicle-maintenance-or-repair-services","state06","active",15367805.4528497,246981.263547113
"using-vehicle-maintenance-or-repair-services","state05","active",471356.69735552,14388.8538724362
"using-vehicle-maintenance-or-repair-services","state39","active",5861259.30671297,207102.716722645
"using-vehicle-maintenance-or-repair-services","state29","active",785506.480471164,39049.4511872449
"using-vehicle-maintenance-or-repair-services","state21","active",3348917.35247858,61838.0378238159
"using-vehicle-maintenance-or-repair-services","state13","active",5796571.7222212,77735.3295939414
"using-vehicle-maintenance-or-repair-services","state09","active",59408.5489185315,5574.08111684438
"using-vehicle-maintenance-or-repair-services","state41","active",2042575.13489623,49991.75067968
"using-vehicle-maintenance-or-repair-services","state53","active",1728276.0923825,57681.6701092142
"using-vehicle-maintenance-or-repair-services","state40","active",716576.8448981,49048.8667930395
"using-vehicle-maintenance-or-repair-services","state48","active",6210476.39185895,169661.071138563
"using-vehicle-maintenance-or-repair-services","state22","active",1926148.22499469,52376.4476911496
"using-vehicle-maintenance-or-repair-services","state26","active",684019.842237345,38052.9689180356
"using-vehicle-maintenance-or-repair-services","state01","active",1399709.28754788,29247.9654244942
"using-vehicle-maintenance-or-repair-services","state55","active",2243771.61924593,28801.6372879101
"using-vehicle-maintenance-or-repair-services","state51","active",6505271.32389661,139988.813812585
"using-vehicle-maintenance-or-repair-services","state42","active",4861874.04911947,77895.9050506789
"using-vehicle-maintenance-or-repair-services","state17","active",2707695.27406415,100812.104043504
"using-vehicle-maintenance-or-repair-services","state27","active",2483945.52722984,57409.5720525479
"using-vehicle-maintenance-or-repair-services","state36","active",9856514.4895907,154991.728730255
"using-vehicle-maintenance-or-repair-services","state37","active",4689135.71159363,110498.602456505
"using-vehicle-maintenance-or-repair-services","state49","active",252151.900300009,19710.3732688838
"using-vehicle-maintenance-or-repair-services","state04","active",2183403.42989928,54506.0331955704
"using-vehicle-maintenance-or-repair-services","state20","active",1850915.57857492,36395.8382777606
"using-vehicle-maintenance-or-repair-services","state34","active",1965679.13937694,115188.547070125
"using-vehicle-maintenance-or-repair-services","state08","active",2074711.46675853,89987.0467026482
"using-vehicle-maintenance-or-repair-services","state15","active",201593.61763227,12644.4500743145
"using-vehicle-maintenance-or-repair-services","state24","active",2513788.24483321,47546.9369794521
"using-vehicle-maintenance-or-repair-services","state11","active",277128.737262921,9237.62457543069
"using-vehicle-maintenance-or-repair-services","state50","active",315591.295135326,18351.9141183573
"using-vehicle-maintenance-or-repair-services","state25","active",2619713.36710596,33580.4208611956
"using-vehicle-maintenance-or-repair-services","state18","active",1676132.01424121,37788.9603443145
"using-vehicle-maintenance-or-repair-services","state54","active",360008.142958592,15644.6202195288
"using-vehicle-maintenance-or-repair-services","state28","active",1001703.5514485,21847.6456425392
"using-vehicle-maintenance-or-repair-services","state19","active",1224637.66903119,26216.9246421359
"using-vehicle-maintenance-or-repair-services","state23","active",536618.87135109,18895.9336297348
"using-vehicle-maintenance-or-repair-services","state47","active",1487171.66471057,24656.2483176986
"using-vehicle-maintenance-or-repair-services","state35","active",1779907.03515874,30221.544487783
"using-vehicle-maintenance-or-repair-services","state30","active",33011.2798839945,6602.2559767989
"using-vehicle-maintenance-or-repair-services","state33","active",68260.0321003671,4096.31839429151
"using-vehicle-maintenance-or-repair-services","state32","active",73361.1595761616,4890.74397174411
"using-vehicle-maintenance-or-repair-services","state10","active",2523035.14045386,6502.66788776767
"using-veterinary-services","state08","active",662919.976453934,15085.7412875047
"using-veterinary-services","state06","active",9668675.26544639,142238.380839633
"using-veterinary-services","state24","active",1735727.24595861,23317.048781886
"using-veterinary-services","state42","active",2755502.50194471,58618.7773890679
"using-veterinary-services","state36","active",2518611.36765289,58125.4711941825
"using-veterinary-services","state27","active",978977.928679315,20330.9896914564
"using-veterinary-services","state19","active",30219.6987043288,1510.98493521644
"using-veterinary-services","state20","active",695123.639175616,2780.49455670247
"using-veterinary-services","state39","active",1701963.57153656,49114.1169612066
"using-veterinary-services","state51","active",1563959.13444914,9431.10148399343
"using-veterinary-services","state49","active",429775.5524112,7162.92587352
"using-veterinary-services","state35","active",448369.369309578,4852.3290378389
"using-veterinary-services","state04","active",822477.859027722,15813.300892623
"using-veterinary-services","state01","active",323524.346367858,6370.6985565474
"using-veterinary-services","state32","active",63176.5465533068,12635.3093106614
"using-veterinary-services","state12","active",532859.849913233,29696.9696853403
"using-veterinary-services","state50","active",43357.1585945753,2890.47723963836
"using-veterinary-services","state47","active",399611.500836784,7568.99671680712
"using-veterinary-services","state56","active",371013.673276997,6183.56122128329
"using-veterinary-services","state55","active",314900.379655208,15997.4725527825
"using-veterinary-services","state45","active",197773.011437695,7606.65428606521
"using-veterinary-services","state38","active",329056.782168373,4113.20977710466
"using-veterinary-services","state48","active",5135347.44141216,79707.6662808762
"using-veterinary-services","state46","active",591465.816353753,11559.6319268142
"using-veterinary-services","state21","active",819473.456544449,31637.9415262838
"using-veterinary-services","state41","active",3796304.24775818,26290.5564344882
"using-veterinary-services","state29","active",114589.392855731,7639.29285704877
"using-veterinary-services","state13","active",3266221.00574539,31596.583487446
"using-veterinary-services","state53","active",3768031.35369538,13221.1626445452
"using-veterinary-services","state33","active",762133.428949593,8107.80243563397
"using-veterinary-services","state37","active",1512329.25416718,20006.815315977
"using-veterinary-services","state25","active",98523.7584913644,1642.06264152274
"using-veterinary-services","state34","active",29289.4415571178,5857.88831142356
"vehicle-repair","state06","active",57817899.0009593,626205.983421213
"vehicle-repair","state04","active",7251691.00528998,88086.1436226948
"vehicle-repair","state08","active",14419811.7845405,184092.07442499
"vehicle-repair","state09","active",8762297.34881927,77459.4862533019
"vehicle-repair","state32","active",3062771.07161252,50470.7108786049
"vehicle-repair","state05","active",14514934.8765275,122332.198762196
"vehicle-repair","state12","active",36027287.8367869,282731.322160096
"vehicle-repair","state45","active",8648037.81299442,82956.8297555852
"vehicle-repair","state17","active",18397093.0741692,210026.449792538
"vehicle-repair","state40","active",11439222.5246386,89930.7907454849
"vehicle-repair","state21","active",9668667.64569063,125519.751670713
"vehicle-repair","state25","active",2808059.2836183,57886.1680373496
"vehicle-repair","state37","active",16735037.3068626,163726.799891302
"vehicle-repair","state56","active",8744563.94605907,72296.7740344805
"vehicle-repair","state36","active",15696178.4662677,136732.431544553
"vehicle-repair","state39","active",34501452.6943414,304029.741858595
"vehicle-repair","state48","active",63762517.87292,439445.86202885
"vehicle-repair","state26","active",16926791.9293708,129484.975792899
"vehicle-repair","state35","active",15570660.7335154,63698.3968072301
"vehicle-repair","state18","active",14132473.9545296,157721.512145924
"vehicle-repair","state41","active",12464972.4487893,112799.316857284
"vehicle-repair","state31","active",4305188.3836744,45558.5596772345
"vehicle-repair","state42","active",15082157.4649382,196258.837927891
"vehicle-repair","state51","active",15481752.3041239,207976.490954666
"vehicle-repair","state23","active",8553201.23422467,42326.310815034
"vehicle-repair","state34","active",13111627.052837,139499.409679658
"vehicle-repair","state47","active",17979764.3144816,171908.229665899
"vehicle-repair","state20","active",11383072.8142332,116714.896869602
"vehicle-repair","state49","active",14288264.6538943,117740.397758437
"vehicle-repair","state30","active",5314552.74142149,55865.3043256192
"vehicle-repair","state16","active",2645737.60258847,33991.3398724838
"vehicle-repair","state55","active",20859390.1751037,180074.102558792
"vehicle-repair","state01","active",24003916.1932294,172329.063509615
"vehicle-repair","state27","active",15428621.547401,117222.565989289
"vehicle-repair","state22","active",8070717.58639495,100263.166229345
"vehicle-repair","state13","active",7600310.46944191,126483.323935648
"vehicle-repair","state38","active",4002473.01159002,30642.544103337
"vehicle-repair","state53","active",19560085.9200427,254009.832051923
"vehicle-repair","state11","active",349771.898839145,19742.4458420099
"vehicle-repair","state28","active",9069070.61643049,58980.5342375364
"vehicle-repair","state19","active",6954886.4091376,79601.5141862877
"vehicle-repair","state24","active",6603396.37437706,109363.079335885
"vehicle-repair","state54","active",6692886.26253137,61503.1757474636
"vehicle-repair","state29","active",7904497.23017837,82282.0425013507
"vehicle-repair","state33","active",678944.887876329,9666.41699388219
"vehicle-repair","state02","active",776109.940926553,18591.4056508274
"vehicle-repair","state50","active",2256347.98297177,16590.7939924395
"vehicle-repair","state46","active",1753134.95320995,6787.17077416438
"vehicle-repair","state44","active",4441925.73277822,21346.8386615041
"vehicle-repair","state10","active",3121222.57438137,9758.44036785315
"vehicle-repair","state15","active",194670.060657173,3244.50101095288
"volunteering","state31","active",3856628.690256,49308.0817777123
"volunteering","state24","active",46845760.3267114,212553.987634773
"volunteering","state48","active",60598992.8776424,387112.88479222
"volunteering","state47","active",22737841.7142498,152660.160617619
"volunteering","state21","active",23242779.0793548,120597.464564473
"volunteering","state55","active",12411777.7084825,91193.3291502055
"volunteering","state42","active",44619393.8667548,299119.721500758
"volunteering","state06","active",64599585.7393558,491425.099966767
"volunteering","state20","active",7447670.95782935,68284.4712065578
"volunteering","state04","active",14791729.7864517,144042.314497585
"volunteering","state37","active",20674795.887805,183638.79920327
"volunteering","state26","active",24533731.1902579,231529.474858979
"volunteering","state17","active",22705760.6269569,228124.757570006
"volunteering","state15","active",1711470.95787855,18517.3822318762
"volunteering","state27","active",12772584.696038,116912.814363393
"volunteering","state49","active",16146205.0066215,132025.725045816
"volunteering","state13","active",32030918.8274599,207753.865478643
"volunteering","state25","active",11044674.9952499,114158.324018012
"volunteering","state05","active",9571408.04137157,93393.2198331567
"volunteering","state02","active",917274.855593304,8186.23396843671
"volunteering","state51","active",48179640.3803535,225769.897421085
"volunteering","state54","active",4877435.60189355,38171.5462422219
"volunteering","state28","active",10397297.8816239,75924.3616307786
"volunteering","state50","active",1725568.41627739,8358.81874007397
"volunteering","state12","active",69037431.4181451,393194.969318574
"volunteering","state39","active",48049232.5778315,354024.29571814
"volunteering","state29","active",14569761.9776793,101481.845841215
"volunteering","state40","active",16300615.8062759,102544.631429226
"volunteering","state45","active",8628016.51139357,68716.9816801277
"volunteering","state34","active",21282087.8564465,190000.919773021
"volunteering","state36","active",37285321.8614098,243514.606055047
"volunteering","state01","active",5019576.59666064,45528.4774714723
"volunteering","state22","active",9724651.24744418,72376.8441496334
"volunteering","state41","active",15902012.1307654,92025.0012887068
"volunteering","state16","active",4918203.75565659,42476.7015232022
"volunteering","state08","active",11180322.62541,77406.456558709
"volunteering","state18","active",34462122.7783989,183032.228058247
"volunteering","state23","active",7345831.45327838,49186.2196199271
"volunteering","state53","active",25274607.6639725,177202.405305365
"volunteering","state09","active",5867785.10017417,21183.8908868197
"volunteering","state33","active",2915303.99799948,27219.1740909814
"volunteering","state32","active",5138841.55476874,36480.3416707255
"volunteering","state46","active",2518841.1401965,32874.4991766504
"volunteering","state56","active",1619575.17892898,8939.54072883069
"volunteering","state30","active",9043072.37872518,47676.9748646937
"volunteering","state10","active",1010482.72211559,7342.66944472986
"volunteering","state35","active",2740085.87101966,31960.6332293753
"volunteering","state19","active",7919982.56575363,57629.2918531414
"volunteering","state38","active",5272520.02783301,19558.5746745606
"volunteering","state11","active",6002872.71217969,83341.6109469189
"waiting-associated-with-children-s-education","state25","active",271367.711523689,11195.3723585195
"waiting-associated-with-children-s-education","state12","active",2309294.88956946,51129.1214817825
"waiting-associated-with-helping-adults","state47","active",2385639.80811164,114830.159715265
"waiting-associated-with-helping-adults","state37","active",2523990.8672695,113820.940286342
"waiting-associated-with-helping-adults","state51","active",7557975.17488413,199420.819324035
"waiting-associated-with-helping-adults","state48","active",11693706.9589161,484043.368504505
"waiting-associated-with-helping-adults","state28","active",838846.756058752,32417.4085569436
"waiting-associated-with-helping-adults","state36","active",6331469.73692949,239292.975754629
"waiting-associated-with-helping-adults","state10","active",300329.005022016,15429.8567405403
"waiting-associated-with-helping-adults","state12","active",7507663.23733427,313271.31666134
"waiting-associated-with-helping-adults","state06","active",9330477.42095203,446663.126136547
"waiting-associated-with-helping-adults","state55","active",1721764.97408217,41679.0677808258
"waiting-associated-with-helping-adults","state40","active",2773028.28762497,53949.1125558422
"waiting-associated-with-helping-adults","state01","active",3906254.18196978,82795.3496628816
"waiting-associated-with-helping-adults","state29","active",3156043.28737344,121469.025147108
"waiting-associated-with-helping-adults","state42","active",9493038.08319596,175766.199758419
"waiting-associated-with-helping-adults","state41","active",1558973.664983,62853.8152001677
"waiting-associated-with-helping-adults","state15","active",456701.794690038,8020.40782069808
"waiting-associated-with-helping-adults","state13","active",5897768.84345101,224166.606233146
"waiting-associated-with-helping-adults","state09","active",1027908.0446978,42435.5590805167
"waiting-associated-with-helping-adults","state21","active",5325129.68636069,86108.0608299096
"waiting-associated-with-helping-adults","state17","active",5362684.3331162,107434.086744997
"waiting-associated-with-helping-adults","state49","active",1298931.9911729,62649.9001473595
"waiting-associated-with-helping-adults","state04","active",4791919.30205968,157075.745770484
"waiting-associated-with-helping-adults","state45","active",2154500.74097325,65536.1664484219
"waiting-associated-with-helping-adults","state26","active",5454698.34840775,226941.299845747
"waiting-associated-with-helping-adults","state34","active",3721755.78659564,138451.500915509
"waiting-associated-with-helping-adults","state53","active",3283190.75712545,182662.737532296
"waiting-associated-with-helping-adults","state39","active",4215482.0522162,97622.1400013627
"waiting-associated-with-helping-adults","state22","active",2337824.9101383,68036.9919165342
"waiting-associated-with-helping-adults","state18","active",8028928.89150845,75040.2213275934
"waiting-associated-with-helping-adults","state54","active",2129608.31380157,48023.3603913244
"waiting-associated-with-helping-adults","state31","active",633869.428507811,36089.5347859375
"waiting-associated-with-helping-adults","state08","active",3509891.89461181,141562.240421556
"waiting-associated-with-helping-adults","state19","active",1359098.27699419,54798.8936186027
"waiting-associated-with-helping-adults","state32","active",482000.13727396,32610.5582315375
"waiting-associated-with-helping-adults","state24","active",5305407.51102321,89357.76746616
"waiting-associated-with-helping-adults","state33","active",220010.711485206,12821.3682200088
"waiting-associated-with-helping-adults","state05","active",475647.041983383,23372.7159041814
"waiting-associated-with-helping-adults","state27","active",1691347.04577681,80519.8613641918
"waiting-associated-with-helping-adults","state11","active",607216.730304515,21771.1346872038
"waiting-associated-with-helping-adults","state20","active",733487.486698104,26666.355771657
"waiting-associated-with-helping-adults","state25","active",3706820.68207815,172554.208932318
"waiting-associated-with-helping-adults","state16","active",860567.351004488,50464.8302266504
"waiting-associated-with-helping-adults","state30","active",138450.111470331,12457.0972815759
"waiting-associated-with-helping-adults","state50","active",39646.3162609315,3964.63162609315
"waiting-associated-with-helping-adults","state23","active",1045542.76754716,62034.0334576778
"waiting-associated-with-helping-adults","state35","active",177999.805090391,9486.21307372877
"waiting-associated-with-helping-adults","state02","active",31864.0763403885,5496.88730914356
"waiting-associated-with-shopping","state26","active",561698.972774343,52081.00625324
"waiting-associated-with-shopping","state54","active",38294.3994666986,5553.18047869534
"waiting-associated-with-shopping","state48","active",2929871.01269209,109724.862200952
"waiting-associated-with-shopping","state04","active",2521736.41840051,93960.0762665085
"waiting-associated-with-shopping","state24","active",574172.689379702,38785.6623464373
"waiting-associated-with-shopping","state36","active",838212.317927181,68234.1238458022
"waiting-associated-with-shopping","state16","active",286087.021084966,11438.9437469507
"waiting-associated-with-shopping","state42","active",1842369.89761471,77144.2430988055
"waiting-associated-with-shopping","state47","active",600811.506297466,32928.7152601468
"waiting-associated-with-shopping","state27","active",362571.08519434,22711.0163237879
"waiting-associated-with-shopping","state31","active",681887.714190721,32996.0951018307
"waiting-associated-with-shopping","state51","active",1805558.75251487,111302.254457335
"waiting-associated-with-shopping","state01","active",1133164.6557695,62855.972392491
"waiting-associated-with-shopping","state35","active",1238523.22004215,26408.5741271178
"waiting-associated-with-shopping","state29","active",1322318.82055387,52023.546998749
"waiting-associated-with-shopping","state06","active",4043212.86082642,207211.163043395
"waiting-associated-with-shopping","state45","active",545419.903900277,50743.569217509
"waiting-associated-with-shopping","state18","active",535703.480897652,60815.4764193748
"waiting-associated-with-shopping","state25","active",501556.957215923,26187.1962813912
"waiting-associated-with-shopping","state41","active",252343.48079077,18757.1345706444
"waiting-associated-with-shopping","state05","active",1561498.78572219,30788.1530405392
"waiting-associated-with-shopping","state39","active",830254.027232345,46776.4041941562
"waiting-associated-with-shopping","state34","active",3227769.1993452,90837.2051655403
"waiting-associated-with-shopping","state21","active",152899.575439233,20032.6407672471
"waiting-associated-with-shopping","state37","active",1160905.63007501,52655.1631017277
"waiting-associated-with-shopping","state53","active",967668.068243485,56569.2011917529
"waiting-associated-with-shopping","state17","active",1032909.21655507,63827.8667488323
"waiting-associated-with-shopping","state13","active",2376600.24900005,107110.88960465
"waiting-associated-with-shopping","state20","active",327398.788651123,24495.8285970126
"waiting-associated-with-shopping","state11","active",206815.050126948,15304.4169710745
"waiting-associated-with-shopping","state40","active",347645.445886713,19919.6649114964
"waiting-associated-with-shopping","state22","active",172938.930348422,13335.978522971
"waiting-associated-with-shopping","state12","active",3177093.50531746,85607.7358992964
"waiting-associated-with-shopping","state08","active",759964.757136156,34818.0504470268
"waiting-associated-with-shopping","state19","active",186225.231116879,11292.6893436778
"waiting-associated-with-shopping","state15","active",188807.437822548,14289.511054589
"waiting-associated-with-shopping","state55","active",739849.95283911,32314.9670553304
"waiting-associated-with-shopping","state50","active",12112.6581598027,2422.53163196055
"waiting-associated-with-shopping","state32","active",150564.069663921,8193.47211504384
"waiting-associated-with-shopping","state09","active",78796.8262668657,2626.56087556219
"waiting-associated-with-shopping","state30","active",37829.8175198986,7565.96350397973
"waiting-associated-with-shopping","state49","active",230650.358332436,13174.2304200148
"waiting-for-children","state12","active",9410800.51113688,244591.402207762
"waiting-for-children","state24","active",3127405.05775944,205362.845273468
"waiting-for-children","state39","active",4073633.74912156,156763.659121933
"waiting-for-children","state26","active",1613632.18639841,62870.9924794455
"waiting-for-children","state48","active",21666796.3237359,679376.32187908
"waiting-for-children","state04","active",4114255.78647885,118440.872719859
"waiting-for-children","state08","active",2552961.5603667,55802.0126504214
"waiting-for-children","state21","active",953827.637822896,74875.5269390959
"waiting-for-children","state53","active",1839101.69899014,93713.4006515184
"waiting-for-children","state30","active",78065.3271938466,4637.63749385315
"waiting-for-children","state29","active",2215049.1610955,81517.9765866142
"waiting-for-children","state42","active",5621015.14165735,247456.148019118
"waiting-for-children","state16","active",1130339.71814161,39646.9810839233
"waiting-for-children","state01","active",223268.148755264,24414.4501791984
"waiting-for-children","state18","active",4891455.82610296,167020.032445409
"waiting-for-children","state28","active",727574.507587609,19149.8512682833
"waiting-for-children","state37","active",3910396.77188032,188177.461375622
"waiting-for-children","state27","active",2221731.77951474,78260.7304066575
"waiting-for-children","state45","active",2309821.86228599,64041.4275351063
"waiting-for-children","state22","active",1359401.68453787,60337.2317617682
"waiting-for-children","state06","active",21807078.8149797,621445.701614293
"waiting-for-children","state34","active",5901163.71717613,170408.456996739
"waiting-for-children","state17","active",3813305.01318249,155544.507466577
"waiting-for-children","state47","active",3975074.55466955,89195.0913925019
"waiting-for-children","state20","active",1126315.00615898,45136.8371011677
"waiting-for-children","state32","active",1010360.19263767,41673.6019319397
"waiting-for-children","state51","active",8498222.70860778,200003.935286814
"waiting-for-children","state25","active",3898328.33928111,148388.602048587
"waiting-for-children","state33","active",121460.386015438,8097.35906769589
"waiting-for-children","state19","active",513715.034390913,25483.4857001392
"waiting-for-children","state05","active",1700915.27708615,42963.7126680723
"waiting-for-children","state13","active",5267082.80587207,158025.509820059
"waiting-for-children","state23","active",84111.5137636767,2803.71712545589
"waiting-for-children","state55","active",2864616.27163736,93964.7265877118
"waiting-for-children","state41","active",2111167.6670214,75889.6964583956
"waiting-for-children","state36","active",4159553.63145262,177847.393569108
"waiting-for-children","state40","active",471544.742551242,30069.0690454312
"waiting-for-children","state38","active",177448.147690855,13854.822597097
"waiting-for-children","state49","active",549036.886089029,23838.5726956329
"waiting-for-children","state54","active",429073.444291652,13809.0512463233
"waiting-for-children","state31","active",14693886.6368217,75068.5446411901
"waiting-for-children","state09","active",1257569.46297757,51844.0938469403
"waiting-for-children","state56","active",433305.021641117,22209.050023754
"waiting-for-children","state46","active",389314.384681304,10509.4148207222
"waiting-for-children","state02","active",448876.908094944,13821.2552328192
"waiting-for-children","state11","active",89292.7613113479,5952.85075408986
"waiting-for-children","state10","active",387947.245026761,20896.399523966
"waiting-for-children","state15","active",138167.782302447,9876.70024694904
"waiting-for-children","state35","active",51981.4430150411,2079.25772060164
"waiting-for-children","state44","active",102866.041764751,20573.2083529501
"animal-care","national","active",1263676223.48502,39454772.6773643
"appliance-tool-organization","national","active",266927830.829002,3683444.35778433
"attending-children-s-events","national","active",430446214.104003,3662163.86220495
"banking","national","active",94772398.7620696,4081741.24519586
"clothing-maitanence","national","active",460187590.795535,2705217.49184504
"daily-living-travel","national","active",5739211981.73319,122462167.85021
"developmental-travel","national","active",1313549174.61961,30800387.2315251
"exterior-cleaning","national","active",3505522288.61946,28560353.5378141
"food-and-drink-preparation","national","active",8446840964.09399,157064960.423421
"general-childcare","national","active",71265851.6158783,549365.879563101
"general-children-s-education","national","active",10530576.53392,189745.687535265
"general-healthcare","national","active",1134197496.66213,18275224.3581146
"general-household-activities","national","active",63765800.9347926,287750.852906974
"general-housework","national","active",184478539.111533,1976546.17256229
"general-personal-services","national","active",4386154.1130531,84726.2610991244
"grocery-shopping","national","active",1690749613.33514,36099846.5620831
"healthcare-travel","national","active",509751001.587179,13079426.5999099
"helping-adults","national","active",141468099.795442,1684303.90035642
"helping-with-homework","national","active",283882140.145827,5114233.57499503
"home-cleaning","national","active",5725003466.70979,62510500.2980102
"home-exterior-repair","national","active",379456016.779227,2186485.32699215
"home-items-repair","national","active",240636152.667291,2270132.26675965
"home-organization","national","active",1122653688.90511,21479148.0269991
"home-schooling-of-children","national","active",146430996.35174,880608.425515861
"household-financial-and-organizational-management","national","active",3258460113.25729,60395705.4031822
"hygiene","national","active",10272749287.8538,201036400.90177
"kitchen-and-food-clean-up","national","active",2198682131.61204,62199371.8482082
"laundry","national","active",2764031978.05701,41340008.3850573
"lawn-and-garden","national","active",245399802.935662,2092953.83661144
"looking-after-adults-as-a-primary-activity","national","active",35009771.4769056,724540.311176545
"looking-after-children","national","active",534543454.601475,5083205.17987156
"meetings-and-school-conferences","national","active",22613425.4379352,401362.573166553
"obtaining-medical-and-care-services-for-adults","national","active",124331993.748503,1208243.43482553
"obtaining-medical-care-for-children","national","active",78144139.090297,1045795.99354026
"organization-planning-for-children","national","active",84462975.8497635,2902442.17958549
"organization-planning-for-other-adults","national","active",30227449.3061326,598377.02590369
"personal-private-activities","national","active",70520715.2751152,716361.315739261
"physical-care-for-adults","national","active",327702449.879129,4653792.41297415
"physical-care-for-children","national","active",2455818303.13925,35416798.9401609
"picking-up-dropping-off-adults","national","active",113773134.761491,11169841.2192594
"picking-up-dropping-off-children","national","active",299896408.067521,20310454.1835643
"playing-with-children","national","active",1783580666.32256,16286593.1541437
"providing-medical-care-to-adults","national","active",215508169.623102,3092549.55782848
"providing-medical-care-to-children","national","active",74900342.5773451,1337724.46370138
"purchasing-food-not-groceries","national","active",390034430.681039,32531764.6311711
"purchasing-gas","national","active",89814988.4445698,8324425.50984609
"reading-to-children","national","active",196211928.684747,6365826.15378691
"real-estate-sales","national","active",49796097.4737549,561146.325550233
"secondary-childcare","national","passive_child",18811182277.5527,55650788.8913668
"secondary-eldercare","national","passive_elder",2509715191.56222,11592434.9059278
"shopping-except-groceries-food-and-gas","national","active",2654273436.29443,42227014.5205671
"talking-to-children","national","active",283210750.822204,6527327.14352368
"using-clothing-repair-and-cleaning-services","national","active",6154652.89549604,444199.489430244
"using-health-and-care-services-outside-the-home","national","active",934246330.161537,10410030.3794952
"using-home-maint-repair-d-cor-construction-svcs","national","active",102847147.334897,1151447.52282665
"using-home-services","national","active",2144234.34105312,41515.0350232493
"using-in-home-health-and-care-services","national","active",21771660.0933896,228956.250026144
"using-interior-cleaning-services","national","active",873062.042994203,47073.4726565463
"using-lawn-and-garden-services","national","active",8368888.23294171,201469.287716874
"using-legal-services","national","active",10585374.4557782,204363.888430459
"using-meal-preparation-services","national","active",589525.367074942,16947.2114150301
"using-paid-childcare-services","national","active",1585993.96900015,125885.677986435
"using-personal-care-services","national","active",260929962.567005,3508010.88361845
"using-police-and-fire-services","national","active",1945205.79692051,76246.7650870559
"using-social-services","national","active",5178946.32322669,131142.935794032
"using-vehicle-maintenance-or-repair-services","national","active",119848654.173966,2627822.692012
"using-veterinary-services","national","active",46481284.9570843,738712.416133122
"vehicle-repair","national","active",649820121.01222,6183956.45571251
"volunteering","national","active",897470087.622932,6265682.52167246
"waiting-associated-with-children-s-education","national","active",2580662.60109315,62324.4938403019
"waiting-associated-with-helping-adults","national","active",147585102.615473,4923935.65916952
"waiting-associated-with-shopping","national","active",40542712.748335,1915821.93759465
"waiting-for-children","national","active",160513316.282757,5037731.58766186
