"geo","gender","provider_status","time_use","care_type","care_focus","provider_attention","provision_interval","population"
"state23","female","other","care","formal","daily_living","active",305465.657142857,47540.12
"state33","female","other","care","formal","daily_living","active",1096267.88571429,80775.9
"state50","female","other","care","formal","daily_living","active",130693.714285714,19205.8
"state25","female","other","care","formal","daily_living","active",7638156.34285714,397599.23
"state44","female","other","care","formal","daily_living","active",1784867.31428571,62024.02
"state09","female","other","care","formal","daily_living","active",4508798.14285714,244386.3
"state36","female","other","care","formal","daily_living","active",19847322.6857143,1123084.14
"state34","female","other","care","formal","daily_living","active",10996485.2571429,591931.03
"state42","female","other","care","formal","daily_living","active",12085182.3428571,650167.33
"state39","female","other","care","formal","daily_living","active",14523627.1714286,569003.4
"state18","female","other","care","formal","daily_living","active",3900919.71428571,290220.23
"state17","female","other","care","formal","daily_living","active",16034181.8571429,684685.17
"state26","female","other","care","formal","daily_living","active",8933241.77142857,527160.37
"state55","female","other","care","formal","daily_living","active",2795989.71428571,185189.98
"state27","female","other","care","formal","daily_living","active",3358815.08571429,242493.08
"state19","female","other","care","formal","daily_living","active",3738612.42857143,114080.56
"state29","female","other","care","formal","daily_living","active",3970392.42857143,312521.18
"state38","female","other","care","formal","daily_living","active",461005.8,20646.93
"state46","female","other","care","formal","daily_living","active",304378.285714286,22758.03
"state31","female","other","care","formal","daily_living","active",2001078,71410.44
"state20","female","other","care","formal","daily_living","active",1730253,122788.86
"state10","female","other","care","formal","daily_living","active",1464442.28571429,52175.84
"state24","female","other","care","formal","daily_living","active",4014303.08571429,269842.68
"state11","female","other","care","formal","daily_living","active",558397.714285714,22853.11
"state51","female","other","care","formal","daily_living","active",7498431.6,428023.94
"state54","female","other","care","formal","daily_living","active",945512.485714286,80340.16
"state37","female","other","care","formal","daily_living","active",15316987.8857143,472908
"state45","female","other","care","formal","daily_living","active",5257225.71428571,254750.11
"state13","female","other","care","formal","daily_living","active",9789048.68571429,640816.95
"state12","female","other","care","formal","daily_living","active",35463811.5428571,1383389.6
"state21","female","other","care","formal","daily_living","active",3341405.57142857,204444.06
"state47","female","other","care","formal","daily_living","active",5282531.57142857,334972.61
"state01","female","other","care","formal","daily_living","active",6452248.88571429,256119.97
"state28","female","other","care","formal","daily_living","active",3637791.42857143,133576.51
"state05","female","other","care","formal","daily_living","active",1471627.37142857,120567.08
"state22","female","other","care","formal","daily_living","active",6154486.2,222359.97
"state40","female","other","care","formal","daily_living","active",5736559.71428571,144911.54
"state48","female","other","care","formal","daily_living","active",45306019.1142857,1636779.43
"state30","female","other","care","formal","daily_living","active",372528.428571429,34641.2
"state16","female","other","care","formal","daily_living","active",1363048.45714286,91067.55
"state56","female","other","care","formal","daily_living","active",486786.857142857,14037.71
"state08","female","other","care","formal","daily_living","active",6101005.88571429,255835.09
"state35","female","other","care","formal","daily_living","active",3449879.05714286,94814.79
"state04","female","other","care","formal","daily_living","active",11666019.8571429,352159.08
"state49","female","other","care","formal","daily_living","active",2981356.11428571,133691.21
"state32","female","other","care","formal","daily_living","active",4912075.88571429,166708.57
"state53","female","other","care","formal","daily_living","active",7798637.82857143,310726.79
"state41","female","other","care","formal","daily_living","active",6356854.97142857,192603.63
"state06","female","other","care","formal","daily_living","active",86152945.2,2595220.6
"state02","female","other","care","formal","daily_living","active",612354.685714286,26528.98
"state15","female","other","care","formal","daily_living","active",3232014.6,94948.11
"national","female","other","care","formal","daily_living","active",413322073.285714,17401486.97
"state33","female","other","care","formal","developmental","active",2343867.42857143,80775.9
"state50","female","other","care","formal","developmental","active",96951,19205.8
"state25","female","other","care","formal","developmental","active",12080133.6,397599.23
"state44","female","other","care","formal","developmental","active",2678766.42857143,62024.02
"state09","female","other","care","formal","developmental","active",6790196.74285714,244386.3
"state36","female","other","care","formal","developmental","active",17655214.6285714,1123084.14
"state34","female","other","care","formal","developmental","active",18387441.0857143,591931.03
"state42","female","other","care","formal","developmental","active",9684802.71428571,650167.33
"state39","female","other","care","formal","developmental","active",16352589.3428571,569003.4
"state18","female","other","care","formal","developmental","active",6746501.82857143,290220.23
"state17","female","other","care","formal","developmental","active",15207490.4571429,684685.17
"state26","female","other","care","formal","developmental","active",10021481.1428571,527160.37
"state55","female","other","care","formal","developmental","active",2820189.6,185189.98
"state27","female","other","care","formal","developmental","active",3925559.57142857,242493.08
"state19","female","other","care","formal","developmental","active",5225794.28571429,114080.56
"state29","female","other","care","formal","developmental","active",6297819.42857143,312521.18
"state38","female","other","care","formal","developmental","active",225229.714285714,20646.93
"state46","female","other","care","formal","developmental","active",1474034.14285714,22758.03
"state31","female","other","care","formal","developmental","active",1192538.57142857,71410.44
"state20","female","other","care","formal","developmental","active",4482760.11428571,122788.86
"state10","female","other","care","formal","developmental","active",762117,52175.84
"state24","female","other","care","formal","developmental","active",6580475.31428572,269842.68
"state11","female","other","care","formal","developmental","active",354882.857142857,22853.11
"state51","female","other","care","formal","developmental","active",9540995.14285714,428023.94
"state54","female","other","care","formal","developmental","active",1791055.2,80340.16
"state37","female","other","care","formal","developmental","active",7462467.08571429,472908
"state45","female","other","care","formal","developmental","active",3921173.48571429,254750.11
"state13","female","other","care","formal","developmental","active",7049526.34285714,640816.95
"state12","female","other","care","formal","developmental","active",31948084.2,1383389.6
"state21","female","other","care","formal","developmental","active",1347099.42857143,204444.06
"state47","female","other","care","formal","developmental","active",2142017.14285714,334972.61
"state01","female","other","care","formal","developmental","active",4102785.94285714,256119.97
"state28","female","other","care","formal","developmental","active",3099225.6,133576.51
"state05","female","other","care","formal","developmental","active",1329792.68571429,120567.08
"state22","female","other","care","formal","developmental","active",5961280.11428571,222359.97
"state40","female","other","care","formal","developmental","active",2053980.51428571,144911.54
"state48","female","other","care","formal","developmental","active",29289077.3142857,1636779.43
"state30","female","other","care","formal","developmental","active",645116.571428571,34641.2
"state16","female","other","care","formal","developmental","active",3079660.54285714,91067.55
"state56","female","other","care","formal","developmental","active",247737,14037.71
"state08","female","other","care","formal","developmental","active",4545746.22857143,255835.09
"state35","female","other","care","formal","developmental","active",1842371.31428571,94814.79
"state04","female","other","care","formal","developmental","active",6525211.28571429,352159.08
"state49","female","other","care","formal","developmental","active",2066629.71428571,133691.21
"state32","female","other","care","formal","developmental","active",5204903.4,166708.57
"state53","female","other","care","formal","developmental","active",3527820.85714286,310726.79
"state41","female","other","care","formal","developmental","active",4931268.85714286,192603.63
"state06","female","other","care","formal","developmental","active",40999809.2571429,2595220.6
"state02","female","other","care","formal","developmental","active",211942.885714286,26528.98
"state15","female","other","care","formal","developmental","active",1464181.71428571,94948.11
"national","female","other","care","formal","developmental","active",337717796.828571,17401486.97
"state23","female","other","care","formal","health","active",708005.914285714,47540.12
"state33","female","other","care","formal","health","active",3332016.34285714,80775.9
"state50","female","other","care","formal","health","active",430461.942857143,19205.8
"state25","female","other","care","formal","health","active",13662469.0285714,397599.23
"state44","female","other","care","formal","health","active",2405986.37142857,62024.02
"state09","female","other","care","formal","health","active",8548291.02857143,244386.3
"state36","female","other","care","formal","health","active",52220914.8857143,1123084.14
"state34","female","other","care","formal","health","active",29794268.9142857,591931.03
"state42","female","other","care","formal","health","active",17826501.0857143,650167.33
"state39","female","other","care","formal","health","active",26856594.2571429,569003.4
"state18","female","other","care","formal","health","active",12132425.3142857,290220.23
"state17","female","other","care","formal","health","active",17726558.3142857,684685.17
"state26","female","other","care","formal","health","active",11642762.9142857,527160.37
"state55","female","other","care","formal","health","active",5809382.4,185189.98
"state27","female","other","care","formal","health","active",16763428.2857143,242493.08
"state19","female","other","care","formal","health","active",2715979.71428571,114080.56
"state29","female","other","care","formal","health","active",7453593.08571429,312521.18
"state38","female","other","care","formal","health","active",535414.457142857,20646.93
"state46","female","other","care","formal","health","active",424308,22758.03
"state31","female","other","care","formal","health","active",2068877.14285714,71410.44
"state20","female","other","care","formal","health","active",5260529.82857143,122788.86
"state10","female","other","care","formal","health","active",771949.885714286,52175.84
"state24","female","other","care","formal","health","active",5163040.71428571,269842.68
"state11","female","other","care","formal","health","active",323643.857142857,22853.11
"state51","female","other","care","formal","health","active",8487250.02857143,428023.94
"state54","female","other","care","formal","health","active",1882545.25714286,80340.16
"state37","female","other","care","formal","health","active",9146376,472908
"state45","female","other","care","formal","health","active",8791099.2,254750.11
"state13","female","other","care","formal","health","active",10707786.7714286,640816.95
"state12","female","other","care","formal","health","active",40600659.2571429,1383389.6
"state21","female","other","care","formal","health","active",3379477.71428571,204444.06
"state47","female","other","care","formal","health","active",5603021.14285714,334972.61
"state01","female","other","care","formal","health","active",6612940.71428571,256119.97
"state28","female","other","care","formal","health","active",1776395.57142857,133576.51
"state05","female","other","care","formal","health","active",5673859.54285714,120567.08
"state22","female","other","care","formal","health","active",6582916.45714286,222359.97
"state40","female","other","care","formal","health","active",3660536.57142857,144911.54
"state48","female","other","care","formal","health","active",42612809.4857143,1636779.43
"state30","female","other","care","formal","health","active",1042308.34285714,34641.2
"state16","female","other","care","formal","health","active",3390790.97142857,91067.55
"state56","female","other","care","formal","health","active",175544.742857143,14037.71
"state08","female","other","care","formal","health","active",7313786.05714286,255835.09
"state35","female","other","care","formal","health","active",3469956.51428571,94814.79
"state04","female","other","care","formal","health","active",10052556.3428571,352159.08
"state49","female","other","care","formal","health","active",1359740.57142857,133691.21
"state32","female","other","care","formal","health","active",1934184.17142857,166708.57
"state53","female","other","care","formal","health","active",11621834.5714286,310726.79
"state41","female","other","care","formal","health","active",4465354.62857143,192603.63
"state06","female","other","care","formal","health","active",44146153.0285714,2595220.6
"state02","female","other","care","formal","health","active",879745.285714286,26528.98
"state15","female","other","care","formal","health","active",1650709.02857143,94948.11
"national","female","other","care","formal","health","active",491597741.657143,17401486.97
"state23","female","with_children","care","formal","daily_living","active",1243405.71428571,125048.55
"state33","female","with_children","care","formal","daily_living","active",3260574.94285714,111097.51
"state50","female","with_children","care","formal","daily_living","active",1253329.02857143,64047.78
"state25","female","with_children","care","formal","daily_living","active",15003286.9714286,758769.25
"state44","female","with_children","care","formal","daily_living","active",2261800.45714286,110865.04
"state09","female","with_children","care","formal","daily_living","active",4167112.2,341916.55
"state36","female","with_children","care","formal","daily_living","active",40510338.0857143,2014719.69
"state34","female","with_children","care","formal","daily_living","active",15412055.0571429,900727.85
"state42","female","with_children","care","formal","daily_living","active",35421704.4857143,1256283.76
"state39","female","with_children","care","formal","daily_living","active",19671531.8571429,1094591.46
"state18","female","with_children","care","formal","daily_living","active",19053847.4571429,760244.95
"state17","female","with_children","care","formal","daily_living","active",24295773.0857143,1366433.77
"state26","female","with_children","care","formal","daily_living","active",33417882.5142857,978735.79
"state55","female","with_children","care","formal","daily_living","active",13773477.9428571,625284.97
"state27","female","with_children","care","formal","daily_living","active",16977131.4857143,559812.42
"state19","female","with_children","care","formal","daily_living","active",10215500.8285714,343793.68
"state29","female","with_children","care","formal","daily_living","active",14967854.7428571,649223.2
"state38","female","with_children","care","formal","daily_living","active",1921485.25714286,90411.41
"state46","female","with_children","care","formal","daily_living","active",1522394.14285714,94234.27
"state31","female","with_children","care","formal","daily_living","active",4166986.8,234390.99
"state20","female","with_children","care","formal","daily_living","active",7365431.14285714,328833.9
"state10","female","with_children","care","formal","daily_living","active",2497288.88571429,108912.52
"state24","female","with_children","care","formal","daily_living","active",24674518.6285714,695655.89
"state11","female","with_children","care","formal","daily_living","active",1158618.6,64225.07
"state51","female","with_children","care","formal","daily_living","active",19853647.2,977370.49
"state54","female","with_children","care","formal","daily_living","active",3634828.37142857,174497.81
"state37","female","with_children","care","formal","daily_living","active",32007876.6,1179727.46
"state45","female","with_children","care","formal","daily_living","active",8710487.22857143,619965.85
"state13","female","with_children","care","formal","daily_living","active",22804103.8285714,1239921.52
"state12","female","with_children","care","formal","daily_living","active",53425725.8571429,2090962.87
"state21","female","with_children","care","formal","daily_living","active",9811257.34285714,534713.04
"state47","female","with_children","care","formal","daily_living","active",11640455.9142857,751889.38
"state01","female","with_children","care","formal","daily_living","active",13620990.0857143,514126.15
"state28","female","with_children","care","formal","daily_living","active",13824846.0857143,332005.57
"state05","female","with_children","care","formal","daily_living","active",8832880.71428571,334669.54
"state22","female","with_children","care","formal","daily_living","active",13900900.0285714,520276.82
"state40","female","with_children","care","formal","daily_living","active",11960650.1142857,436509.38
"state48","female","with_children","care","formal","daily_living","active",77940278.5714286,3433409.62
"state30","female","with_children","care","formal","daily_living","active",2601771.42857143,120225.51
"state16","female","with_children","care","formal","daily_living","active",3239246.4,214650.29
"state56","female","with_children","care","formal","daily_living","active",874492.885714286,65957.06
"state08","female","with_children","care","formal","daily_living","active",11106649.2857143,621302.37
"state35","female","with_children","care","formal","daily_living","active",5417218.2,212628.02
"state04","female","with_children","care","formal","daily_living","active",22170383.5714286,772521.89
"state49","female","with_children","care","formal","daily_living","active",6071202.34285714,434183.94
"state32","female","with_children","care","formal","daily_living","active",12718357.8,328230.45
"state53","female","with_children","care","formal","daily_living","active",23725946.2285714,882990.35
"state41","female","with_children","care","formal","daily_living","active",9839392.71428571,388752.57
"state06","female","with_children","care","formal","daily_living","active",90420237.2571429,3993797.56
"state02","female","with_children","care","formal","daily_living","active",1673209.8,81970.16
"state15","female","with_children","care","formal","daily_living","active",2838090.68571429,127726.92
"national","female","with_children","care","formal","daily_living","active",808878456.857143,35063242.86
"state23","female","with_children","care","formal","developmental","active",3633695.65714286,125048.55
"state33","female","with_children","care","formal","developmental","active",4023839.14285714,111097.51
"state50","female","with_children","care","formal","developmental","active",2792252.91428571,64047.78
"state25","female","with_children","care","formal","developmental","active",29311535.9142857,758769.25
"state44","female","with_children","care","formal","developmental","active",3445053.77142857,110865.04
"state09","female","with_children","care","formal","developmental","active",12213301.9714286,341916.55
"state36","female","with_children","care","formal","developmental","active",72524188.2,2014719.69
"state34","female","with_children","care","formal","developmental","active",34034280,900727.85
"state42","female","with_children","care","formal","developmental","active",36534962.6571429,1256283.76
"state39","female","with_children","care","formal","developmental","active",31171429.3714286,1094591.46
"state18","female","with_children","care","formal","developmental","active",32543765.7428571,760244.95
"state17","female","with_children","care","formal","developmental","active",48462274.8,1366433.77
"state26","female","with_children","care","formal","developmental","active",29482297.3714286,978735.79
"state55","female","with_children","care","formal","developmental","active",27692617.4571429,625284.97
"state27","female","with_children","care","formal","developmental","active",16957246.6285714,559812.42
"state19","female","with_children","care","formal","developmental","active",9716955.51428572,343793.68
"state29","female","with_children","care","formal","developmental","active",12637254.8571429,649223.2
"state38","female","with_children","care","formal","developmental","active",4270096.8,90411.41
"state46","female","with_children","care","formal","developmental","active",3243952.88571429,94234.27
"state31","female","with_children","care","formal","developmental","active",11396891.3142857,234390.99
"state20","female","with_children","care","formal","developmental","active",10807020.4285714,328833.9
"state10","female","with_children","care","formal","developmental","active",4509025.45714286,108912.52
"state24","female","with_children","care","formal","developmental","active",26558797.1142857,695655.89
"state11","female","with_children","care","formal","developmental","active",1853091.68571429,64225.07
"state51","female","with_children","care","formal","developmental","active",22000833.3428571,977370.49
"state54","female","with_children","care","formal","developmental","active",6304055.82857143,174497.81
"state37","female","with_children","care","formal","developmental","active",25651999.2857143,1179727.46
"state45","female","with_children","care","formal","developmental","active",24944649.4285714,619965.85
"state13","female","with_children","care","formal","developmental","active",38965555.6285714,1239921.52
"state12","female","with_children","care","formal","developmental","active",41374954.4571429,2090962.87
"state21","female","with_children","care","formal","developmental","active",23788482,534713.04
"state47","female","with_children","care","formal","developmental","active",20461433.4,751889.38
"state01","female","with_children","care","formal","developmental","active",13402757.4,514126.15
"state28","female","with_children","care","formal","developmental","active",11492010.9428571,332005.57
"state05","female","with_children","care","formal","developmental","active",8440986.85714286,334669.54
"state22","female","with_children","care","formal","developmental","active",18554582.9142857,520276.82
"state40","female","with_children","care","formal","developmental","active",14224291.9714286,436509.38
"state48","female","with_children","care","formal","developmental","active",90930781.2857143,3433409.62
"state30","female","with_children","care","formal","developmental","active",3573421.28571429,120225.51
"state16","female","with_children","care","formal","developmental","active",7727170.97142857,214650.29
"state56","female","with_children","care","formal","developmental","active",3725715.85714286,65957.06
"state08","female","with_children","care","formal","developmental","active",13875990.3428571,621302.37
"state35","female","with_children","care","formal","developmental","active",4524460.02857143,212628.02
"state04","female","with_children","care","formal","developmental","active",27103635.1714286,772521.89
"state49","female","with_children","care","formal","developmental","active",10655949.1714286,434183.94
"state32","female","with_children","care","formal","developmental","active",9548493.94285714,328230.45
"state53","female","with_children","care","formal","developmental","active",23278318.0285714,882990.35
"state41","female","with_children","care","formal","developmental","active",12258228.1714286,388752.57
"state06","female","with_children","care","formal","developmental","active",100467693.085714,3993797.56
"state02","female","with_children","care","formal","developmental","active",2376786.85714286,81970.16
"state15","female","with_children","care","formal","developmental","active",5337703.62857143,127726.92
"national","female","with_children","care","formal","developmental","active",1054806768.94286,35063242.86
"state23","female","with_children","care","formal","health","active",9179694.77142857,125048.55
"state33","female","with_children","care","formal","health","active",5960609.74285714,111097.51
"state50","female","with_children","care","formal","health","active",2868292.8,64047.78
"state25","female","with_children","care","formal","health","active",38552403.8571429,758769.25
"state44","female","with_children","care","formal","health","active",7160261.22857143,110865.04
"state09","female","with_children","care","formal","health","active",21749407.4571429,341916.55
"state36","female","with_children","care","formal","health","active",126579186.942857,2014719.69
"state34","female","with_children","care","formal","health","active",45025226.5714286,900727.85
"state42","female","with_children","care","formal","health","active",56824412.1428571,1256283.76
"state39","female","with_children","care","formal","health","active",58448707.7142857,1094591.46
"state18","female","with_children","care","formal","health","active",39595582.6285714,760244.95
"state17","female","with_children","care","formal","health","active",59990013.3428571,1366433.77
"state26","female","with_children","care","formal","health","active",49271151.1714286,978735.79
"state55","female","with_children","care","formal","health","active",34135768.2,625284.97
"state27","female","with_children","care","formal","health","active",31813261.1142857,559812.42
"state19","female","with_children","care","formal","health","active",19653439.7142857,343793.68
"state29","female","with_children","care","formal","health","active",24668542.8857143,649223.2
"state38","female","with_children","care","formal","health","active",4955346.34285714,90411.41
"state46","female","with_children","care","formal","health","active",6926237.57142857,94234.27
"state31","female","with_children","care","formal","health","active",11533251.1714286,234390.99
"state20","female","with_children","care","formal","health","active",15261537.5142857,328833.9
"state10","female","with_children","care","formal","health","active",7661584.8,108912.52
"state24","female","with_children","care","formal","health","active",27353630.1428571,695655.89
"state11","female","with_children","care","formal","health","active",2363850.6,64225.07
"state51","female","with_children","care","formal","health","active",40847598.4285714,977370.49
"state54","female","with_children","care","formal","health","active",12160063.8,174497.81
"state37","female","with_children","care","formal","health","active",41163659.4,1179727.46
"state45","female","with_children","care","formal","health","active",28796652.2571429,619965.85
"state13","female","with_children","care","formal","health","active",47478655.5428571,1239921.52
"state12","female","with_children","care","formal","health","active",89146142.5714286,2090962.87
"state21","female","with_children","care","formal","health","active",19662460.2857143,534713.04
"state47","female","with_children","care","formal","health","active",42301460.4,751889.38
"state01","female","with_children","care","formal","health","active",18064234.9714286,514126.15
"state28","female","with_children","care","formal","health","active",15603693.2571429,332005.57
"state05","female","with_children","care","formal","health","active",16539227.7428571,334669.54
"state22","female","with_children","care","formal","health","active",23012362.6285714,520276.82
"state40","female","with_children","care","formal","health","active",14004967.9714286,436509.38
"state48","female","with_children","care","formal","health","active",111438856.371429,3433409.62
"state30","female","with_children","care","formal","health","active",6403206.34285714,120225.51
"state16","female","with_children","care","formal","health","active",8001901.54285714,214650.29
"state56","female","with_children","care","formal","health","active",2466251.22857143,65957.06
"state08","female","with_children","care","formal","health","active",28630794.9428571,621302.37
"state35","female","with_children","care","formal","health","active",7269602.05714286,212628.02
"state04","female","with_children","care","formal","health","active",34762347.2571429,772521.89
"state49","female","with_children","care","formal","health","active",15146653.8857143,434183.94
"state32","female","with_children","care","formal","health","active",13064353.8857143,328230.45
"state53","female","with_children","care","formal","health","active",26521355.6571429,882990.35
"state41","female","with_children","care","formal","health","active",19051165.1142857,388752.57
"state06","female","with_children","care","formal","health","active",143228821.628571,3993797.56
"state02","female","with_children","care","formal","health","active",4161217.2,81970.16
"state15","female","with_children","care","formal","health","active",5225606.22857143,127726.92
"national","female","with_children","care","formal","health","active",1541684713.02857,35063242.86
"state23","female","without_children","care","formal","daily_living","active",4881483.6,412239.56
"state33","female","without_children","care","formal","daily_living","active",3186202.2,390974.88
"state50","female","without_children","care","formal","daily_living","active",3055066.02857143,184152.9
"state25","female","without_children","care","formal","daily_living","active",23068443.6,1797238.93
"state44","female","without_children","care","formal","daily_living","active",4012125.42857143,285783.38
"state09","female","without_children","care","formal","daily_living","active",20164012.2857143,931142.47
"state36","female","without_children","care","formal","daily_living","active",66345536.7428571,4990765.75
"state34","female","without_children","care","formal","daily_living","active",31867309.3714286,2310112.72
"state42","female","without_children","care","formal","daily_living","active",48242886.1714286,3384068.12
"state39","female","without_children","care","formal","daily_living","active",53898448.7142857,3022692.47
"state18","female","without_children","care","formal","daily_living","active",30308229.2571429,1646586.74
"state17","female","without_children","care","formal","daily_living","active",43376573.4,3030071.73
"state26","female","without_children","care","formal","daily_living","active",41762095.9714286,2548373.91
"state55","female","without_children","care","formal","daily_living","active",22668883.9714286,1570436.46
"state27","female","without_children","care","formal","daily_living","active",23062998,1472059.67
"state19","female","without_children","care","formal","daily_living","active",17869417.7142857,779297.06
"state29","female","without_children","care","formal","daily_living","active",23346516.2571429,1509427.7
"state38","female","without_children","care","formal","daily_living","active",2972549.4,176760.97
"state46","female","without_children","care","formal","daily_living","active",5308487.4,226946.51
"state31","female","without_children","care","formal","daily_living","active",10340881.4571429,448159.42
"state20","female","without_children","care","formal","daily_living","active",8333830.37142857,689266.57
"state10","female","without_children","care","formal","daily_living","active",3168508.28571429,271766.55
"state24","female","without_children","care","formal","daily_living","active",25754393.2285714,1555713.38
"state11","female","without_children","care","formal","daily_living","active",1405131.42857143,218900.57
"state51","female","without_children","care","formal","daily_living","active",21503536.4571429,2067274.22
"state54","female","without_children","care","formal","daily_living","active",5921492.14285714,450477.21
"state37","female","without_children","care","formal","daily_living","active",80253177,2850322.09
"state45","female","without_children","care","formal","daily_living","active",12295259.5714286,1387130.68
"state13","female","without_children","care","formal","daily_living","active",41337771.6,2572743.41
"state12","female","without_children","care","formal","daily_living","active",115356308.057143,6214196.98
"state21","female","without_children","care","formal","daily_living","active",12434151.7714286,1047594.67
"state47","female","without_children","care","formal","daily_living","active",25721265.0857143,1809963.6
"state01","female","without_children","care","formal","daily_living","active",23231555.0571429,1331444.39
"state28","female","without_children","care","formal","daily_living","active",14170872.6857143,719534.75
"state05","female","without_children","care","formal","daily_living","active",10574471.8285714,746943.58
"state22","female","without_children","care","formal","daily_living","active",16202601.4285714,1081541.3
"state40","female","without_children","care","formal","daily_living","active",17583452.7428571,988368.1
"state48","female","without_children","care","formal","daily_living","active",147561909.257143,6907174.7
"state30","female","without_children","care","formal","daily_living","active",4068965.82857143,293250.18
"state16","female","without_children","care","formal","daily_living","active",5488732.45714286,450846.56
"state56","female","without_children","care","formal","daily_living","active",1392575.22857143,145275.66
"state08","female","without_children","care","formal","daily_living","active",35083213.5428571,1455851.77
"state35","female","without_children","care","formal","daily_living","active",10141228.2857143,536641.1
"state04","female","without_children","care","formal","daily_living","active",34228486.0285714,1881637.11
"state49","female","without_children","care","formal","daily_living","active",13341163.7142857,711886.41
"state32","female","without_children","care","formal","daily_living","active",19306173.7714286,793029.24
"state53","female","without_children","care","formal","daily_living","active",23305771.8857143,1941980.49
"state41","female","without_children","care","formal","daily_living","active",26791838.4,1152091.25
"state06","female","without_children","care","formal","daily_living","active",176186558.485714,9080422.92
"state02","female","without_children","care","formal","daily_living","active",3108705.94285714,154549.35
"state15","female","without_children","care","formal","daily_living","active",6064375.2,346568.02
"national","female","without_children","care","formal","daily_living","active",1421055623.74286,82971678.16
"state23","female","without_children","care","formal","developmental","active",9227392.88571429,412239.56
"state33","female","without_children","care","formal","developmental","active",9091538.74285714,390974.88
"state50","female","without_children","care","formal","developmental","active",3704637.42857143,184152.9
"state25","female","without_children","care","formal","developmental","active",42108606.9428571,1797238.93
"state44","female","without_children","care","formal","developmental","active",4847013.25714286,285783.38
"state09","female","without_children","care","formal","developmental","active",14626107.8571429,931142.47
"state36","female","without_children","care","formal","developmental","active",97806163.9714286,4990765.75
"state34","female","without_children","care","formal","developmental","active",38470856.8285714,2310112.72
"state42","female","without_children","care","formal","developmental","active",39793228.7142857,3384068.12
"state39","female","without_children","care","formal","developmental","active",37113032.4,3022692.47
"state18","female","without_children","care","formal","developmental","active",28604385.7714286,1646586.74
"state17","female","without_children","care","formal","developmental","active",56697618,3030071.73
"state26","female","without_children","care","formal","developmental","active",39944599.9714286,2548373.91
"state55","female","without_children","care","formal","developmental","active",20288695.8857143,1570436.46
"state27","female","without_children","care","formal","developmental","active",30178626.9428571,1472059.67
"state19","female","without_children","care","formal","developmental","active",15286029.0857143,779297.06
"state29","female","without_children","care","formal","developmental","active",25383135.2571429,1509427.7
"state38","female","without_children","care","formal","developmental","active",4577781.85714286,176760.97
"state46","female","without_children","care","formal","developmental","active",5535550.28571429,226946.51
"state31","female","without_children","care","formal","developmental","active",9363468.51428572,448159.42
"state20","female","without_children","care","formal","developmental","active",8249805.42857143,689266.57
"state10","female","without_children","care","formal","developmental","active",1718168.74285714,271766.55
"state24","female","without_children","care","formal","developmental","active",38513713.8857143,1555713.38
"state11","female","without_children","care","formal","developmental","active",3638656.71428571,218900.57
"state51","female","without_children","care","formal","developmental","active",36531322.2857143,2067274.22
"state54","female","without_children","care","formal","developmental","active",9622433.91428571,450477.21
"state37","female","without_children","care","formal","developmental","active",30899215.7142857,2850322.09
"state45","female","without_children","care","formal","developmental","active",17534264.5714286,1387130.68
"state13","female","without_children","care","formal","developmental","active",48180597,2572743.41
"state12","female","without_children","care","formal","developmental","active",65800462.1142857,6214196.98
"state21","female","without_children","care","formal","developmental","active",10294815.3428571,1047594.67
"state47","female","without_children","care","formal","developmental","active",33368101.0285714,1809963.6
"state01","female","without_children","care","formal","developmental","active",16871126.2285714,1331444.39
"state28","female","without_children","care","formal","developmental","active",11798303.7428571,719534.75
"state05","female","without_children","care","formal","developmental","active",11365850.1428571,746943.58
"state22","female","without_children","care","formal","developmental","active",14690877.7714286,1081541.3
"state40","female","without_children","care","formal","developmental","active",18006855.9428571,988368.1
"state48","female","without_children","care","formal","developmental","active",150895186.114286,6907174.7
"state30","female","without_children","care","formal","developmental","active",4567868.74285714,293250.18
"state16","female","without_children","care","formal","developmental","active",4633570.11428571,450846.56
"state56","female","without_children","care","formal","developmental","active",2007322.45714286,145275.66
"state08","female","without_children","care","formal","developmental","active",27682225.8857143,1455851.77
"state35","female","without_children","care","formal","developmental","active",8942766.6,536641.1
"state04","female","without_children","care","formal","developmental","active",27794505.6,1881637.11
"state49","female","without_children","care","formal","developmental","active",16488129.0857143,711886.41
"state32","female","without_children","care","formal","developmental","active",15753127.8857143,793029.24
"state53","female","without_children","care","formal","developmental","active",27612908.9142857,1941980.49
"state41","female","without_children","care","formal","developmental","active",17107042.7142857,1152091.25
"state06","female","without_children","care","formal","developmental","active",141366650.4,9080422.92
"state02","female","without_children","care","formal","developmental","active",4147846.45714286,154549.35
"state15","female","without_children","care","formal","developmental","active",5827680.17142857,346568.02
"national","female","without_children","care","formal","developmental","active",1364559872.31429,82971678.16
"state23","female","without_children","care","formal","health","active",8154653.48571429,412239.56
"state33","female","without_children","care","formal","health","active",12096309.5142857,390974.88
"state50","female","without_children","care","formal","health","active",5769622.45714286,184152.9
"state25","female","without_children","care","formal","health","active",65802661.5428571,1797238.93
"state44","female","without_children","care","formal","health","active",7650376.71428571,285783.38
"state09","female","without_children","care","formal","health","active",30483614.4,931142.47
"state36","female","without_children","care","formal","health","active",167521404.257143,4990765.75
"state34","female","without_children","care","formal","health","active",71017913.5714286,2310112.72
"state42","female","without_children","care","formal","health","active",129356507.057143,3384068.12
"state39","female","without_children","care","formal","health","active",100848986.4,3022692.47
"state18","female","without_children","care","formal","health","active",41948693.8285714,1646586.74
"state17","female","without_children","care","formal","health","active",97510023.6,3030071.73
"state26","female","without_children","care","formal","health","active",68404271.5714286,2548373.91
"state55","female","without_children","care","formal","health","active",47051471.1428571,1570436.46
"state27","female","without_children","care","formal","health","active",42274487.6571429,1472059.67
"state19","female","without_children","care","formal","health","active",28723222.3714286,779297.06
"state29","female","without_children","care","formal","health","active",39786274.8857143,1509427.7
"state38","female","without_children","care","formal","health","active",5432184.68571429,176760.97
"state46","female","without_children","care","formal","health","active",8887033.02857143,226946.51
"state31","female","without_children","care","formal","health","active",13782534.6857143,448159.42
"state20","female","without_children","care","formal","health","active",22143414.8571429,689266.57
"state10","female","without_children","care","formal","health","active",7288870.2,271766.55
"state24","female","without_children","care","formal","health","active",40074329.9142857,1555713.38
"state11","female","without_children","care","formal","health","active",6067105.8,218900.57
"state51","female","without_children","care","formal","health","active",60407469.5142857,2067274.22
"state54","female","without_children","care","formal","health","active",12122661.5142857,450477.21
"state37","female","without_children","care","formal","health","active",71600967.7714286,2850322.09
"state45","female","without_children","care","formal","health","active",33074083.9714286,1387130.68
"state13","female","without_children","care","formal","health","active",64210119.0857143,2572743.41
"state12","female","without_children","care","formal","health","active",168071519.228571,6214196.98
"state21","female","without_children","care","formal","health","active",23755732.0285714,1047594.67
"state47","female","without_children","care","formal","health","active",37607759.1428571,1809963.6
"state01","female","without_children","care","formal","health","active",27767675.7428571,1331444.39
"state28","female","without_children","care","formal","health","active",21161421.9428571,719534.75
"state05","female","without_children","care","formal","health","active",23403644.0571429,746943.58
"state22","female","without_children","care","formal","health","active",27117245.3142857,1081541.3
"state40","female","without_children","care","formal","health","active",24619828.7142857,988368.1
"state48","female","without_children","care","formal","health","active",183199421.657143,6907174.7
"state30","female","without_children","care","formal","health","active",4417153.45714286,293250.18
"state16","female","without_children","care","formal","health","active",11188648.9714286,450846.56
"state56","female","without_children","care","formal","health","active",4300047.51428571,145275.66
"state08","female","without_children","care","formal","health","active",36960403.5428571,1455851.77
"state35","female","without_children","care","formal","health","active",11723471.4857143,536641.1
"state04","female","without_children","care","formal","health","active",37163873.4857143,1881637.11
"state49","female","without_children","care","formal","health","active",15422485.3714286,711886.41
"state32","female","without_children","care","formal","health","active",18358362.6,793029.24
"state53","female","without_children","care","formal","health","active",37135287,1941980.49
"state41","female","without_children","care","formal","health","active",18760417.8857143,1152091.25
"state06","female","without_children","care","formal","health","active",207880462.628571,9080422.92
"state02","female","without_children","care","formal","health","active",4623198.42857143,154549.35
"state15","female","without_children","care","formal","health","active",7144220.31428572,346568.02
"national","female","without_children","care","formal","health","active",2261273550,82971678.16
"state23","male","other","care","formal","daily_living","active",248869.714285714,36351.39
"state33","male","other","care","formal","daily_living","active",589201.714285714,62949.97
"state50","male","other","care","formal","daily_living","active",45970.9714285714,13409.61
"state25","male","other","care","formal","daily_living","active",2621466,283463.95
"state44","male","other","care","formal","daily_living","active",325412.571428571,42648.78
"state09","male","other","care","formal","daily_living","active",7977157.2,176901.49
"state36","male","other","care","formal","daily_living","active",31527334.2857143,777538.62
"state34","male","other","care","formal","daily_living","active",3349088.22857143,401939.02
"state42","male","other","care","formal","daily_living","active",9039995.57142857,436344.38
"state39","male","other","care","formal","daily_living","active",5773638.68571429,440133.82
"state17","male","other","care","formal","daily_living","active",18552064.7142857,538011.15
"state26","male","other","care","formal","daily_living","active",2294041.2,342040.33
"state55","male","other","care","formal","daily_living","active",113061.6,118375.92
"state27","male","other","care","formal","daily_living","active",2253181.71428571,192684.9
"state19","male","other","care","formal","daily_living","active",2193340.71428571,99175.37
"state29","male","other","care","formal","daily_living","active",4233877.37142857,211470.54
"state38","male","other","care","formal","daily_living","active",216836.571428571,16173.43
"state46","male","other","care","formal","daily_living","active",486828.257142857,16722.54
"state31","male","other","care","formal","daily_living","active",765457.542857143,62883.64
"state20","male","other","care","formal","daily_living","active",4159697.22857143,78846.39
"state10","male","other","care","formal","daily_living","active",1249165.71428571,34936.31
"state24","male","other","care","formal","daily_living","active",2656560,175422.44
"state11","male","other","care","formal","daily_living","active",55146.8571428571,9322.69
"state51","male","other","care","formal","daily_living","active",1349813.14285714,259738.03
"state54","male","other","care","formal","daily_living","active",113101.714285714,56529.86
"state37","male","other","care","formal","daily_living","active",3650043.42857143,318658.9
"state45","male","other","care","formal","daily_living","active",3749541.25714286,155624.8
"state13","male","other","care","formal","daily_living","active",8275792.28571429,412593.71
"state12","male","other","care","formal","daily_living","active",15951981.6,945843.53
"state21","male","other","care","formal","daily_living","active",1293853.71428571,143146.4
"state47","male","other","care","formal","daily_living","active",886247.571428571,170789.2
"state01","male","other","care","formal","daily_living","active",846781.714285714,158751.92
"state28","male","other","care","formal","daily_living","active",799462.714285714,93879.14
"state05","male","other","care","formal","daily_living","active",1924237.71428571,89751.03
"state22","male","other","care","formal","daily_living","active",2971030.28571429,139685.73
"state40","male","other","care","formal","daily_living","active",2568183.94285714,83600.1
"state48","male","other","care","formal","daily_living","active",19703318.5714286,1175675.86
"state30","male","other","care","formal","daily_living","active",1028939.57142857,28359.99
"state16","male","other","care","formal","daily_living","active",836761.714285714,55475.05
"state56","male","other","care","formal","daily_living","active",97851.4285714286,12062.13
"state08","male","other","care","formal","daily_living","active",5763769.71428571,173653.51
"state35","male","other","care","formal","daily_living","active",726946.285714286,76804.54
"state04","male","other","care","formal","daily_living","active",5289110.57142857,275836.77
"state49","male","other","care","formal","daily_living","active",382392,111632.69
"state32","male","other","care","formal","daily_living","active",6445479.77142857,133983.65
"state53","male","other","care","formal","daily_living","active",1762987.54285714,285941.75
"state41","male","other","care","formal","daily_living","active",4429221.42857143,143848.29
"state06","male","other","care","formal","daily_living","active",53129475.4285714,1959406.92
"state02","male","other","care","formal","daily_living","active",245078.142857143,17865.29
"state15","male","other","care","formal","daily_living","active",1704729.08571429,66523.23
"national","male","other","care","formal","daily_living","active",246653526.771429,12338659.11
"state33","male","other","care","formal","developmental","active",1491298.71428571,62949.97
"state25","male","other","care","formal","developmental","active",3056303.14285714,283463.95
"state09","male","other","care","formal","developmental","active",1097657.14285714,176901.49
"state36","male","other","care","formal","developmental","active",2534560.28571429,777538.62
"state34","male","other","care","formal","developmental","active",2147561.14285714,401939.02
"state42","male","other","care","formal","developmental","active",1677563.57142857,436344.38
"state39","male","other","care","formal","developmental","active",5137159.37142857,440133.82
"state18","male","other","care","formal","developmental","active",2386550.14285714,225250.41
"state17","male","other","care","formal","developmental","active",7103604,538011.15
"state26","male","other","care","formal","developmental","active",2867780.57142857,342040.33
"state19","male","other","care","formal","developmental","active",1313960.14285714,99175.37
"state29","male","other","care","formal","developmental","active",1523105.14285714,211470.54
"state38","male","other","care","formal","developmental","active",240150.857142857,16173.43
"state46","male","other","care","formal","developmental","active",667049.142857143,16722.54
"state31","male","other","care","formal","developmental","active",333558.857142857,62883.64
"state24","male","other","care","formal","developmental","active",3217374.17142857,175422.44
"state11","male","other","care","formal","developmental","active",276885.6,9322.69
"state51","male","other","care","formal","developmental","active",1028946,259738.03
"state37","male","other","care","formal","developmental","active",863790.857142857,318658.9
"state45","male","other","care","formal","developmental","active",3702812.57142857,155624.8
"state13","male","other","care","formal","developmental","active",1505272.28571429,412593.71
"state12","male","other","care","formal","developmental","active",4182879.42857143,945843.53
"state47","male","other","care","formal","developmental","active",1505900.57142857,170789.2
"state01","male","other","care","formal","developmental","active",1515264,158751.92
"state05","male","other","care","formal","developmental","active",1353013.71428571,89751.03
"state48","male","other","care","formal","developmental","active",12429061.7142857,1175675.86
"state16","male","other","care","formal","developmental","active",1256249.14285714,55475.05
"state56","male","other","care","formal","developmental","active",219205.285714286,12062.13
"state49","male","other","care","formal","developmental","active",1986982.62857143,111632.69
"state32","male","other","care","formal","developmental","active",1804697.14285714,133983.65
"state53","male","other","care","formal","developmental","active",2293077.08571429,285941.75
"state41","male","other","care","formal","developmental","active",209800.8,143848.29
"state06","male","other","care","formal","developmental","active",15063405.6857143,1959406.92
"state15","male","other","care","formal","developmental","active",263142.857142857,66523.23
"national","male","other","care","formal","developmental","active",88255623.7714286,12338659.11
"state23","male","other","care","formal","health","active",197200.285714286,36351.39
"state33","male","other","care","formal","health","active",696847.714285714,62949.97
"state25","male","other","care","formal","health","active",1524963.42857143,283463.95
"state44","male","other","care","formal","health","active",191347.714285714,42648.78
"state36","male","other","care","formal","health","active",7561993.2,777538.62
"state34","male","other","care","formal","health","active",4361974.28571429,401939.02
"state42","male","other","care","formal","health","active",7711947.08571429,436344.38
"state39","male","other","care","formal","health","active",1991993.14285714,440133.82
"state17","male","other","care","formal","health","active",2914959.42857143,538011.15
"state26","male","other","care","formal","health","active",3790960.28571429,342040.33
"state55","male","other","care","formal","health","active",2755783.71428571,118375.92
"state27","male","other","care","formal","health","active",746729.142857143,192684.9
"state19","male","other","care","formal","health","active",1474248,99175.37
"state29","male","other","care","formal","health","active",2104587.25714286,211470.54
"state31","male","other","care","formal","health","active",74895.4285714286,62883.64
"state20","male","other","care","formal","health","active",2155201.2,78846.39
"state10","male","other","care","formal","health","active",413307.428571429,34936.31
"state24","male","other","care","formal","health","active",1416425.14285714,175422.44
"state51","male","other","care","formal","health","active",1063128,259738.03
"state54","male","other","care","formal","health","active",1019420.22857143,56529.86
"state37","male","other","care","formal","health","active",5909540.14285714,318658.9
"state45","male","other","care","formal","health","active",1481904,155624.8
"state13","male","other","care","formal","health","active",5100791.14285714,412593.71
"state12","male","other","care","formal","health","active",10193390.4857143,945843.53
"state21","male","other","care","formal","health","active",1214386.28571429,143146.4
"state47","male","other","care","formal","health","active",3578571.42857143,170789.2
"state01","male","other","care","formal","health","active",1212195.42857143,158751.92
"state28","male","other","care","formal","health","active",1531937.14285714,93879.14
"state22","male","other","care","formal","health","active",1941795.42857143,139685.73
"state40","male","other","care","formal","health","active",1404878.4,83600.1
"state48","male","other","care","formal","health","active",11442305.1428571,1175675.86
"state30","male","other","care","formal","health","active",202704,28359.99
"state16","male","other","care","formal","health","active",581196.685714286,55475.05
"state56","male","other","care","formal","health","active",105764.571428571,12062.13
"state08","male","other","care","formal","health","active",1287672.85714286,173653.51
"state35","male","other","care","formal","health","active",1300216.62857143,76804.54
"state04","male","other","care","formal","health","active",2202224.22857143,275836.77
"state49","male","other","care","formal","health","active",681499.714285714,111632.69
"state32","male","other","care","formal","health","active",994522.285714286,133983.65
"state53","male","other","care","formal","health","active",447704.4,285941.75
"state41","male","other","care","formal","health","active",956683.2,143848.29
"state06","male","other","care","formal","health","active",5935783.88571429,1959406.92
"state02","male","other","care","formal","health","active",127868.571428571,17865.29
"state15","male","other","care","formal","health","active",1000741.71428571,66523.23
"national","male","other","care","formal","health","active",105004189.885714,12338659.11
"state23","male","with_children","care","formal","daily_living","active",746804.571428571,115218.72
"state33","male","with_children","care","formal","daily_living","active",1058800.71428571,104255.86
"state50","male","with_children","care","formal","daily_living","active",1930962.68571429,57605.22
"state25","male","with_children","care","formal","daily_living","active",11929810.3714286,639630.29
"state44","male","with_children","care","formal","daily_living","active",2756870.14285714,84377.71
"state09","male","with_children","care","formal","daily_living","active",4494190.37142857,286186.83
"state36","male","with_children","care","formal","daily_living","active",39155300.1428571,1565595.98
"state34","male","with_children","care","formal","daily_living","active",17472939.5142857,731997.4
"state42","male","with_children","care","formal","daily_living","active",25890125.6571429,1031289.87
"state39","male","with_children","care","formal","daily_living","active",15031738.6285714,945452.25
"state18","male","with_children","care","formal","daily_living","active",8725119.25714286,635877.77
"state17","male","with_children","care","formal","daily_living","active",25001480.1428571,1172592.55
"state26","male","with_children","care","formal","daily_living","active",15010544.6571429,775794.3
"state55","male","with_children","care","formal","daily_living","active",14481633.1714286,541626.5
"state27","male","with_children","care","formal","daily_living","active",5430894.08571429,488560.62
"state19","male","with_children","care","formal","daily_living","active",7855499.91428571,292792.17
"state29","male","with_children","care","formal","daily_living","active",13151118.9428571,546470.78
"state38","male","with_children","care","formal","daily_living","active",898845.428571429,79430.57
"state46","male","with_children","care","formal","daily_living","active",1548228.51428571,79595.23
"state31","male","with_children","care","formal","daily_living","active",3138519.17142857,194280.06
"state20","male","with_children","care","formal","daily_living","active",4565757.68571429,301803.38
"state10","male","with_children","care","formal","daily_living","active",2187369.85714286,82681.32
"state24","male","with_children","care","formal","daily_living","active",11075372.7428571,578760.44
"state11","male","with_children","care","formal","daily_living","active",623084.142857143,46251.61
"state51","male","with_children","care","formal","daily_living","active",15820884.3428571,791366.6
"state54","male","with_children","care","formal","daily_living","active",2229438.85714286,146459.37
"state37","male","with_children","care","formal","daily_living","active",22773078.9428571,933414.69
"state45","male","with_children","care","formal","daily_living","active",9460480.45714286,445554.52
"state13","male","with_children","care","formal","daily_living","active",21998103.2571429,921061.5
"state12","male","with_children","care","formal","daily_living","active",40293042.1714286,1675135.81
"state21","male","with_children","care","formal","daily_living","active",9696700.97142857,454884.48
"state47","male","with_children","care","formal","daily_living","active",13061017.2,615330.93
"state01","male","with_children","care","formal","daily_living","active",14078793.1714286,378715.47
"state28","male","with_children","care","formal","daily_living","active",3476951.14285714,225252.16
"state05","male","with_children","care","formal","daily_living","active",6055888.88571429,253247.98
"state22","male","with_children","care","formal","daily_living","active",6810064.11428571,353004.3
"state40","male","with_children","care","formal","daily_living","active",5201988,362968.57
"state48","male","with_children","care","formal","daily_living","active",56152868.7428571,2719000.35
"state30","male","with_children","care","formal","daily_living","active",703932.342857143,102664.06
"state16","male","with_children","care","formal","daily_living","active",1657827.77142857,197893.5
"state56","male","with_children","care","formal","daily_living","active",271052.571428571,59152.46
"state08","male","with_children","care","formal","daily_living","active",10939008.2571429,544396.06
"state35","male","with_children","care","formal","daily_living","active",3226637.57142857,163096.79
"state04","male","with_children","care","formal","daily_living","active",17321801.4857143,641577.41
"state49","male","with_children","care","formal","daily_living","active",3944512.28571429,375866.86
"state32","male","with_children","care","formal","daily_living","active",8440184.14285714,267696.52
"state53","male","with_children","care","formal","daily_living","active",11161005.4285714,748440.93
"state41","male","with_children","care","formal","daily_living","active",10619910.6,355829.61
"state06","male","with_children","care","formal","daily_living","active",66846844.1142857,3332732.07
"state02","male","with_children","care","formal","daily_living","active",1180658.74285714,72738.92
"state15","male","with_children","care","formal","daily_living","active",2228004.42857143,103448.63
"national","male","with_children","care","formal","daily_living","active",599811690.514286,28619057.98
"state23","male","with_children","care","formal","developmental","active",2185056,115218.72
"state33","male","with_children","care","formal","developmental","active",1911542.14285714,104255.86
"state50","male","with_children","care","formal","developmental","active",1090339.71428571,57605.22
"state25","male","with_children","care","formal","developmental","active",11567460.0857143,639630.29
"state44","male","with_children","care","formal","developmental","active",865897.714285714,84377.71
"state09","male","with_children","care","formal","developmental","active",3987714.85714286,286186.83
"state36","male","with_children","care","formal","developmental","active",25541610.8571429,1565595.98
"state34","male","with_children","care","formal","developmental","active",13348453.7142857,731997.4
"state42","male","with_children","care","formal","developmental","active",16497285.7714286,1031289.87
"state39","male","with_children","care","formal","developmental","active",17395319.8285714,945452.25
"state18","male","with_children","care","formal","developmental","active",10456632.5142857,635877.77
"state17","male","with_children","care","formal","developmental","active",21359351.4,1172592.55
"state26","male","with_children","care","formal","developmental","active",14670937.0285714,775794.3
"state55","male","with_children","care","formal","developmental","active",3844098.85714286,541626.5
"state27","male","with_children","care","formal","developmental","active",5892561.68571429,488560.62
"state19","male","with_children","care","formal","developmental","active",4449423.85714286,292792.17
"state29","male","with_children","care","formal","developmental","active",5063900.57142857,546470.78
"state38","male","with_children","care","formal","developmental","active",834354,79430.57
"state46","male","with_children","care","formal","developmental","active",502320,79595.23
"state31","male","with_children","care","formal","developmental","active",2905821.94285714,194280.06
"state20","male","with_children","care","formal","developmental","active",4244777.31428571,301803.38
"state10","male","with_children","care","formal","developmental","active",799243.2,82681.32
"state24","male","with_children","care","formal","developmental","active",2887836.51428571,578760.44
"state11","male","with_children","care","formal","developmental","active",863316.171428571,46251.61
"state51","male","with_children","care","formal","developmental","active",4572349.28571429,791366.6
"state54","male","with_children","care","formal","developmental","active",1678351.02857143,146459.37
"state37","male","with_children","care","formal","developmental","active",7794366,933414.69
"state45","male","with_children","care","formal","developmental","active",4273024.28571429,445554.52
"state13","male","with_children","care","formal","developmental","active",11358142.8857143,921061.5
"state12","male","with_children","care","formal","developmental","active",15210432.6,1675135.81
"state21","male","with_children","care","formal","developmental","active",3170527.37142857,454884.48
"state47","male","with_children","care","formal","developmental","active",7411642.37142857,615330.93
"state01","male","with_children","care","formal","developmental","active",5328920.91428571,378715.47
"state28","male","with_children","care","formal","developmental","active",1882849.71428571,225252.16
"state05","male","with_children","care","formal","developmental","active",2501856.85714286,253247.98
"state22","male","with_children","care","formal","developmental","active",1839426.42857143,353004.3
"state40","male","with_children","care","formal","developmental","active",3361723.97142857,362968.57
"state48","male","with_children","care","formal","developmental","active",22237713,2719000.35
"state30","male","with_children","care","formal","developmental","active",901126.628571429,102664.06
"state16","male","with_children","care","formal","developmental","active",2333355.85714286,197893.5
"state56","male","with_children","care","formal","developmental","active",1064486.74285714,59152.46
"state08","male","with_children","care","formal","developmental","active",9245844.85714286,544396.06
"state35","male","with_children","care","formal","developmental","active",2180617.71428571,163096.79
"state04","male","with_children","care","formal","developmental","active",8777802.42857143,641577.41
"state49","male","with_children","care","formal","developmental","active",6666014.57142857,375866.86
"state32","male","with_children","care","formal","developmental","active",1815045.08571429,267696.52
"state53","male","with_children","care","formal","developmental","active",6590670,748440.93
"state41","male","with_children","care","formal","developmental","active",3575052.17142857,355829.61
"state06","male","with_children","care","formal","developmental","active",34870467.0857143,3332732.07
"state02","male","with_children","care","formal","developmental","active",1009798.28571429,72738.92
"state15","male","with_children","care","formal","developmental","active",1147138.97142857,103448.63
"national","male","with_children","care","formal","developmental","active",345964002.857143,28619057.98
"state23","male","with_children","care","formal","health","active",3074711.05714286,115218.72
"state33","male","with_children","care","formal","health","active",2780725.71428571,104255.86
"state50","male","with_children","care","formal","health","active",756470.228571429,57605.22
"state25","male","with_children","care","formal","health","active",7438497.42857143,639630.29
"state44","male","with_children","care","formal","health","active",1832338.54285714,84377.71
"state09","male","with_children","care","formal","health","active",3399245.65714286,286186.83
"state36","male","with_children","care","formal","health","active",23292384.7714286,1565595.98
"state34","male","with_children","care","formal","health","active",14208564.5142857,731997.4
"state42","male","with_children","care","formal","health","active",20825092.2857143,1031289.87
"state39","male","with_children","care","formal","health","active",15148920.5142857,945452.25
"state18","male","with_children","care","formal","health","active",14423662.7142857,635877.77
"state17","male","with_children","care","formal","health","active",15248867.2285714,1172592.55
"state26","male","with_children","care","formal","health","active",16970118.8571429,775794.3
"state55","male","with_children","care","formal","health","active",8544347.48571428,541626.5
"state27","male","with_children","care","formal","health","active",9118008.85714286,488560.62
"state19","male","with_children","care","formal","health","active",5756424.85714286,292792.17
"state29","male","with_children","care","formal","health","active",6089065.97142857,546470.78
"state38","male","with_children","care","formal","health","active",959596.371428571,79430.57
"state46","male","with_children","care","formal","health","active",1466316.68571429,79595.23
"state31","male","with_children","care","formal","health","active",3395457.25714286,194280.06
"state20","male","with_children","care","formal","health","active",6964356.08571429,301803.38
"state10","male","with_children","care","formal","health","active",1241170.45714286,82681.32
"state24","male","with_children","care","formal","health","active",8659187.82857143,578760.44
"state11","male","with_children","care","formal","health","active",526471.885714286,46251.61
"state51","male","with_children","care","formal","health","active",8430391.54285714,791366.6
"state54","male","with_children","care","formal","health","active",2612142.51428571,146459.37
"state37","male","with_children","care","formal","health","active",13377916.1142857,933414.69
"state45","male","with_children","care","formal","health","active",11343869.3142857,445554.52
"state13","male","with_children","care","formal","health","active",6919317.94285714,921061.5
"state12","male","with_children","care","formal","health","active",24468713.4,1675135.81
"state21","male","with_children","care","formal","health","active",10141922.4,454884.48
"state47","male","with_children","care","formal","health","active",16713882.4285714,615330.93
"state01","male","with_children","care","formal","health","active",4875019.54285714,378715.47
"state28","male","with_children","care","formal","health","active",4317502.62857143,225252.16
"state05","male","with_children","care","formal","health","active",4560236.31428572,253247.98
"state22","male","with_children","care","formal","health","active",7304577.42857143,353004.3
"state40","male","with_children","care","formal","health","active",4655313.6,362968.57
"state48","male","with_children","care","formal","health","active",41423118.6857143,2719000.35
"state30","male","with_children","care","formal","health","active",2585496.94285714,102664.06
"state16","male","with_children","care","formal","health","active",5559934.62857143,197893.5
"state56","male","with_children","care","formal","health","active",2051108.4,59152.46
"state08","male","with_children","care","formal","health","active",9568183.02857143,544396.06
"state35","male","with_children","care","formal","health","active",2212666.2,163096.79
"state04","male","with_children","care","formal","health","active",17551529.0571429,641577.41
"state49","male","with_children","care","formal","health","active",5572250.91428571,375866.86
"state32","male","with_children","care","formal","health","active",4206195.42857143,267696.52
"state53","male","with_children","care","formal","health","active",14159268.1714286,748440.93
"state41","male","with_children","care","formal","health","active",7939115.22857143,355829.61
"state06","male","with_children","care","formal","health","active",56982238.1142857,3332732.07
"state02","male","with_children","care","formal","health","active",1712594.74285714,72738.92
"state15","male","with_children","care","formal","health","active",1014589.71428571,103448.63
"national","male","with_children","care","formal","health","active",484379097.685714,28619057.98
"state23","male","without_children","care","formal","daily_living","active",4927377,415453.1
"state33","male","without_children","care","formal","daily_living","active",4002321.6,391477.33
"state50","male","without_children","care","formal","daily_living","active",2960487.17142857,187069.54
"state25","male","without_children","care","formal","daily_living","active",37217696.0571429,1826590.68
"state44","male","without_children","care","formal","daily_living","active",3537623.48571429,323545.32
"state09","male","without_children","care","formal","daily_living","active",12852538.2857143,976236.2
"state36","male","without_children","care","formal","daily_living","active",109605055.714286,5071894.01
"state34","male","without_children","care","formal","daily_living","active",29421118.2857143,2392765.33
"state42","male","without_children","care","formal","daily_living","active",63870553.2,3490645.44
"state39","male","without_children","care","formal","daily_living","active",30015801.6857143,2963794.38
"state18","male","without_children","care","formal","daily_living","active",27370243.5428571,1701454.85
"state17","male","without_children","care","formal","daily_living","active",33883610.2285714,3213032.78
"state26","male","without_children","care","formal","daily_living","active",37744503.1714286,2754648.69
"state55","male","without_children","care","formal","daily_living","active",17270897.5714286,1598359.8
"state27","male","without_children","care","formal","daily_living","active",23879422.2,1605836.17
"state19","male","without_children","care","formal","daily_living","active",13275767.7428571,883580.66
"state29","male","without_children","care","formal","daily_living","active",22121951.2285714,1669138.9
"state38","male","without_children","care","formal","daily_living","active",2765797.62857143,200944
"state46","male","without_children","care","formal","daily_living","active",6688067.14285714,254306.58
"state31","male","without_children","care","formal","daily_living","active",8475776.74285714,504247.71
"state20","male","without_children","care","formal","daily_living","active",11996724.6857143,771054.47
"state10","male","without_children","care","formal","daily_living","active",3049286.57142857,274389.03
"state24","male","without_children","care","formal","daily_living","active",27857717.0571429,1576379.88
"state11","male","without_children","care","formal","daily_living","active",3456264.51428571,210623.73
"state51","male","without_children","care","formal","daily_living","active",37694690.5714286,2247820.01
"state54","male","without_children","care","formal","daily_living","active",5632493.14285714,469516.63
"state37","male","without_children","care","formal","daily_living","active",55808459.6571429,2765661.45
"state45","male","without_children","care","formal","daily_living","active",31589464.6285714,1459419.66
"state13","male","without_children","care","formal","daily_living","active",64941531.4285714,2779310.92
"state12","male","without_children","care","formal","daily_living","active",126556210.885714,6649366.15
"state21","male","without_children","care","formal","daily_living","active",24341779.9714286,1142469.65
"state47","male","without_children","care","formal","daily_living","active",32326942.8857143,1837030.11
"state01","male","without_children","care","formal","daily_living","active",26813341.1142857,1295790.67
"state28","male","without_children","care","formal","daily_living","active",11692543.5428571,762691.06
"state05","male","without_children","care","formal","daily_living","active",14341232.6571429,768373.72
"state22","male","without_children","care","formal","daily_living","active",13835079.7714286,1192607.38
"state40","male","without_children","care","formal","daily_living","active",13306844.8285714,998351.16
"state48","male","without_children","care","formal","daily_living","active",120882621.428571,7603663.33
"state30","male","without_children","care","formal","daily_living","active",4577754.08571429,335743.69
"state16","male","without_children","care","formal","daily_living","active",7875806.31428572,483213.08
"state56","male","without_children","care","formal","daily_living","active",1689423.17142857,152033.86
"state08","male","without_children","care","formal","daily_living","active",26742054.3428571,1629128.23
"state35","male","without_children","care","formal","daily_living","active",11132955.0857143,591251.74
"state04","male","without_children","care","formal","daily_living","active",29411997.5142857,2012893.53
"state49","male","without_children","care","formal","daily_living","active",13136783.6571429,813351.44
"state32","male","without_children","care","formal","daily_living","active",22360894.2,909390.51
"state53","male","without_children","care","formal","daily_living","active",42731557.3714286,2140874.28
"state41","male","without_children","care","formal","daily_living","active",20807970.2571429,1196632.87
"state06","male","without_children","care","formal","daily_living","active",198445399.8,10261760.46
"state02","male","without_children","care","formal","daily_living","active",2881934.57142857,189462.32
"state15","male","without_children","care","formal","daily_living","active",8863376.48571429,372334.81
"national","male","without_children","care","formal","daily_living","active",1508667745.88571,88317611.3
"state23","male","without_children","care","formal","developmental","active",3929716.28571429,415453.1
"state33","male","without_children","care","formal","developmental","active",2005849.97142857,391477.33
"state50","male","without_children","care","formal","developmental","active",1805774.48571429,187069.54
"state25","male","without_children","care","formal","developmental","active",14891539.0285714,1826590.68
"state44","male","without_children","care","formal","developmental","active",2616386.57142857,323545.32
"state09","male","without_children","care","formal","developmental","active",5808589.28571429,976236.2
"state36","male","without_children","care","formal","developmental","active",37906610.0571429,5071894.01
"state34","male","without_children","care","formal","developmental","active",12000503.2285714,2392765.33
"state42","male","without_children","care","formal","developmental","active",10116812.5714286,3490645.44
"state39","male","without_children","care","formal","developmental","active",16335867.6,2963794.38
"state18","male","without_children","care","formal","developmental","active",13579018.2857143,1701454.85
"state17","male","without_children","care","formal","developmental","active",15991899.0857143,3213032.78
"state26","male","without_children","care","formal","developmental","active",10921720.8,2754648.69
"state55","male","without_children","care","formal","developmental","active",14548865.8285714,1598359.8
"state27","male","without_children","care","formal","developmental","active",1607806.28571429,1605836.17
"state19","male","without_children","care","formal","developmental","active",3061341.94285714,883580.66
"state29","male","without_children","care","formal","developmental","active",8934482.57142857,1669138.9
"state38","male","without_children","care","formal","developmental","active",1155409.45714286,200944
"state46","male","without_children","care","formal","developmental","active",513367.714285714,254306.58
"state31","male","without_children","care","formal","developmental","active",1625311.71428571,504247.71
"state20","male","without_children","care","formal","developmental","active",2604525,771054.47
"state10","male","without_children","care","formal","developmental","active",1695644.22857143,274389.03
"state24","male","without_children","care","formal","developmental","active",16507961.8285714,1576379.88
"state11","male","without_children","care","formal","developmental","active",3359744.65714286,210623.73
"state51","male","without_children","care","formal","developmental","active",8613642.42857143,2247820.01
"state54","male","without_children","care","formal","developmental","active",1813833,469516.63
"state37","male","without_children","care","formal","developmental","active",10808691.8571429,2765661.45
"state45","male","without_children","care","formal","developmental","active",9722745.34285714,1459419.66
"state13","male","without_children","care","formal","developmental","active",18935064.8571429,2779310.92
"state12","male","without_children","care","formal","developmental","active",21278401.0285714,6649366.15
"state21","male","without_children","care","formal","developmental","active",1460616,1142469.65
"state47","male","without_children","care","formal","developmental","active",10473423.5142857,1837030.11
"state01","male","without_children","care","formal","developmental","active",7461797.31428571,1295790.67
"state28","male","without_children","care","formal","developmental","active",4314423.17142857,762691.06
"state05","male","without_children","care","formal","developmental","active",3172813.62857143,768373.72
"state22","male","without_children","care","formal","developmental","active",1955171.14285714,1192607.38
"state40","male","without_children","care","formal","developmental","active",5343516.25714286,998351.16
"state48","male","without_children","care","formal","developmental","active",44086975.2,7603663.33
"state30","male","without_children","care","formal","developmental","active",662136,335743.69
"state16","male","without_children","care","formal","developmental","active",1936175.14285714,483213.08
"state56","male","without_children","care","formal","developmental","active",1314678,152033.86
"state08","male","without_children","care","formal","developmental","active",10879096.8,1629128.23
"state35","male","without_children","care","formal","developmental","active",2326969.71428571,591251.74
"state04","male","without_children","care","formal","developmental","active",14022370.2857143,2012893.53
"state49","male","without_children","care","formal","developmental","active",6286544.65714286,813351.44
"state32","male","without_children","care","formal","developmental","active",6408141.6,909390.51
"state53","male","without_children","care","formal","developmental","active",14001827.4,2140874.28
"state41","male","without_children","care","formal","developmental","active",5851266.6,1196632.87
"state06","male","without_children","care","formal","developmental","active",69056666.1428571,10261760.46
"state02","male","without_children","care","formal","developmental","active",1027105.2,189462.32
"state15","male","without_children","care","formal","developmental","active",2345284.54285714,372334.81
"national","male","without_children","care","formal","developmental","active",489084125.314286,88317611.3
"state23","male","without_children","care","formal","health","active",6840844.11428571,415453.1
"state33","male","without_children","care","formal","health","active",3698652.85714286,391477.33
"state50","male","without_children","care","formal","health","active",2019491.82857143,187069.54
"state25","male","without_children","care","formal","health","active",26983077.5142857,1826590.68
"state44","male","without_children","care","formal","health","active",2703686.57142857,323545.32
"state09","male","without_children","care","formal","health","active",11109871.8857143,976236.2
"state36","male","without_children","care","formal","health","active",59421638.9142857,5071894.01
"state34","male","without_children","care","formal","health","active",12354296.7428571,2392765.33
"state42","male","without_children","care","formal","health","active",44205296.3142857,3490645.44
"state39","male","without_children","care","formal","health","active",17051655.3428571,2963794.38
"state18","male","without_children","care","formal","health","active",12449657.8285714,1701454.85
"state17","male","without_children","care","formal","health","active",35506017.6857143,3213032.78
"state26","male","without_children","care","formal","health","active",28205169.0857143,2754648.69
"state55","male","without_children","care","formal","health","active",21016843.9714286,1598359.8
"state27","male","without_children","care","formal","health","active",17680982.8285714,1605836.17
"state19","male","without_children","care","formal","health","active",3169502.65714286,883580.66
"state29","male","without_children","care","formal","health","active",12151343.7428571,1669138.9
"state38","male","without_children","care","formal","health","active",1509770.05714286,200944
"state46","male","without_children","care","formal","health","active",2290924.97142857,254306.58
"state31","male","without_children","care","formal","health","active",5588164.54285714,504247.71
"state20","male","without_children","care","formal","health","active",5121072.42857143,771054.47
"state10","male","without_children","care","formal","health","active",2278615.8,274389.03
"state24","male","without_children","care","formal","health","active",13897078.2857143,1576379.88
"state11","male","without_children","care","formal","health","active",2105004,210623.73
"state51","male","without_children","care","formal","health","active",15614400.6,2247820.01
"state54","male","without_children","care","formal","health","active",5055229.71428571,469516.63
"state37","male","without_children","care","formal","health","active",17349640.2,2765661.45
"state45","male","without_children","care","formal","health","active",14233108.2857143,1459419.66
"state13","male","without_children","care","formal","health","active",18918241.6285714,2779310.92
"state12","male","without_children","care","formal","health","active",72863000.0571429,6649366.15
"state21","male","without_children","care","formal","health","active",4870667.65714286,1142469.65
"state47","male","without_children","care","formal","health","active",18335824.9714286,1837030.11
"state01","male","without_children","care","formal","health","active",10773542.5714286,1295790.67
"state28","male","without_children","care","formal","health","active",2939161.37142857,762691.06
"state05","male","without_children","care","formal","health","active",7758225.6,768373.72
"state22","male","without_children","care","formal","health","active",11614142.3142857,1192607.38
"state40","male","without_children","care","formal","health","active",9173356.2,998351.16
"state48","male","without_children","care","formal","health","active",69397355.4857143,7603663.33
"state30","male","without_children","care","formal","health","active",3081090.34285714,335743.69
"state16","male","without_children","care","formal","health","active",4418180.65714286,483213.08
"state56","male","without_children","care","formal","health","active",325854.857142857,152033.86
"state08","male","without_children","care","formal","health","active",17482891.3714286,1629128.23
"state35","male","without_children","care","formal","health","active",3105471.85714286,591251.74
"state04","male","without_children","care","formal","health","active",23340959.7428571,2012893.53
"state49","male","without_children","care","formal","health","active",9338136.08571429,813351.44
"state32","male","without_children","care","formal","health","active",5522693.48571429,909390.51
"state53","male","without_children","care","formal","health","active",20627691.4285714,2140874.28
"state41","male","without_children","care","formal","health","active",20383156.2857143,1196632.87
"state06","male","without_children","care","formal","health","active",115179205.2,10261760.46
"state02","male","without_children","care","formal","health","active",3015932.65714286,189462.32
"state15","male","without_children","care","formal","health","active",1720221,372334.81
"national","male","without_children","care","formal","health","active",855796041.6,88317611.3
"state23","female","other","non_care","formal","none","active",5620611.17142857,47540.12
"state33","female","other","non_care","formal","none","active",9112635.42857143,80775.9
"state50","female","other","non_care","formal","none","active",1902240.34285714,19205.8
"state25","female","other","non_care","formal","none","active",38038184.4,397599.23
"state44","female","other","non_care","formal","none","active",5734061.05714286,62024.02
"state09","female","other","non_care","formal","none","active",26230794,244386.3
"state36","female","other","non_care","formal","none","active",90791203.2,1123084.14
"state34","female","other","non_care","formal","none","active",58667148.2571429,591931.03
"state42","female","other","non_care","formal","none","active",77100642.6857143,650167.33
"state39","female","other","non_care","formal","none","active",47746851.0857143,569003.4
"state18","female","other","non_care","formal","none","active",33328398.1714286,290220.23
"state17","female","other","non_care","formal","none","active",64131134.6571429,684685.17
"state26","female","other","non_care","formal","none","active",52345724.1428571,527160.37
"state55","female","other","non_care","formal","none","active",13980592.8857143,185189.98
"state27","female","other","non_care","formal","none","active",15325308.4285714,242493.08
"state19","female","other","non_care","formal","none","active",14139383.3142857,114080.56
"state29","female","other","non_care","formal","none","active",37813812.5142857,312521.18
"state38","female","other","non_care","formal","none","active",3577880.74285714,20646.93
"state46","female","other","non_care","formal","none","active",3394014,22758.03
"state31","female","other","non_care","formal","none","active",8626124.22857143,71410.44
"state20","female","other","non_care","formal","none","active",10664039.5714286,122788.86
"state10","female","other","non_care","formal","none","active",6219174.08571429,52175.84
"state24","female","other","non_care","formal","none","active",27187016.4,269842.68
"state11","female","other","non_care","formal","none","active",2346927,22853.11
"state51","female","other","non_care","formal","none","active",40718096.1428571,428023.94
"state54","female","other","non_care","formal","none","active",7269274.28571429,80340.16
"state37","female","other","non_care","formal","none","active",39239207.7428571,472908
"state45","female","other","non_care","formal","none","active",28730613.9428571,254750.11
"state13","female","other","non_care","formal","none","active",78719397.7714286,640816.95
"state12","female","other","non_care","formal","none","active",137806926.6,1383389.6
"state21","female","other","non_care","formal","none","active",23249415.0857143,204444.06
"state47","female","other","non_care","formal","none","active",33237582,334972.61
"state01","female","other","non_care","formal","none","active",25105780.3714286,256119.97
"state28","female","other","non_care","formal","none","active",9872410.28571429,133576.51
"state05","female","other","non_care","formal","none","active",10186716.6857143,120567.08
"state22","female","other","non_care","formal","none","active",16388784.2571429,222359.97
"state40","female","other","non_care","formal","none","active",16346697.6857143,144911.54
"state48","female","other","non_care","formal","none","active",153893658.428571,1636779.43
"state30","female","other","non_care","formal","none","active",3821285.48571429,34641.2
"state16","female","other","non_care","formal","none","active",7052533.11428571,91067.55
"state56","female","other","non_care","formal","none","active",1275823.62857143,14037.71
"state08","female","other","non_care","formal","none","active",31932570.8571429,255835.09
"state35","female","other","non_care","formal","none","active",6169514.65714286,94814.79
"state04","female","other","non_care","formal","none","active",32365597.7142857,352159.08
"state49","female","other","non_care","formal","none","active",13692278.8285714,133691.21
"state32","female","other","non_care","formal","none","active",16450222.8,166708.57
"state53","female","other","non_care","formal","none","active",32020492.6285714,310726.79
"state41","female","other","non_care","formal","none","active",17237184.7714286,192603.63
"state06","female","other","non_care","formal","none","active",186951370.028571,2595220.6
"state02","female","other","non_care","formal","none","active",3908611.54285714,26528.98
"state15","female","other","non_care","formal","none","active",10462825.3714286,94948.11
"national","female","other","non_care","formal","none","active",1638128774.48571,17401486.97
"state23","female","with_children","non_care","formal","none","active",15696865.9714286,125048.55
"state33","female","with_children","non_care","formal","none","active",12400431.4285714,111097.51
"state50","female","with_children","non_care","formal","none","active",7968720.34285714,64047.78
"state25","female","with_children","non_care","formal","none","active",95160991.8,758769.25
"state44","female","with_children","non_care","formal","none","active",12331238.9142857,110865.04
"state09","female","with_children","non_care","formal","none","active",40755888.9428571,341916.55
"state36","female","with_children","non_care","formal","none","active",220028569.2,2014719.69
"state34","female","with_children","non_care","formal","none","active",114927697.457143,900727.85
"state42","female","with_children","non_care","formal","none","active",163419857.057143,1256283.76
"state39","female","with_children","non_care","formal","none","active",135839367.342857,1094591.46
"state18","female","with_children","non_care","formal","none","active",88739027.3142857,760244.95
"state17","female","with_children","non_care","formal","none","active",178193297.571429,1366433.77
"state26","female","with_children","non_care","formal","none","active",105989603.228571,978735.79
"state55","female","with_children","non_care","formal","none","active",72656075.0571429,625284.97
"state27","female","with_children","non_care","formal","none","active",64102469.7428571,559812.42
"state19","female","with_children","non_care","formal","none","active",50080181.3142857,343793.68
"state29","female","with_children","non_care","formal","none","active",103598139.171429,649223.2
"state38","female","with_children","non_care","formal","none","active",11628888.2571429,90411.41
"state46","female","with_children","non_care","formal","none","active",11523581.4857143,94234.27
"state31","female","with_children","non_care","formal","none","active",28743190.8857143,234390.99
"state20","female","with_children","non_care","formal","none","active",44284259.0571429,328833.9
"state10","female","with_children","non_care","formal","none","active",11475568.2857143,108912.52
"state24","female","with_children","non_care","formal","none","active",89910009.2571429,695655.89
"state11","female","with_children","non_care","formal","none","active",10904799.3428571,64225.07
"state51","female","with_children","non_care","formal","none","active",128137864.457143,977370.49
"state54","female","with_children","non_care","formal","none","active",17105203.5428571,174497.81
"state37","female","with_children","non_care","formal","none","active",137400559.971429,1179727.46
"state45","female","with_children","non_care","formal","none","active",76983157.2857143,619965.85
"state13","female","with_children","non_care","formal","none","active",166347214.971429,1239921.52
"state12","female","with_children","non_care","formal","none","active",270626240.914286,2090962.87
"state21","female","with_children","non_care","formal","none","active",55226537.3142857,534713.04
"state47","female","with_children","non_care","formal","none","active",100230994.371429,751889.38
"state01","female","with_children","non_care","formal","none","active",65898627.3428571,514126.15
"state28","female","with_children","non_care","formal","none","active",32982655.5428571,332005.57
"state05","female","with_children","non_care","formal","none","active",38038757.4857143,334669.54
"state22","female","with_children","non_care","formal","none","active",48162235.1142857,520276.82
"state40","female","with_children","non_care","formal","none","active",52739354.5714286,436509.38
"state48","female","with_children","non_care","formal","none","active",424711012.8,3433409.62
"state30","female","with_children","non_care","formal","none","active",13651781.8285714,120225.51
"state16","female","with_children","non_care","formal","none","active",27056864.1428571,214650.29
"state56","female","with_children","non_care","formal","none","active",7380207.51428571,65957.06
"state08","female","with_children","non_care","formal","none","active",88208127.4285714,621302.37
"state35","female","with_children","non_care","formal","none","active",26304351.6,212628.02
"state04","female","with_children","non_care","formal","none","active",101305780.457143,772521.89
"state49","female","with_children","non_care","formal","none","active",50359175.8285714,434183.94
"state32","female","with_children","non_care","formal","none","active",40984041.1714286,328230.45
"state53","female","with_children","non_care","formal","none","active",103396149.685714,882990.35
"state41","female","with_children","non_care","formal","none","active",39708290.5714286,388752.57
"state06","female","with_children","non_care","formal","none","active",518610620.4,3993797.56
"state02","female","with_children","non_care","formal","none","active",8920119.6,81970.16
"state15","female","with_children","non_care","formal","none","active",15108808.2,127726.92
"national","female","with_children","non_care","formal","none","active",4345943452.54286,35063242.86
"state23","female","without_children","non_care","formal","none","active",38508161.0571429,412239.56
"state33","female","without_children","non_care","formal","none","active",30883733.2285714,390974.88
"state50","female","without_children","non_care","formal","none","active",15480929.7428571,184152.9
"state25","female","without_children","non_care","formal","none","active",175595493.342857,1797238.93
"state44","female","without_children","non_care","formal","none","active",27717480.7714286,285783.38
"state09","female","without_children","non_care","formal","none","active",77024696.5714286,931142.47
"state36","female","without_children","non_care","formal","none","active",452776515.428571,4990765.75
"state34","female","without_children","non_care","formal","none","active",210519419.314286,2310112.72
"state42","female","without_children","non_care","formal","none","active",314672120.742857,3384068.12
"state39","female","without_children","non_care","formal","none","active",267384653.571429,3022692.47
"state18","female","without_children","non_care","formal","none","active",149286510.257143,1646586.74
"state17","female","without_children","non_care","formal","none","active",267826513.457143,3030071.73
"state26","female","without_children","non_care","formal","none","active",209803508.142857,2548373.91
"state55","female","without_children","non_care","formal","none","active",160872540.428571,1570436.46
"state27","female","without_children","non_care","formal","none","active",140667699,1472059.67
"state19","female","without_children","non_care","formal","none","active",65640510.5142857,779297.06
"state29","female","without_children","non_care","formal","none","active",145249811.228571,1509427.7
"state38","female","without_children","non_care","formal","none","active",18592563.1714286,176760.97
"state46","female","without_children","non_care","formal","none","active",24253453.3714286,226946.51
"state31","female","without_children","non_care","formal","none","active",50696060.6571429,448159.42
"state20","female","without_children","non_care","formal","none","active",66776188.2,689266.57
"state10","female","without_children","non_care","formal","none","active",19047240.0857143,271766.55
"state24","female","without_children","non_care","formal","none","active",158050659.6,1555713.38
"state11","female","without_children","non_care","formal","none","active",36566962.2,218900.57
"state51","female","without_children","non_care","formal","none","active",182266735.371429,2067274.22
"state54","female","without_children","non_care","formal","none","active",33985118.9142857,450477.21
"state37","female","without_children","non_care","formal","none","active",234694895.057143,2850322.09
"state45","female","without_children","non_care","formal","none","active",119929574.057143,1387130.68
"state13","female","without_children","non_care","formal","none","active",246012554.314286,2572743.41
"state12","female","without_children","non_care","formal","none","active",525316166.4,6214196.98
"state21","female","without_children","non_care","formal","none","active",94902136.9714286,1047594.67
"state47","female","without_children","non_care","formal","none","active",164697916.114286,1809963.6
"state01","female","without_children","non_care","formal","none","active",123183975.428571,1331444.39
"state28","female","without_children","non_care","formal","none","active",53918600.7428572,719534.75
"state05","female","without_children","non_care","formal","none","active",64378575.6,746943.58
"state22","female","without_children","non_care","formal","none","active",81607792.9714286,1081541.3
"state40","female","without_children","non_care","formal","none","active",92775708.6,988368.1
"state48","female","without_children","non_care","formal","none","active",645907656.857143,6907174.7
"state30","female","without_children","non_care","formal","none","active",31161616.5428571,293250.18
"state16","female","without_children","non_care","formal","none","active",40881479.4857143,450846.56
"state56","female","without_children","non_care","formal","none","active",10781129.8285714,145275.66
"state08","female","without_children","non_care","formal","none","active",139199760.428571,1455851.77
"state35","female","without_children","non_care","formal","none","active",40940700.5142857,536641.1
"state04","female","without_children","non_care","formal","none","active",169169001.428571,1881637.11
"state49","female","without_children","non_care","formal","none","active",68121788.6571429,711886.41
"state32","female","without_children","non_care","formal","none","active",81262532.8285714,793029.24
"state53","female","without_children","non_care","formal","none","active",175313022.171429,1941980.49
"state41","female","without_children","non_care","formal","none","active",100399092.342857,1152091.25
"state06","female","without_children","non_care","formal","none","active",886931041.2,9080422.92
"state02","female","without_children","non_care","formal","none","active",16807610.4,154549.35
"state15","female","without_children","non_care","formal","none","active",34784600.5714286,346568.02
"national","female","without_children","non_care","formal","none","active",7583224207.88571,82971678.16
"state23","male","other","non_care","formal","none","active",5742462,36351.39
"state33","male","other","non_care","formal","none","active",13481039.5714286,62949.97
"state50","male","other","non_care","formal","none","active",2817515.82857143,13409.61
"state25","male","other","non_care","formal","none","active",51572878.8857143,283463.95
"state44","male","other","non_care","formal","none","active",6958501.2,42648.78
"state09","male","other","non_care","formal","none","active",40286331.8571429,176901.49
"state36","male","other","non_care","formal","none","active",102298544.228571,777538.62
"state34","male","other","non_care","formal","none","active",86463133.9714286,401939.02
"state42","male","other","non_care","formal","none","active",77955772.8,436344.38
"state39","male","other","non_care","formal","none","active",83843943.6857143,440133.82
"state18","male","other","non_care","formal","none","active",41561561.2285714,225250.41
"state17","male","other","non_care","formal","none","active",84137730.3428572,538011.15
"state26","male","other","non_care","formal","none","active",68389962.1714286,342040.33
"state55","male","other","non_care","formal","none","active",17553745.8,118375.92
"state27","male","other","non_care","formal","none","active",36782816.1428571,192684.9
"state19","male","other","non_care","formal","none","active",19861823.1428571,99175.37
"state29","male","other","non_care","formal","none","active",37980662.8285714,211470.54
"state38","male","other","non_care","formal","none","active",3636140.91428571,16173.43
"state46","male","other","non_care","formal","none","active",3358897.97142857,16722.54
"state31","male","other","non_care","formal","none","active",10255088.0571429,62883.64
"state20","male","other","non_care","formal","none","active",13253736.4285714,78846.39
"state10","male","other","non_care","formal","none","active",5571111.85714286,34936.31
"state24","male","other","non_care","formal","none","active",28825805.1428571,175422.44
"state11","male","other","non_care","formal","none","active",1489685.48571429,9322.69
"state51","male","other","non_care","formal","none","active",49312839.3428571,259738.03
"state54","male","other","non_care","formal","none","active",8942936.91428572,56529.86
"state37","male","other","non_care","formal","none","active",51055071.1714286,318658.9
"state45","male","other","non_care","formal","none","active",25084198.5428571,155624.8
"state13","male","other","non_care","formal","none","active",90625256.4,412593.71
"state12","male","other","non_care","formal","none","active",190713498.257143,945843.53
"state21","male","other","non_care","formal","none","active",33340352.1428571,143146.4
"state47","male","other","non_care","formal","none","active",30022816.4571429,170789.2
"state01","male","other","non_care","formal","none","active",31758409.8857143,158751.92
"state28","male","other","non_care","formal","none","active",18322066.7142857,93879.14
"state05","male","other","non_care","formal","none","active",15258840.7714286,89751.03
"state22","male","other","non_care","formal","none","active",20002994.6571429,139685.73
"state40","male","other","non_care","formal","none","active",21020942.9142857,83600.1
"state48","male","other","non_care","formal","none","active",228356571.942857,1175675.86
"state30","male","other","non_care","formal","none","active",4153184.65714286,28359.99
"state16","male","other","non_care","formal","none","active",10965989.8285714,55475.05
"state56","male","other","non_care","formal","none","active",2085812.05714286,12062.13
"state08","male","other","non_care","formal","none","active",37352547.5142857,173653.51
"state35","male","other","non_care","formal","none","active",13412986.2,76804.54
"state04","male","other","non_care","formal","none","active",63513991.6285714,275836.77
"state49","male","other","non_care","formal","none","active",25818239.7428571,111632.69
"state32","male","other","non_care","formal","none","active",18727516.8857143,133983.65
"state53","male","other","non_care","formal","none","active",52949539.3714286,285941.75
"state41","male","other","non_care","formal","none","active",21980325.5142857,143848.29
"state06","male","other","non_care","formal","none","active",314481765.085714,1959406.92
"state02","male","other","non_care","formal","none","active",3324161.14285714,17865.29
"state15","male","other","non_care","formal","none","active",8151253.71428571,66523.23
"national","male","other","non_care","formal","none","active",2234813001,12338659.11
"state23","male","with_children","non_care","formal","none","active",31411337.5714286,115218.72
"state33","male","with_children","non_care","formal","none","active",26741193.7714286,104255.86
"state50","male","with_children","non_care","formal","none","active",13809993.2571429,57605.22
"state25","male","with_children","non_care","formal","none","active",183137021.742857,639630.29
"state44","male","with_children","non_care","formal","none","active",17883501.4285714,84377.71
"state09","male","with_children","non_care","formal","none","active",75580359.6,286186.83
"state36","male","with_children","non_care","formal","none","active",401996974.285714,1565595.98
"state34","male","with_children","non_care","formal","none","active",193878593.914286,731997.4
"state42","male","with_children","non_care","formal","none","active",263339962.8,1031289.87
"state39","male","with_children","non_care","formal","none","active",239813562.857143,945452.25
"state18","male","with_children","non_care","formal","none","active",184094904.257143,635877.77
"state17","male","with_children","non_care","formal","none","active",315208708.457143,1172592.55
"state26","male","with_children","non_care","formal","none","active",192621216.171429,775794.3
"state55","male","with_children","non_care","formal","none","active",160602475.714286,541626.5
"state27","male","with_children","non_care","formal","none","active",133668312.257143,488560.62
"state19","male","with_children","non_care","formal","none","active",81111983.6571429,292792.17
"state29","male","with_children","non_care","formal","none","active",136347579.514286,546470.78
"state38","male","with_children","non_care","formal","none","active",22432140.9428571,79430.57
"state46","male","with_children","non_care","formal","none","active",20080974.0857143,79595.23
"state31","male","with_children","non_care","formal","none","active",52541705.2285714,194280.06
"state20","male","with_children","non_care","formal","none","active",80135821.6285714,301803.38
"state10","male","with_children","non_care","formal","none","active",18036154.1142857,82681.32
"state24","male","with_children","non_care","formal","none","active",175138032.514286,578760.44
"state11","male","with_children","non_care","formal","none","active",12438027,46251.61
"state51","male","with_children","non_care","formal","none","active",203668109.828571,791366.6
"state54","male","with_children","non_care","formal","none","active",38638179,146459.37
"state37","male","with_children","non_care","formal","none","active",216839810.314286,933414.69
"state45","male","with_children","non_care","formal","none","active",112004424.514286,445554.52
"state13","male","with_children","non_care","formal","none","active",242754674.314286,921061.5
"state12","male","with_children","non_care","formal","none","active",442587799.8,1675135.81
"state21","male","with_children","non_care","formal","none","active",115554309.514286,454884.48
"state47","male","with_children","non_care","formal","none","active",158566924.542857,615330.93
"state01","male","with_children","non_care","formal","none","active",96803237.1428571,378715.47
"state28","male","with_children","non_care","formal","none","active",64012285.9714286,225252.16
"state05","male","with_children","non_care","formal","none","active",68234075.5714286,253247.98
"state22","male","with_children","non_care","formal","none","active",97092685.5428572,353004.3
"state40","male","with_children","non_care","formal","none","active",97609911.1714286,362968.57
"state48","male","with_children","non_care","formal","none","active",753882084.171429,2719000.35
"state30","male","with_children","non_care","formal","none","active",27971720.5714286,102664.06
"state16","male","with_children","non_care","formal","none","active",58179619.3714286,197893.5
"state56","male","with_children","non_care","formal","none","active",16205696.9142857,59152.46
"state08","male","with_children","non_care","formal","none","active",147861568.114286,544396.06
"state35","male","with_children","non_care","formal","none","active",41832393.4285714,163096.79
"state04","male","with_children","non_care","formal","none","active",163421051.657143,641577.41
"state49","male","with_children","non_care","formal","none","active",108749944.114286,375866.86
"state32","male","with_children","non_care","formal","none","active",67439567.0571429,267696.52
"state53","male","with_children","non_care","formal","none","active",201058660.885714,748440.93
"state41","male","with_children","non_care","formal","none","active",94251907.9714286,355829.61
"state06","male","with_children","non_care","formal","none","active",862815397.114286,3332732.07
"state02","male","with_children","non_care","formal","none","active",16424988.3428571,72738.92
"state15","male","with_children","non_care","formal","none","active",20396032.6285714,103448.63
"national","male","with_children","non_care","formal","none","active",7566907596.34286,28619057.98
"state23","male","without_children","non_care","formal","none","active",59324394.7714286,415453.1
"state33","male","without_children","non_care","formal","none","active",64289838.1714286,391477.33
"state50","male","without_children","non_care","formal","none","active",25426171.3714286,187069.54
"state25","male","without_children","non_care","formal","none","active",273652367.4,1826590.68
"state44","male","without_children","non_care","formal","none","active",49320051.6,323545.32
"state09","male","without_children","non_care","formal","none","active",125928847.542857,976236.2
"state36","male","without_children","non_care","formal","none","active",717934261.371429,5071894.01
"state34","male","without_children","non_care","formal","none","active",375309832.628571,2392765.33
"state42","male","without_children","non_care","formal","none","active",526149034.885714,3490645.44
"state39","male","without_children","non_care","formal","none","active",415690109.057143,2963794.38
"state18","male","without_children","non_care","formal","none","active",269673482.314286,1701454.85
"state17","male","without_children","non_care","formal","none","active",525272421.685714,3213032.78
"state26","male","without_children","non_care","formal","none","active",406104905.228571,2754648.69
"state55","male","without_children","non_care","formal","none","active",220518251.485714,1598359.8
"state27","male","without_children","non_care","formal","none","active",268957004.914286,1605836.17
"state19","male","without_children","non_care","formal","none","active",149793824.657143,883580.66
"state29","male","without_children","non_care","formal","none","active",254428583.657143,1669138.9
"state38","male","without_children","non_care","formal","none","active",36812045.0571429,200944
"state46","male","without_children","non_care","formal","none","active",44122784.2285714,254306.58
"state31","male","without_children","non_care","formal","none","active",99043980.7714286,504247.71
"state20","male","without_children","non_care","formal","none","active",116627571.085714,771054.47
"state10","male","without_children","non_care","formal","none","active",33371013.7714286,274389.03
"state24","male","without_children","non_care","formal","none","active",250615259.228571,1576379.88
"state11","male","without_children","non_care","formal","none","active",38655490.5428571,210623.73
"state51","male","without_children","non_care","formal","none","active",338357999.485714,2247820.01
"state54","male","without_children","non_care","formal","none","active",62259416.2285714,469516.63
"state37","male","without_children","non_care","formal","none","active",413093472.428571,2765661.45
"state45","male","without_children","non_care","formal","none","active",213180845.657143,1459419.66
"state13","male","without_children","non_care","formal","none","active",462848120.485714,2779310.92
"state12","male","without_children","non_care","formal","none","active",904753794.685714,6649366.15
"state21","male","without_children","non_care","formal","none","active",158285723.057143,1142469.65
"state47","male","without_children","non_care","formal","none","active",307683141.428571,1837030.11
"state01","male","without_children","non_care","formal","none","active",200659468.028571,1295790.67
"state28","male","without_children","non_care","formal","none","active",97232576.7428571,762691.06
"state05","male","without_children","non_care","formal","none","active",106099231.971429,768373.72
"state22","male","without_children","non_care","formal","none","active",168472292.828571,1192607.38
"state40","male","without_children","non_care","formal","none","active",179832042,998351.16
"state48","male","without_children","non_care","formal","none","active",1351740263.4,7603663.33
"state30","male","without_children","non_care","formal","none","active",45174573.6857143,335743.69
"state16","male","without_children","non_care","formal","none","active",66715480.2,483213.08
"state56","male","without_children","non_care","formal","none","active",19386822.4285714,152033.86
"state08","male","without_children","non_care","formal","none","active",260329990.457143,1629128.23
"state35","male","without_children","non_care","formal","none","active",77603981.2285714,591251.74
"state04","male","without_children","non_care","formal","none","active",300852808.457143,2012893.53
"state49","male","without_children","non_care","formal","none","active",147709079.228571,813351.44
"state32","male","without_children","non_care","formal","none","active",152254914.514286,909390.51
"state53","male","without_children","non_care","formal","none","active",292690605.428571,2140874.28
"state41","male","without_children","non_care","formal","none","active",163562544.685714,1196632.87
"state06","male","without_children","non_care","formal","none","active",1560125772.6,10261760.46
"state02","male","without_children","non_care","formal","none","active",28720571.1428571,189462.32
"state15","male","without_children","non_care","formal","none","active",46055965.6285714,372334.81
"national","male","without_children","non_care","formal","none","active",13472703025.5429,88317611.3
"state26","female","other","care","informal","daily_living","active",122392190.267767,466327.946932433
"state04","female","other","care","informal","daily_living","active",110668615.244694,420544.020709665
"state37","female","other","care","informal","daily_living","active",81398992.4797352,404872.129179421
"state53","female","other","care","informal","daily_living","active",71355554.9035522,267235.476850409
"state06","female","other","care","informal","daily_living","active",508495617.847795,1706083.19553695
"state41","female","other","care","informal","daily_living","active",33695773.388158,147572.153495267
"state10","female","other","care","informal","daily_living","active",9543580.48194567,52812.4974496603
"state35","female","other","care","informal","daily_living","active",33035876.6413213,113378.912316265
"state13","female","other","care","informal","daily_living","active",177082190.2477,636302.87939533
"state34","female","other","care","informal","daily_living","active",128079806.885786,487968.985346459
"state36","female","other","care","informal","daily_living","active",236556541.700752,920281.356105293
"state19","female","other","care","informal","daily_living","active",27612896.1677692,132898.091014422
"state48","female","other","care","informal","daily_living","active",371316013.123088,1313029.35678797
"state12","female","other","care","informal","daily_living","active",223181131.018126,951552.509770972
"state54","female","other","care","informal","daily_living","active",18394516.6107428,63164.0690584784
"state45","female","other","care","informal","daily_living","active",55490191.8902168,278285.036104522
"state51","female","other","care","informal","daily_living","active",99350178.6678619,413694.56415762
"state42","female","other","care","informal","daily_living","active",189789175.626523,730004.126664685
"state18","female","other","care","informal","daily_living","active",110492639.550066,353517.552910545
"state17","female","other","care","informal","daily_living","active",176672650.28157,780606.062605794
"state56","female","other","care","informal","daily_living","active",11444162.06705,28451.7460948641
"state29","female","other","care","informal","daily_living","active",82710292.4077698,337990.581038075
"state27","female","other","care","informal","daily_living","active",48012049.4139214,179348.896420529
"state39","female","other","care","informal","daily_living","active",193946012.979948,735226.183932836
"state21","female","other","care","informal","daily_living","active",34406604.9978895,177420.510271532
"state25","female","other","care","informal","daily_living","active",101372839.494658,416600.05467695
"state28","female","other","care","informal","daily_living","active",38761109.6194149,146694.080485582
"state09","female","other","care","informal","daily_living","active",48159894.379787,166544.655233448
"state32","female","other","care","informal","daily_living","active",30415813.5643589,114573.155070056
"state15","female","other","care","informal","daily_living","active",22634626.9423523,72677.5482746449
"state22","female","other","care","informal","daily_living","active",64658185.1982873,285188.001817409
"state49","female","other","care","informal","daily_living","active",26849546.1503423,103126.318475353
"state47","female","other","care","informal","daily_living","active",64175586.9182157,252262.293051797
"state40","female","other","care","informal","daily_living","active",22854021.9118148,129730.296851846
"state01","female","other","care","informal","daily_living","active",67394973.111823,220673.431229158
"state55","female","other","care","informal","daily_living","active",70928765.8019691,281205.242745622
"state05","female","other","care","informal","daily_living","active",60947365.8872446,169723.214526782
"state24","female","other","care","informal","daily_living","active",63670841.3561984,314846.835445689
"state20","female","other","care","informal","daily_living","active",15604784.2438131,90090.7745352411
"state44","female","other","care","informal","daily_living","active",4637487.96251943,19363.7588730438
"state33","female","other","care","informal","daily_living","active",10385976.4913064,49637.4287984378
"state16","female","other","care","informal","daily_living","active",15335994.5344347,68919.8368936449
"state08","female","other","care","informal","daily_living","active",53847284.4587107,200624.918055218
"state30","female","other","care","informal","daily_living","active",8187083.94542243,25040.8626901616
"state31","female","other","care","informal","daily_living","active",29701848.4891066,114336.698258595
"state02","female","other","care","informal","daily_living","active",5011716.5331308,17976.3431654833
"state23","female","other","care","informal","daily_living","active",12245526.0963316,56209.8463669342
"state11","female","other","care","informal","daily_living","active",2671073.53004662,16472.9728141699
"state46","female","other","care","informal","daily_living","active",1191279.4492366,9264.43128859397
"state38","female","other","care","informal","daily_living","active",1425005.45438514,6063.85299738356
"state50","female","other","care","informal","daily_living","active",1608874.83229939,6129.63581415671
"national","female","other","care","informal","daily_living","active",3999800761.24896,15452545.3285854
"state41","female","other","care","informal","developmental","active",426784.897501359,147572.153495267
"state19","female","other","care","informal","developmental","passive_child",1350850.58821396,132898.091014422
"state19","female","other","care","informal","developmental","active",470372.502194603,132898.091014422
"state12","female","other","care","informal","developmental","passive_child",20457969.4161197,951552.509770972
"state12","female","other","care","informal","developmental","active",8921422.94854956,951552.509770972
"state51","female","other","care","informal","developmental","active",3920529.51758835,413694.56415762
"state29","female","other","care","informal","developmental","active",2384967.80292044,337990.581038075
"state29","female","other","care","informal","developmental","passive_child",11481207.5545284,337990.581038075
"state39","female","other","care","informal","developmental","passive_child",19351187.3566735,735226.183932836
"state36","female","other","care","informal","developmental","passive_child",17968190.3254452,920281.356105293
"state36","female","other","care","informal","developmental","active",4642214.69253823,920281.356105293
"state13","female","other","care","informal","developmental","passive_child",13147299.3639005,636302.87939533
"state13","female","other","care","informal","developmental","active",12040585.0302536,636302.87939533
"state17","female","other","care","informal","developmental","passive_child",10337048.8438687,780606.062605794
"state34","female","other","care","informal","developmental","passive_child",2725184.64712904,487968.985346459
"state34","female","other","care","informal","developmental","active",5559947.66020379,487968.985346459
"state06","female","other","care","informal","developmental","active",12760394.299442,1706083.19553695
"state01","female","other","care","informal","developmental","passive_child",27008844.8644313,220673.431229158
"state55","female","other","care","informal","developmental","passive_child",3455305.2403384,281205.242745622
"state55","female","other","care","informal","developmental","active",1386576.28251193,281205.242745622
"state09","female","other","care","informal","developmental","active",3065710.14148372,166544.655233448
"state42","female","other","care","informal","developmental","passive_child",14143667.9846567,730004.126664685
"state48","female","other","care","informal","developmental","active",31469542.9904595,1313029.35678797
"state48","female","other","care","informal","developmental","passive_child",62631248.8836533,1313029.35678797
"state20","female","other","care","informal","developmental","active",7851058.43755996,90090.7745352411
"state22","female","other","care","informal","developmental","passive_child",7093824.0199093,285188.001817409
"state22","female","other","care","informal","developmental","active",1248374.72714536,285188.001817409
"state01","female","other","care","informal","developmental","active",2043855.64120813,220673.431229158
"state26","female","other","care","informal","developmental","active",2824081.55111772,466327.946932433
"state08","female","other","care","informal","developmental","active",1802869.09047714,200624.918055218
"state08","female","other","care","informal","developmental","passive_child",1678069.52732091,200624.918055218
"state47","female","other","care","informal","developmental","active",3176284.85202339,252262.293051797
"state47","female","other","care","informal","developmental","passive_child",9322711.2723747,252262.293051797
"state45","female","other","care","informal","developmental","passive_child",7184876.68956358,278285.036104522
"state42","female","other","care","informal","developmental","active",7061618.14582457,730004.126664685
"state31","female","other","care","informal","developmental","active",13414100.3965334,114336.698258595
"state06","female","other","care","informal","developmental","passive_child",20025289.5254739,1706083.19553695
"state04","female","other","care","informal","developmental","active",6202584.57487679,420544.020709665
"state28","female","other","care","informal","developmental","passive_child",12792545.5316476,146694.080485582
"state18","female","other","care","informal","developmental","passive_child",9130089.67847758,353517.552910545
"state18","female","other","care","informal","developmental","active",2672112.86156894,353517.552910545
"state26","female","other","care","informal","developmental","passive_child",7291976.86217304,466327.946932433
"state25","female","other","care","informal","developmental","active",2986458.17081962,416600.05467695
"state15","female","other","care","informal","developmental","passive_child",2729307.24193387,72677.5482746449
"state04","female","other","care","informal","developmental","passive_child",4828620.35395749,420544.020709665
"state25","female","other","care","informal","developmental","passive_child",3780772.82188571,416600.05467695
"state49","female","other","care","informal","developmental","passive_child",4859359.03321834,103126.318475353
"state49","female","other","care","informal","developmental","active",1210430.50788905,103126.318475353
"state23","female","other","care","informal","developmental","active",793158.870049299,56209.8463669342
"state31","female","other","care","informal","developmental","passive_child",2930988.69931419,114336.698258595
"state37","female","other","care","informal","developmental","passive_child",17353884.1666644,404872.129179421
"state39","female","other","care","informal","developmental","active",3647889.39627982,735226.183932836
"state10","female","other","care","informal","developmental","passive_child",2876561.71483972,52812.4974496603
"state35","female","other","care","informal","developmental","active",214697.96951092,113378.912316265
"state35","female","other","care","informal","developmental","passive_child",5510282.11499586,113378.912316265
"state53","female","other","care","informal","developmental","passive_child",13305955.0433003,267235.476850409
"state17","female","other","care","informal","developmental","active",7933521.53538091,780606.062605794
"state24","female","other","care","informal","developmental","active",454934.270450515,314846.835445689
"state37","female","other","care","informal","developmental","active",6632555.64524013,404872.129179421
"state45","female","other","care","informal","developmental","active",2194550.50069194,278285.036104522
"state32","female","other","care","informal","developmental","active",567572.562890804,114573.155070056
"state21","female","other","care","informal","developmental","passive_child",2224775.72650924,177420.510271532
"state27","female","other","care","informal","developmental","active",369928.209383715,179348.896420529
"state27","female","other","care","informal","developmental","passive_child",409282.27421177,179348.896420529
"state51","female","other","care","informal","developmental","passive_child",7258947.36130817,413694.56415762
"state33","female","other","care","informal","developmental","active",369138.703434485,49637.4287984378
"state33","female","other","care","informal","developmental","passive_child",123046.234478162,49637.4287984378
"state28","female","other","care","informal","developmental","active",838740.822751063,146694.080485582
"state50","female","other","care","informal","developmental","active",99949.9413507206,6129.63581415671
"state50","female","other","care","informal","developmental","passive_child",1017672.13011643,6129.63581415671
"state40","female","other","care","informal","developmental","active",952704.415351627,129730.296851846
"state53","female","other","care","informal","developmental","active",3763516.51816212,267235.476850409
"state09","female","other","care","informal","developmental","passive_child",4379145.95715117,166544.655233448
"state05","female","other","care","informal","developmental","passive_child",1760365.9699705,169723.214526782
"state05","female","other","care","informal","developmental","active",1322743.07078658,169723.214526782
"state32","female","other","care","informal","developmental","passive_child",1245592.79006721,114573.155070056
"state40","female","other","care","informal","developmental","passive_child",715337.266401578,129730.296851846
"state20","female","other","care","informal","developmental","passive_child",2942694.40124277,90090.7745352411
"state23","female","other","care","informal","developmental","passive_child",3069258.27418851,56209.8463669342
"national","female","other","care","informal","developmental","active",169698480.154406,15452545.3285854
"national","female","other","care","informal","developmental","passive_child",361899237.751655,15452545.3285854
"state37","female","other","care","informal","health","active",16091708.5216556,404872.129179421
"state12","female","other","care","informal","health","passive_elder",25129298.4511597,951552.509770972
"state12","female","other","care","informal","health","active",32314568.8066676,951552.509770972
"state45","female","other","care","informal","health","passive_elder",1920975.45934507,278285.036104522
"state51","female","other","care","informal","health","active",13618951.3821685,413694.56415762
"state42","female","other","care","informal","health","passive_elder",19799436.1969074,730004.126664685
"state51","female","other","care","informal","health","passive_elder",3241800.38614154,413694.56415762
"state04","female","other","care","informal","health","active",3476115.36514273,420544.020709665
"state06","female","other","care","informal","health","active",25499615.2089261,1706083.19553695
"state13","female","other","care","informal","health","active",5679367.2000187,636302.87939533
"state17","female","other","care","informal","health","passive_elder",14706172.7539567,780606.062605794
"state17","female","other","care","informal","health","active",9648241.96104838,780606.062605794
"state28","female","other","care","informal","health","active",5145156.92458284,146694.080485582
"state29","female","other","care","informal","health","active",10558393.1652206,337990.581038075
"state40","female","other","care","informal","health","passive_elder",2368487.98644387,129730.296851846
"state28","female","other","care","informal","health","passive_elder",3412350.57525084,146694.080485582
"state55","female","other","care","informal","health","passive_elder",11994993.9871579,281205.242745622
"state55","female","other","care","informal","health","active",1852977.3970858,281205.242745622
"state42","female","other","care","informal","health","active",7581246.52603578,730004.126664685
"state36","female","other","care","informal","health","active",21882755.7083576,920281.356105293
"state36","female","other","care","informal","health","passive_elder",66808343.886357,920281.356105293
"state44","female","other","care","informal","health","active",1660701.49615335,19363.7588730438
"state48","female","other","care","informal","health","passive_elder",8717409.03414138,1313029.35678797
"state39","female","other","care","informal","health","passive_elder",34809707.0897557,735226.183932836
"state01","female","other","care","informal","health","active",9891485.26421496,220673.431229158
"state47","female","other","care","informal","health","active",5092288.12392791,252262.293051797
"state26","female","other","care","informal","health","active",2996863.22626447,466327.946932433
"state39","female","other","care","informal","health","active",19178401.7036284,735226.183932836
"state48","female","other","care","informal","health","active",14111962.4874602,1313029.35678797
"state30","female","other","care","informal","health","active",4125.87776075397,25040.8626901616
"state25","female","other","care","informal","health","active",13544883.6429106,416600.05467695
"state41","female","other","care","informal","health","active",2545356.24060052,147572.153495267
"state22","female","other","care","informal","health","active",6862930.20007507,285188.001817409
"state06","female","other","care","informal","health","passive_elder",27345819.4288427,1706083.19553695
"state34","female","other","care","informal","health","passive_elder",21131558.4908262,487968.985346459
"state34","female","other","care","informal","health","active",19009474.7527466,487968.985346459
"state32","female","other","care","informal","health","active",3221746.19078139,114573.155070056
"state18","female","other","care","informal","health","passive_elder",14839756.8469188,353517.552910545
"state54","female","other","care","informal","health","active",1314129.59669317,63164.0690584784
"state47","female","other","care","informal","health","passive_elder",195451.116354721,252262.293051797
"state19","female","other","care","informal","health","active",3580094.91293786,132898.091014422
"state45","female","other","care","informal","health","active",13043064.7738562,278285.036104522
"state08","female","other","care","informal","health","passive_elder",1575969.6493657,200624.918055218
"state37","female","other","care","informal","health","passive_elder",23624416.8761895,404872.129179421
"state18","female","other","care","informal","health","active",5922398.33318063,353517.552910545
"state20","female","other","care","informal","health","active",113762.624623278,90090.7745352411
"state27","female","other","care","informal","health","active",1675794.60467732,179348.896420529
"state21","female","other","care","informal","health","active",11638463.748462,177420.510271532
"state21","female","other","care","informal","health","passive_elder",4466058.01692125,177420.510271532
"state10","female","other","care","informal","health","active",2731876.47362836,52812.4974496603
"state40","female","other","care","informal","health","active",23667.3941558131,129730.296851846
"state35","female","other","care","informal","health","active",5338706.68293677,113378.912316265
"state09","female","other","care","informal","health","active",2401541.53814692,166544.655233448
"state22","female","other","care","informal","health","passive_elder",1489107.63606812,285188.001817409
"state41","female","other","care","informal","health","passive_elder",3254249.68585297,147572.153495267
"state53","female","other","care","informal","health","active",4481598.97940392,267235.476850409
"state09","female","other","care","informal","health","passive_elder",1995920.53460336,166544.655233448
"state25","female","other","care","informal","health","passive_elder",16182119.6510855,416600.05467695
"state49","female","other","care","informal","health","active",9691785.73914409,103126.318475353
"state05","female","other","care","informal","health","active",1214707.52100485,169723.214526782
"state31","female","other","care","informal","health","passive_elder",299919.280284863,114336.698258595
"state29","female","other","care","informal","health","passive_elder",2999155.39114616,337990.581038075
"state33","female","other","care","informal","health","active",2011356.54406171,49637.4287984378
"state24","female","other","care","informal","health","active",13366277.324053,314846.835445689
"state53","female","other","care","informal","health","passive_elder",1176324.12295108,267235.476850409
"state38","female","other","care","informal","health","active",12127.7059947671,6063.85299738356
"state16","female","other","care","informal","health","active",11765.6247477282,68919.8368936449
"state08","female","other","care","informal","health","active",4315169.24205373,200624.918055218
"state04","female","other","care","informal","health","passive_elder",473491.357603512,420544.020709665
"state13","female","other","care","informal","health","passive_elder",3070440.83945695,636302.87939533
"state26","female","other","care","informal","health","passive_elder",5160973.99223111,466327.946932433
"state35","female","other","care","informal","health","passive_elder",9534780.44000232,113378.912316265
"state32","female","other","care","informal","health","passive_elder",1177635.2408482,114573.155070056
"state15","female","other","care","informal","health","active",2640446.21087871,72677.5482746449
"state19","female","other","care","informal","health","passive_elder",733567.155615606,132898.091014422
"state23","female","other","care","informal","health","active",548654.229010247,56209.8463669342
"state01","female","other","care","informal","health","passive_elder",161002.780442921,220673.431229158
"state31","female","other","care","informal","health","active",917414.454981016,114336.698258595
"state24","female","other","care","informal","health","passive_elder",2961302.68508914,314846.835445689
"state49","female","other","care","informal","health","passive_elder",431203.697036464,103126.318475353
"state50","female","other","care","informal","health","active",20382.5831313578,6129.63581415671
"state23","female","other","care","informal","health","passive_elder",200867.688101342,56209.8463669342
"national","female","other","care","informal","health","active",338484504.215198,15452545.3285854
"national","female","other","care","informal","health","passive_elder",337390068.410456,15452545.3285854
"state17","female","with_children","care","informal","daily_living","active",306962218.748604,1324093.9224308
"state26","female","with_children","care","informal","daily_living","active",185972223.769894,865902.919488886
"state48","female","with_children","care","informal","daily_living","active",856894894.602759,3635947.08628132
"state12","female","with_children","care","informal","daily_living","active",449283568.298133,1939309.76572943
"state39","female","with_children","care","informal","daily_living","active",268365986.519358,1230101.88488314
"state37","female","with_children","care","informal","daily_living","active",217009635.428585,960868.125743301
"state24","female","with_children","care","informal","daily_living","active",199665563.598231,821812.969273354
"state13","female","with_children","care","informal","daily_living","active",311753032.832739,1365462.49784769
"state22","female","with_children","care","informal","daily_living","active",135955217.147835,480214.519452399
"state53","female","with_children","care","informal","daily_living","active",182285566.842612,829875.378915998
"state35","female","with_children","care","informal","daily_living","active",70519440.6439842,267893.603969845
"state23","female","with_children","care","informal","daily_living","active",35284976.412827,128331.93179169
"state45","female","with_children","care","informal","daily_living","active",142899056.657396,588171.330855172
"state44","female","with_children","care","informal","daily_living","active",23430088.7992359,107701.238619112
"state21","female","with_children","care","informal","daily_living","active",108945935.85447,485083.90241926
"state08","female","with_children","care","informal","daily_living","active",148120388.330198,642675.449393008
"state04","female","with_children","care","informal","daily_living","active",184588708.626651,701386.350560495
"state06","female","with_children","care","informal","daily_living","active",1067809282.66849,3923918.66457601
"state36","female","with_children","care","informal","daily_living","active",495260924.18574,1906804.01588616
"state51","female","with_children","care","informal","daily_living","active",283949840.680731,1119209.80598873
"state46","female","with_children","care","informal","daily_living","active",35954381.2963485,182745.273584793
"state40","female","with_children","care","informal","daily_living","active",148664062.087115,619007.832619803
"state34","female","with_children","care","informal","daily_living","active",243263538.647344,933942.500774521
"state30","female","with_children","care","informal","daily_living","active",22588660.9775348,63800.4184566553
"state27","female","with_children","care","informal","daily_living","active",158507169.165374,723466.406976002
"state42","female","with_children","care","informal","daily_living","active",334067479.245014,1391681.60203796
"state28","female","with_children","care","informal","daily_living","active",74414401.2806267,317825.017084653
"state47","female","with_children","care","informal","daily_living","active",146490152.207709,687189.107754923
"state20","female","with_children","care","informal","daily_living","active",75261379.9278962,386279.792216801
"state09","female","with_children","care","informal","daily_living","active",83773834.1452188,329705.867077288
"state18","female","with_children","care","informal","daily_living","active",186191649.261402,757408.056180788
"state19","female","with_children","care","informal","daily_living","active",92086848.8533321,404438.269577316
"state29","female","with_children","care","informal","daily_living","active",153997511.520592,687197.145084313
"state31","female","with_children","care","informal","daily_living","active",83437271.5216414,259179.535510092
"state49","female","with_children","care","informal","daily_living","active",139585528.9397,547181.948795431
"state16","female","with_children","care","informal","daily_living","active",52966649.0498729,242025.192945776
"state01","female","with_children","care","informal","daily_living","active",107202723.907561,439551.267496081
"state02","female","with_children","care","informal","daily_living","active",9975580.11622655,45745.2249905266
"state41","female","with_children","care","informal","daily_living","active",128909091.582909,505753.391625489
"state32","female","with_children","care","informal","daily_living","active",58105531.8758343,241483.87460911
"state33","female","with_children","care","informal","daily_living","active",27091398.8215262,135222.522844991
"state25","female","with_children","care","informal","daily_living","active",183380387.558028,910660.503393542
"state55","female","with_children","care","informal","daily_living","active",126475496.408607,617152.834881655
"state05","female","with_children","care","informal","daily_living","active",65312547.6105569,292729.198700025
"state54","female","with_children","care","informal","daily_living","active",49953908.4457482,137365.916764882
"state10","female","with_children","care","informal","daily_living","active",23792141.2770575,92735.1694074838
"state56","female","with_children","care","informal","daily_living","active",15279617.9388913,67977.5776476992
"state50","female","with_children","care","informal","daily_living","active",12028782.3606855,48768.3333090603
"state38","female","with_children","care","informal","daily_living","active",29616189.3085485,123645.089984445
"state15","female","with_children","care","informal","daily_living","active",23259267.4034096,78626.8538700499
"state11","female","with_children","care","informal","daily_living","active",10215571.2221434,58473.6778675874
"national","female","with_children","care","informal","daily_living","active",8576805304.61293,35653730.7681755
"state17","female","with_children","care","informal","developmental","passive_child",342426965.181123,1324093.9224308
"state17","female","with_children","care","informal","developmental","active",170933418.216013,1324093.9224308
"state48","female","with_children","care","informal","developmental","active",404412015.144494,3635947.08628132
"state48","female","with_children","care","informal","developmental","passive_child",1075231060.28962,3635947.08628132
"state39","female","with_children","care","informal","developmental","passive_child",308060198.939408,1230101.88488314
"state39","female","with_children","care","informal","developmental","active",169339050.158253,1230101.88488314
"state37","female","with_children","care","informal","developmental","passive_child",297194891.413125,960868.125743301
"state26","female","with_children","care","informal","developmental","passive_child",260587482.221702,865902.919488886
"state12","female","with_children","care","informal","developmental","active",240784545.58882,1939309.76572943
"state24","female","with_children","care","informal","developmental","active",101280432.899538,821812.969273354
"state24","female","with_children","care","informal","developmental","passive_child",183093855.169091,821812.969273354
"state22","female","with_children","care","informal","developmental","active",55602898.2559733,480214.519452399
"state22","female","with_children","care","informal","developmental","passive_child",137039239.327226,480214.519452399
"state26","female","with_children","care","informal","developmental","active",105811129.731756,865902.919488886
"state53","female","with_children","care","informal","developmental","passive_child",230721999.383554,829875.378915998
"state53","female","with_children","care","informal","developmental","active",109083257.939817,829875.378915998
"state37","female","with_children","care","informal","developmental","active",90859852.5014309,960868.125743301
"state35","female","with_children","care","informal","developmental","passive_child",64209115.5703536,267893.603969845
"state35","female","with_children","care","informal","developmental","active",25496630.5400094,267893.603969845
"state23","female","with_children","care","informal","developmental","passive_child",25073180.8195299,128331.93179169
"state23","female","with_children","care","informal","developmental","active",7203623.65627861,128331.93179169
"state45","female","with_children","care","informal","developmental","passive_child",156212150.793656,588171.330855172
"state45","female","with_children","care","informal","developmental","active",56518026.8232632,588171.330855172
"state21","female","with_children","care","informal","developmental","active",54547927.0130942,485083.90241926
"state08","female","with_children","care","informal","developmental","passive_child",157587956.175781,642675.449393008
"state08","female","with_children","care","informal","developmental","active",74945968.1958138,642675.449393008
"state12","female","with_children","care","informal","developmental","passive_child",528421601.484325,1939309.76572943
"state04","female","with_children","care","informal","developmental","active",78357431.3668814,701386.350560495
"state04","female","with_children","care","informal","developmental","passive_child",210475117.253448,701386.350560495
"state06","female","with_children","care","informal","developmental","passive_child",1215013823.56278,3923918.66457601
"state44","female","with_children","care","informal","developmental","passive_child",21690631.3613542,107701.238619112
"state44","female","with_children","care","informal","developmental","active",12578683.8073798,107701.238619112
"state51","female","with_children","care","informal","developmental","passive_child",263333679.766985,1119209.80598873
"state51","female","with_children","care","informal","developmental","active",140054106.165029,1119209.80598873
"state13","female","with_children","care","informal","developmental","passive_child",347408512.34229,1365462.49784769
"state46","female","with_children","care","informal","developmental","passive_child",50365906.1641285,182745.273584793
"state46","female","with_children","care","informal","developmental","active",16199127.1004482,182745.273584793
"state40","female","with_children","care","informal","developmental","active",52615117.673888,619007.832619803
"state40","female","with_children","care","informal","developmental","passive_child",168678207.2616,619007.832619803
"state30","female","with_children","care","informal","developmental","active",7380844.79817475,63800.4184566553
"state06","female","with_children","care","informal","developmental","active",492702505.839442,3923918.66457601
"state27","female","with_children","care","informal","developmental","passive_child",195836333.157672,723466.406976002
"state27","female","with_children","care","informal","developmental","active",79275812.0321396,723466.406976002
"state42","female","with_children","care","informal","developmental","active",166595282.036159,1391681.60203796
"state42","female","with_children","care","informal","developmental","passive_child",342656133.939757,1391681.60203796
"state28","female","with_children","care","informal","developmental","passive_child",66790256.0308571,317825.017084653
"state47","female","with_children","care","informal","developmental","passive_child",200417037.873115,687189.107754923
"state20","female","with_children","care","informal","developmental","active",44654791.0402263,386279.792216801
"state09","female","with_children","care","informal","developmental","active",35564121.7711743,329705.867077288
"state09","female","with_children","care","informal","developmental","passive_child",103396197.750827,329705.867077288
"state18","female","with_children","care","informal","developmental","passive_child",215663623.959832,757408.056180788
"state18","female","with_children","care","informal","developmental","active",84588470.8479461,757408.056180788
"state36","female","with_children","care","informal","developmental","active",211789076.236047,1906804.01588616
"state36","female","with_children","care","informal","developmental","passive_child",524299590.897054,1906804.01588616
"state19","female","with_children","care","informal","developmental","passive_child",112166832.735543,404438.269577316
"state19","female","with_children","care","informal","developmental","active",44745550.0005668,404438.269577316
"state28","female","with_children","care","informal","developmental","active",31102763.7134171,317825.017084653
"state34","female","with_children","care","informal","developmental","active",132816165.77266,933942.500774521
"state34","female","with_children","care","informal","developmental","passive_child",260686442.947739,933942.500774521
"state13","female","with_children","care","informal","developmental","active",138889807.543157,1365462.49784769
"state29","female","with_children","care","informal","developmental","passive_child",157122378.996607,687197.145084313
"state29","female","with_children","care","informal","developmental","active",99240168.0831162,687197.145084313
"state31","female","with_children","care","informal","developmental","passive_child",73619861.5006114,259179.535510092
"state49","female","with_children","care","informal","developmental","active",49234808.0775918,547181.948795431
"state49","female","with_children","care","informal","developmental","passive_child",196416649.776357,547181.948795431
"state31","female","with_children","care","informal","developmental","active",40637848.0518392,259179.535510092
"state01","female","with_children","care","informal","developmental","passive_child",131195811.539209,439551.267496081
"state01","female","with_children","care","informal","developmental","active",53659186.2256138,439551.267496081
"state02","female","with_children","care","informal","developmental","active",7610725.63290473,45745.2249905266
"state02","female","with_children","care","informal","developmental","passive_child",12224311.312311,45745.2249905266
"state41","female","with_children","care","informal","developmental","active",53962854.4688542,505753.391625489
"state30","female","with_children","care","informal","developmental","passive_child",22475321.1287551,63800.4184566553
"state41","female","with_children","care","informal","developmental","passive_child",158775217.674216,505753.391625489
"state47","female","with_children","care","informal","developmental","active",76421447.8119301,687189.107754923
"state33","female","with_children","care","informal","developmental","passive_child",47388662.230962,135222.522844991
"state33","female","with_children","care","informal","developmental","active",14871463.5069933,135222.522844991
"state55","female","with_children","care","informal","developmental","active",75726495.2601351,617152.834881655
"state55","female","with_children","care","informal","developmental","passive_child",145454015.639347,617152.834881655
"state21","female","with_children","care","informal","developmental","passive_child",116489553.693685,485083.90241926
"state05","female","with_children","care","informal","developmental","passive_child",92307070.1312135,292729.198700025
"state54","female","with_children","care","informal","developmental","passive_child",22824606.4780011,137365.916764882
"state05","female","with_children","care","informal","developmental","active",46308939.7588132,292729.198700025
"state10","female","with_children","care","informal","developmental","passive_child",39268615.5229571,92735.1694074838
"state10","female","with_children","care","informal","developmental","active",15473295.8945607,92735.1694074838
"state20","female","with_children","care","informal","developmental","passive_child",91850498.043177,386279.792216801
"state16","female","with_children","care","informal","developmental","passive_child",76083736.9320961,242025.192945776
"state16","female","with_children","care","informal","developmental","active",37960704.3023832,242025.192945776
"state54","female","with_children","care","informal","developmental","active",11979437.0168102,137365.916764882
"state56","female","with_children","care","informal","developmental","passive_child",17354942.8533869,67977.5776476992
"state56","female","with_children","care","informal","developmental","active",8217190.80774793,67977.5776476992
"state25","female","with_children","care","informal","developmental","passive_child",189717389.936246,910660.503393542
"state25","female","with_children","care","informal","developmental","active",95854549.2709288,910660.503393542
"state50","female","with_children","care","informal","developmental","passive_child",11110786.6083906,48768.3333090603
"state38","female","with_children","care","informal","developmental","passive_child",26613686.6705477,123645.089984445
"state38","female","with_children","care","informal","developmental","active",19772546.9694113,123645.089984445
"state15","female","with_children","care","informal","developmental","active",8436659.91736176,78626.8538700499
"state15","female","with_children","care","informal","developmental","passive_child",28041301.1900368,78626.8538700499
"state32","female","with_children","care","informal","developmental","passive_child",72410619.1032789,241483.87460911
"state32","female","with_children","care","informal","developmental","active",25182027.8946279,241483.87460911
"state11","female","with_children","care","informal","developmental","passive_child",15306513.7031539,58473.6778675874
"state11","female","with_children","care","informal","developmental","active",6953643.9771464,58473.6778675874
"state50","female","with_children","care","informal","developmental","active",3514961.7214357,48768.3333090603
"national","female","with_children","care","informal","developmental","passive_child",9808789574.43802,35653730.7681755
"national","female","with_children","care","informal","developmental","active",4187747389.0595,35653730.7681755
"state17","female","with_children","care","informal","health","active",22265639.3573926,1324093.9224308
"state26","female","with_children","care","informal","health","active",6444030.15761912,865902.919488886
"state12","female","with_children","care","informal","health","active",37085859.2498169,1939309.76572943
"state44","female","with_children","care","informal","health","passive_elder",1033419.89225827,107701.238619112
"state06","female","with_children","care","informal","health","active",71691653.3025269,3923918.66457601
"state13","female","with_children","care","informal","health","passive_elder",2995859.14660771,1365462.49784769
"state04","female","with_children","care","informal","health","active",8148688.75706349,701386.350560495
"state40","female","with_children","care","informal","health","active",5175278.97035858,619007.832619803
"state48","female","with_children","care","informal","health","active",69917331.2465381,3635947.08628132
"state27","female","with_children","care","informal","health","active",4428058.20046499,723466.406976002
"state28","female","with_children","care","informal","health","active",5144643.46603368,317825.017084653
"state42","female","with_children","care","informal","health","active",21902093.0526509,1391681.60203796
"state27","female","with_children","care","informal","health","passive_elder",812367.917681507,723466.406976002
"state37","female","with_children","care","informal","health","active",8979829.71433747,960868.125743301
"state39","female","with_children","care","informal","health","active",71756445.0404571,1230101.88488314
"state36","female","with_children","care","informal","health","active",36382557.6091494,1906804.01588616
"state53","female","with_children","care","informal","health","active",15150135.1413656,829875.378915998
"state49","female","with_children","care","informal","health","active",3031163.7895922,547181.948795431
"state34","female","with_children","care","informal","health","active",8766261.58144602,933942.500774521
"state29","female","with_children","care","informal","health","active",10863819.8607637,687197.145084313
"state01","female","with_children","care","informal","health","active",5328690.14319805,439551.267496081
"state41","female","with_children","care","informal","health","active",8492145.43332232,505753.391625489
"state47","female","with_children","care","informal","health","active",10748110.883937,687189.107754923
"state54","female","with_children","care","informal","health","active",2009256.11229954,137365.916764882
"state05","female","with_children","care","informal","health","active",2197675.86423578,292729.198700025
"state51","female","with_children","care","informal","health","active",12289756.5459572,1119209.80598873
"state35","female","with_children","care","informal","health","active",3331987.77404631,267893.603969845
"state48","female","with_children","care","informal","health","passive_elder",6524935.25218186,3635947.08628132
"state53","female","with_children","care","informal","health","passive_elder",2225492.62045921,829875.378915998
"state13","female","with_children","care","informal","health","active",10651294.9830682,1365462.49784769
"state09","female","with_children","care","informal","health","active",3998218.82831782,329705.867077288
"state21","female","with_children","care","informal","health","active",2945780.75521944,485083.90241926
"state45","female","with_children","care","informal","health","active",8950876.58637054,588171.330855172
"state22","female","with_children","care","informal","health","passive_elder",2827583.49191415,480214.519452399
"state36","female","with_children","care","informal","health","passive_elder",5524246.55277272,1906804.01588616
"state02","female","with_children","care","informal","health","active",2265227.62090652,45745.2249905266
"state25","female","with_children","care","informal","health","active",10929888.9981325,910660.503393542
"state24","female","with_children","care","informal","health","active",12544914.317129,821812.969273354
"state17","female","with_children","care","informal","health","passive_elder",1455738.49440276,1324093.9224308
"state26","female","with_children","care","informal","health","passive_elder",846869.354242902,865902.919488886
"state12","female","with_children","care","informal","health","passive_elder",6828665.77421658,1939309.76572943
"state06","female","with_children","care","informal","health","passive_elder",14125800.4816985,3923918.66457601
"state22","female","with_children","care","informal","health","active",10335982.7383072,480214.519452399
"state32","female","with_children","care","informal","health","active",4229949.76697156,241483.87460911
"state33","female","with_children","care","informal","health","active",539079.024439003,135222.522844991
"state39","female","with_children","care","informal","health","passive_elder",3428403.31447289,1230101.88488314
"state41","female","with_children","care","informal","health","passive_elder",1142234.37190587,505753.391625489
"state01","female","with_children","care","informal","health","passive_elder",2643039.27121281,439551.267496081
"state51","female","with_children","care","informal","health","passive_elder",3006306.10168627,1119209.80598873
"state37","female","with_children","care","informal","health","passive_elder",5149025.8574762,960868.125743301
"state15","female","with_children","care","informal","health","active",198730.660753644,78626.8538700499
"state19","female","with_children","care","informal","health","passive_elder",1987048.74692151,404438.269577316
"state19","female","with_children","care","informal","health","active",864957.643206981,404438.269577316
"state28","female","with_children","care","informal","health","passive_elder",722609.973089868,317825.017084653
"state55","female","with_children","care","informal","health","active",10569035.0052571,617152.834881655
"state50","female","with_children","care","informal","health","passive_elder",64435.9277969315,48768.3333090603
"state25","female","with_children","care","informal","health","passive_elder",1491396.2668307,910660.503393542
"state18","female","with_children","care","informal","health","active",12981753.3649719,757408.056180788
"state24","female","with_children","care","informal","health","passive_elder",5843399.71054675,821812.969273354
"state20","female","with_children","care","informal","health","active",8533761.40032765,386279.792216801
"state47","female","with_children","care","informal","health","passive_elder",6453176.89061944,687189.107754923
"state08","female","with_children","care","informal","health","active",4690433.59819792,642675.449393008
"state50","female","with_children","care","informal","health","active",929105.858707403,48768.3333090603
"state55","female","with_children","care","informal","health","passive_elder",899396.623789203,617152.834881655
"state10","female","with_children","care","informal","health","active",4353334.85742185,92735.1694074838
"state54","female","with_children","care","informal","health","passive_elder",62058.0405068274,137365.916764882
"state09","female","with_children","care","informal","health","passive_elder",756340.031069049,329705.867077288
"state18","female","with_children","care","informal","health","passive_elder",9736460.06029912,757408.056180788
"state40","female","with_children","care","informal","health","passive_elder",2299362.42085133,619007.832619803
"state31","female","with_children","care","informal","health","active",545943.605856868,259179.535510092
"state05","female","with_children","care","informal","health","passive_elder",648003.441887901,292729.198700025
"state30","female","with_children","care","informal","health","active",1007426.04239026,63800.4184566553
"state46","female","with_children","care","informal","health","active",1824759.11259229,182745.273584793
"state21","female","with_children","care","informal","health","passive_elder",265882.630217405,485083.90241926
"state11","female","with_children","care","informal","health","active",1055438.46949723,58473.6778675874
"state20","female","with_children","care","informal","health","passive_elder",139889.880309189,386279.792216801
"state29","female","with_children","care","informal","health","passive_elder",8997193.8043636,687197.145084313
"state16","female","with_children","care","informal","health","passive_elder",1083906.45019969,242025.192945776
"state45","female","with_children","care","informal","health","passive_elder",2059517.7824358,588171.330855172
"state32","female","with_children","care","informal","health","passive_elder",64103.318827863,241483.87460911
"state38","female","with_children","care","informal","health","passive_elder",898763.219487863,123645.089984445
"state16","female","with_children","care","informal","health","active",100292.723505033,242025.192945776
"state42","female","with_children","care","informal","health","passive_elder",7446502.15029527,1391681.60203796
"state44","female","with_children","care","informal","health","active",1227828.1252288,107701.238619112
"state31","female","with_children","care","informal","health","passive_elder",1458548.46594109,259179.535510092
"state04","female","with_children","care","informal","health","passive_elder",25763319.7197789,701386.350560495
"state35","female","with_children","care","informal","health","passive_elder",741836.552008869,267893.603969845
"state02","female","with_children","care","informal","health","passive_elder",3827236.9345592,45745.2249905266
"state56","female","with_children","care","informal","health","active",164542.6134252,67977.5776476992
"state49","female","with_children","care","informal","health","passive_elder",504935.852759474,547181.948795431
"national","female","with_children","care","informal","health","active",567969667.954775,35653730.7681755
"national","female","with_children","care","informal","health","passive_elder",144785312.790583,35653730.7681755
"state42","female","without_children","care","informal","daily_living","active",819327115.689429,3242678.84602328
"state45","female","without_children","care","informal","daily_living","active",356378140.234097,1610919.92026756
"state12","female","without_children","care","informal","daily_living","active",1178905029.03476,4932085.33472658
"state13","female","without_children","care","informal","daily_living","active",561902262.19169,2246595.63587283
"state04","female","without_children","care","informal","daily_living","active",407750981.310534,1526226.91001381
"state40","female","without_children","care","informal","daily_living","active",208359684.236566,859707.538535494
"state17","female","without_children","care","informal","daily_living","active",656902354.869079,2922869.07434392
"state19","female","without_children","care","informal","daily_living","active",207882051.489326,972850.264440122
"state39","female","without_children","care","informal","daily_living","active",891841408.754645,3635512.39069661
"state37","female","without_children","care","informal","daily_living","active",490309247.056135,2175928.02824764
"state54","female","without_children","care","informal","daily_living","active",165188252.245727,609868.172739869
"state34","female","without_children","care","informal","daily_living","active",519360153.768189,2334531.42898656
"state32","female","without_children","care","informal","daily_living","active",151221067.758951,667499.280741953
"state47","female","without_children","care","informal","daily_living","active",426672190.384794,1740551.59224005
"state36","female","without_children","care","informal","daily_living","active",953011639.503713,4343107.5969461
"state48","female","without_children","care","informal","daily_living","active",1678971102.39586,7168276.5853038
"state06","female","without_children","care","informal","daily_living","active",1871152384.41003,7781038.71615368
"state20","female","without_children","care","informal","daily_living","active",188680883.558784,746363.46739544
"state01","female","without_children","care","informal","daily_living","active",257948606.920446,1092394.64165517
"state18","female","without_children","care","informal","daily_living","active",440753098.470213,1847540.12219031
"state55","female","without_children","care","informal","daily_living","active",396978491.965908,1616234.08303263
"state49","female","without_children","care","informal","daily_living","active",181688010.521518,845573.575288598
"state41","female","without_children","care","informal","daily_living","active",310540120.048576,1339440.30511471
"state26","female","without_children","care","informal","daily_living","active",589637141.121523,2430416.81797413
"state29","female","without_children","care","informal","daily_living","active",364538882.367874,1749235.96364458
"state53","female","without_children","care","informal","daily_living","active",563040911.908447,2251585.41066209
"state21","female","without_children","care","informal","daily_living","active",351002429.164701,1346400.70386012
"state24","female","without_children","care","informal","daily_living","active",395967522.697877,1658717.20639813
"state05","female","without_children","care","informal","daily_living","active",216910935.37388,862956.495767999
"state27","female","without_children","care","informal","daily_living","active",347080348.709436,1500172.25986313
"state25","female","without_children","care","informal","daily_living","active",376101124.063296,1785883.37086461
"state28","female","without_children","care","informal","daily_living","active",164575800.589932,740526.406412969
"state51","female","without_children","care","informal","daily_living","active",571705828.829779,2382324.40733774
"state35","female","without_children","care","informal","daily_living","active",136584457.58462,631212.779567583
"state44","female","without_children","care","informal","daily_living","active",78863130.130051,361922.824044541
"state30","female","without_children","care","informal","daily_living","active",80411079.4247076,272323.427776587
"state15","female","without_children","care","informal","daily_living","active",48403210.9000942,224610.514317729
"state50","female","without_children","care","informal","daily_living","active",44665970.629762,181503.786608438
"state09","female","without_children","care","informal","daily_living","active",204400002.618345,890624.420974272
"state16","female","without_children","care","informal","daily_living","active",112713013.22133,388469.032099681
"state08","female","without_children","care","informal","daily_living","active",394202604.505571,1501230.46820765
"state33","female","without_children","care","informal","daily_living","active",105467068.703859,402219.614266193
"state22","female","without_children","care","informal","daily_living","active",217718632.36183,962654.709150825
"state46","female","without_children","care","informal","daily_living","active",36088813.9615543,208628.051254966
"state38","female","without_children","care","informal","daily_living","active",58986317.0741864,180365.080333514
"state23","female","without_children","care","informal","daily_living","active",135263438.142191,459471.326421972
"state31","female","without_children","care","informal","daily_living","active",127683811.294862,569768.438759808
"state10","female","without_children","care","informal","daily_living","active",72330073.5597934,300526.830066809
"state02","female","without_children","care","informal","daily_living","active",25674899.3263986,94680.1506758805
"state56","female","without_children","care","informal","daily_living","active",59925018.8950907,178490.090346785
"state11","female","without_children","care","informal","daily_living","active",52150697.5204063,258432.687003407
"national","female","without_children","care","informal","daily_living","active",19253817441.5004,81033146.7856188
"state04","female","without_children","care","informal","developmental","active",21758493.1423917,1526226.91001381
"state06","female","without_children","care","informal","developmental","active",91455023.2181784,7781038.71615368
"state34","female","without_children","care","informal","developmental","active",17830600.0543295,2334531.42898656
"state26","female","without_children","care","informal","developmental","passive_child",30523436.3562145,2430416.81797413
"state39","female","without_children","care","informal","developmental","active",38049303.7132867,3635512.39069661
"state54","female","without_children","care","informal","developmental","active",11530430.6455511,609868.172739869
"state17","female","without_children","care","informal","developmental","passive_child",62595874.5320739,2922869.07434392
"state06","female","without_children","care","informal","developmental","passive_child",214070906.749089,7781038.71615368
"state19","female","without_children","care","informal","developmental","passive_child",14501808.5410625,972850.264440122
"state28","female","without_children","care","informal","developmental","active",13026050.3447753,740526.406412969
"state28","female","without_children","care","informal","developmental","passive_child",24979605.953669,740526.406412969
"state47","female","without_children","care","informal","developmental","active",28198648.6603602,1740551.59224005
"state47","female","without_children","care","informal","developmental","passive_child",38644050.7640254,1740551.59224005
"state42","female","without_children","care","informal","developmental","active",41025842.5905427,3242678.84602328
"state42","female","without_children","care","informal","developmental","passive_child",50838410.0366662,3242678.84602328
"state20","female","without_children","care","informal","developmental","active",14139860.4399408,746363.46739544
"state48","female","without_children","care","informal","developmental","active",98123688.1536915,7168276.5853038
"state48","female","without_children","care","informal","developmental","passive_child",75359084.1570906,7168276.5853038
"state37","female","without_children","care","informal","developmental","active",30207394.9844895,2175928.02824764
"state39","female","without_children","care","informal","developmental","passive_child",60491143.5075431,3635512.39069661
"state37","female","without_children","care","informal","developmental","passive_child",67664540.6345666,2175928.02824764
"state32","female","without_children","care","informal","developmental","active",8134746.97810161,667499.280741953
"state08","female","without_children","care","informal","developmental","active",22322677.1834572,1501230.46820765
"state08","female","without_children","care","informal","developmental","passive_child",33545886.1454268,1501230.46820765
"state30","female","without_children","care","informal","developmental","passive_child",3492260.1315754,272323.427776587
"state30","female","without_children","care","informal","developmental","active",3551338.77594986,272323.427776587
"state27","female","without_children","care","informal","developmental","passive_child",14439384.698063,1500172.25986313
"state36","female","without_children","care","informal","developmental","passive_child",73476972.8269431,4343107.5969461
"state12","female","without_children","care","informal","developmental","passive_child",69924844.6659513,4932085.33472658
"state12","female","without_children","care","informal","developmental","active",57511856.0004373,4932085.33472658
"state20","female","without_children","care","informal","developmental","passive_child",4419079.8384458,746363.46739544
"state16","female","without_children","care","informal","developmental","passive_child",10305509.7982718,388469.032099681
"state16","female","without_children","care","informal","developmental","active",3921147.95510337,388469.032099681
"state13","female","without_children","care","informal","developmental","passive_child",28935724.5139447,2246595.63587283
"state17","female","without_children","care","informal","developmental","active",49816629.2417643,2922869.07434392
"state21","female","without_children","care","informal","developmental","active",15132069.9889817,1346400.70386012
"state46","female","without_children","care","informal","developmental","active",3518029.82184139,208628.051254966
"state46","female","without_children","care","informal","developmental","passive_child",9175539.61541392,208628.051254966
"state45","female","without_children","care","informal","developmental","passive_child",48854197.9487363,1610919.92026756
"state49","female","without_children","care","informal","developmental","passive_child",9070071.2042577,845573.575288598
"state13","female","without_children","care","informal","developmental","active",25009332.523733,2246595.63587283
"state01","female","without_children","care","informal","developmental","passive_child",23942073.1896795,1092394.64165517
"state01","female","without_children","care","informal","developmental","active",16090989.1952251,1092394.64165517
"state05","female","without_children","care","informal","developmental","active",8590875.43759275,862956.495767999
"state05","female","without_children","care","informal","developmental","passive_child",18746344.9604948,862956.495767999
"state45","female","without_children","care","informal","developmental","active",19546286.6042074,1610919.92026756
"state55","female","without_children","care","informal","developmental","active",19471296.8555839,1616234.08303263
"state49","female","without_children","care","informal","developmental","active",7981942.77759346,845573.575288598
"state53","female","without_children","care","informal","developmental","active",18342945.6693098,2251585.41066209
"state53","female","without_children","care","informal","developmental","passive_child",25870525.9163983,2251585.41066209
"state18","female","without_children","care","informal","developmental","active",29801058.7670361,1847540.12219031
"state33","female","without_children","care","informal","developmental","passive_child",9497366.69333759,402219.614266193
"state36","female","without_children","care","informal","developmental","active",66868071.1392479,4343107.5969461
"state19","female","without_children","care","informal","developmental","active",5936449.26766431,972850.264440122
"state26","female","without_children","care","informal","developmental","active",53834557.8148547,2430416.81797413
"state29","female","without_children","care","informal","developmental","active",11542691.2722628,1749235.96364458
"state29","female","without_children","care","informal","developmental","passive_child",21046823.7154851,1749235.96364458
"state18","female","without_children","care","informal","developmental","passive_child",21813305.5453074,1847540.12219031
"state35","female","without_children","care","informal","developmental","active",9349631.94910191,631212.779567583
"state35","female","without_children","care","informal","developmental","passive_child",8625064.17070214,631212.779567583
"state23","female","without_children","care","informal","developmental","passive_child",1856757.20325105,459471.326421972
"state23","female","without_children","care","informal","developmental","active",639500.862461745,459471.326421972
"state41","female","without_children","care","informal","developmental","passive_child",4746300.45988815,1339440.30511471
"state41","female","without_children","care","informal","developmental","active",9167022.56020679,1339440.30511471
"state40","female","without_children","care","informal","developmental","active",10008763.93852,859707.538535494
"state31","female","without_children","care","informal","developmental","passive_child",7472701.42347579,569768.438759808
"state25","female","without_children","care","informal","developmental","active",19754046.5010594,1785883.37086461
"state33","female","without_children","care","informal","developmental","active",2330832.21955912,402219.614266193
"state51","female","without_children","care","informal","developmental","active",16543175.652791,2382324.40733774
"state25","female","without_children","care","informal","developmental","passive_child",4371774.77287571,1785883.37086461
"state09","female","without_children","care","informal","developmental","passive_child",8600249.73287768,890624.420974272
"state09","female","without_children","care","informal","developmental","active",3798562.99052865,890624.420974272
"state27","female","without_children","care","informal","developmental","active",15238144.9197478,1500172.25986313
"state22","female","without_children","care","informal","developmental","passive_child",18552490.2133126,962654.709150825
"state22","female","without_children","care","informal","developmental","active",6795946.56903922,962654.709150825
"state44","female","without_children","care","informal","developmental","active",6959743.34237339,361922.824044541
"state44","female","without_children","care","informal","developmental","passive_child",2933391.21252456,361922.824044541
"state04","female","without_children","care","informal","developmental","passive_child",29674789.642223,1526226.91001381
"state50","female","without_children","care","informal","developmental","active",1093180.03895656,181503.786608438
"state15","female","without_children","care","informal","developmental","passive_child",1030063.98975922,224610.514317729
"state51","female","without_children","care","informal","developmental","passive_child",26534950.1372764,2382324.40733774
"state34","female","without_children","care","informal","developmental","passive_child",12344733.9016743,2334531.42898656
"state21","female","without_children","care","informal","developmental","passive_child",23319028.4331678,1346400.70386012
"state55","female","without_children","care","informal","developmental","passive_child",20861654.2243599,1616234.08303263
"state40","female","without_children","care","informal","developmental","passive_child",21195853.7503551,859707.538535494
"state11","female","without_children","care","informal","developmental","active",865059.758810574,258432.687003407
"state54","female","without_children","care","informal","developmental","passive_child",6627024.43314113,609868.172739869
"state32","female","without_children","care","informal","developmental","passive_child",3976788.28228877,667499.280741953
"state24","female","without_children","care","informal","developmental","active",20369333.6341244,1658717.20639813
"state24","female","without_children","care","informal","developmental","passive_child",12619915.1466054,1658717.20639813
"state56","female","without_children","care","informal","developmental","active",758655.972589609,178490.090346785
"state02","female","without_children","care","informal","developmental","passive_child",530940.600356972,94680.1506758805
"state31","female","without_children","care","informal","developmental","active",15587672.6203689,569768.438759808
"state15","female","without_children","care","informal","developmental","active",4945999.07347394,224610.514317729
"state11","female","without_children","care","informal","developmental","passive_child",1841636.47717565,258432.687003407
"state02","female","without_children","care","informal","developmental","active",646154.948054827,94680.1506758805
"state38","female","without_children","care","informal","developmental","passive_child",414710.315173677,180365.080333514
"state10","female","without_children","care","informal","developmental","passive_child",5414395.28205999,300526.830066809
"state10","female","without_children","care","informal","developmental","active",1312184.18618415,300526.830066809
"state50","female","without_children","care","informal","developmental","passive_child",591263.269930258,181503.786608438
"national","female","without_children","care","informal","developmental","active",998433940.955437,81033146.7856188
"national","female","without_children","care","informal","developmental","passive_child",1290361249.71419,81033146.7856188
"state12","female","without_children","care","informal","health","passive_elder",57670933.8470246,4932085.33472658
"state17","female","without_children","care","informal","health","active",48351340.06426,2922869.07434392
"state37","female","without_children","care","informal","health","passive_elder",31181449.9779577,2175928.02824764
"state54","female","without_children","care","informal","health","active",10195666.4037437,609868.172739869
"state47","female","without_children","care","informal","health","active",34396515.9403103,1740551.59224005
"state42","female","without_children","care","informal","health","active",47249718.9835763,3242678.84602328
"state49","female","without_children","care","informal","health","active",10016411.3261667,845573.575288598
"state06","female","without_children","care","informal","health","active",128082539.874158,7781038.71615368
"state29","female","without_children","care","informal","health","active",38096959.7888541,1749235.96364458
"state20","female","without_children","care","informal","health","passive_elder",11481870.9461067,746363.46739544
"state17","female","without_children","care","informal","health","passive_elder",33529815.742599,2922869.07434392
"state41","female","without_children","care","informal","health","passive_elder",28944921.0257007,1339440.30511471
"state12","female","without_children","care","informal","health","active",91792244.5886089,4932085.33472658
"state05","female","without_children","care","informal","health","passive_elder",27371595.0383251,862956.495767999
"state13","female","without_children","care","informal","health","active",29363031.7687891,2246595.63587283
"state19","female","without_children","care","informal","health","active",9064992.17927557,972850.264440122
"state39","female","without_children","care","informal","health","passive_elder",33630080.516691,3635512.39069661
"state51","female","without_children","care","informal","health","active",24285566.1933418,2382324.40733774
"state35","female","without_children","care","informal","health","passive_elder",9916147.42836944,631212.779567583
"state28","female","without_children","care","informal","health","active",12662100.5443664,740526.406412969
"state34","female","without_children","care","informal","health","active",37428914.8710255,2334531.42898656
"state41","female","without_children","care","informal","health","active",24058286.7269555,1339440.30511471
"state48","female","without_children","care","informal","health","passive_elder",127170797.353803,7168276.5853038
"state37","female","without_children","care","informal","health","active",77658153.8648374,2175928.02824764
"state35","female","without_children","care","informal","health","active",14931820.3030783,631212.779567583
"state34","female","without_children","care","informal","health","passive_elder",15817375.0700702,2334531.42898656
"state09","female","without_children","care","informal","health","active",10505370.7256437,890624.420974272
"state05","female","without_children","care","informal","health","active",13079072.33408,862956.495767999
"state04","female","without_children","care","informal","health","active",30222884.3523512,1526226.91001381
"state20","female","without_children","care","informal","health","active",13271899.9212509,746363.46739544
"state39","female","without_children","care","informal","health","active",48562259.9705722,3635512.39069661
"state36","female","without_children","care","informal","health","active",76539446.925076,4343107.5969461
"state48","female","without_children","care","informal","health","active",152189890.549301,7168276.5853038
"state08","female","without_children","care","informal","health","active",19723993.4692853,1501230.46820765
"state40","female","without_children","care","informal","health","active",24742433.3213443,859707.538535494
"state01","female","without_children","care","informal","health","active",30149104.9536678,1092394.64165517
"state46","female","without_children","care","informal","health","active",1835025.11430416,208628.051254966
"state55","female","without_children","care","informal","health","active",24184020.6522983,1616234.08303263
"state21","female","without_children","care","informal","health","active",48074068.0723511,1346400.70386012
"state45","female","without_children","care","informal","health","passive_elder",36590231.7820403,1610919.92026756
"state18","female","without_children","care","informal","health","active",20357177.3841621,1847540.12219031
"state36","female","without_children","care","informal","health","passive_elder",38854146.044034,4343107.5969461
"state55","female","without_children","care","informal","health","passive_elder",21260036.1103786,1616234.08303263
"state21","female","without_children","care","informal","health","passive_elder",12946765.7842057,1346400.70386012
"state28","female","without_children","care","informal","health","passive_elder",20415159.0419599,740526.406412969
"state30","female","without_children","care","informal","health","active",1834605.19122265,272323.427776587
"state01","female","without_children","care","informal","health","passive_elder",18436480.4020765,1092394.64165517
"state53","female","without_children","care","informal","health","active",33067085.8688057,2251585.41066209
"state24","female","without_children","care","informal","health","active",39351480.3536932,1658717.20639813
"state22","female","without_children","care","informal","health","passive_elder",9510987.18632407,962654.709150825
"state27","female","without_children","care","informal","health","passive_elder",10517278.1259794,1500172.25986313
"state15","female","without_children","care","informal","health","active",4805946.46491251,224610.514317729
"state47","female","without_children","care","informal","health","passive_elder",19851496.6338428,1740551.59224005
"state13","female","without_children","care","informal","health","passive_elder",29686021.1568054,2246595.63587283
"state44","female","without_children","care","informal","health","active",3120537.99025929,361922.824044541
"state42","female","without_children","care","informal","health","passive_elder",55627424.8025976,3242678.84602328
"state45","female","without_children","care","informal","health","active",33792304.9881831,1610919.92026756
"state53","female","without_children","care","informal","health","passive_elder",24520773.8648874,2251585.41066209
"state16","female","without_children","care","informal","health","active",3538172.58200403,388469.032099681
"state27","female","without_children","care","informal","health","active",21475317.6015071,1500172.25986313
"state25","female","without_children","care","informal","health","active",37297443.856694,1785883.37086461
"state32","female","without_children","care","informal","health","active",9766065.28559863,667499.280741953
"state24","female","without_children","care","informal","health","passive_elder",10202072.5820431,1658717.20639813
"state09","female","without_children","care","informal","health","passive_elder",5301327.30063289,890624.420974272
"state23","female","without_children","care","informal","health","active",5710821.27250192,459471.326421972
"state54","female","without_children","care","informal","health","passive_elder",10676957.7490902,609868.172739869
"state04","female","without_children","care","informal","health","passive_elder",19604625.2367724,1526226.91001381
"state50","female","without_children","care","informal","health","active",3345340.76002007,181503.786608438
"state31","female","without_children","care","informal","health","active",8287247.80461855,569768.438759808
"state22","female","without_children","care","informal","health","active",16016869.8967008,962654.709150825
"state26","female","without_children","care","informal","health","active",43033395.4592889,2430416.81797413
"state26","female","without_children","care","informal","health","passive_elder",25237114.2583389,2430416.81797413
"state51","female","without_children","care","informal","health","passive_elder",35430044.5972219,2382324.40733774
"state18","female","without_children","care","informal","health","passive_elder",30693844.5359547,1847540.12219031
"state06","female","without_children","care","informal","health","passive_elder",60167686.2943725,7781038.71615368
"state30","female","without_children","care","informal","health","passive_elder",5589870.10357779,272323.427776587
"state08","female","without_children","care","informal","health","passive_elder",17902781.7683477,1501230.46820765
"state19","female","without_children","care","informal","health","passive_elder",5225380.65155306,972850.264440122
"state25","female","without_children","care","informal","health","passive_elder",12766817.8203904,1785883.37086461
"state29","female","without_children","care","informal","health","passive_elder",26376941.6525825,1749235.96364458
"state23","female","without_children","care","informal","health","passive_elder",7431559.42058823,459471.326421972
"state32","female","without_children","care","informal","health","passive_elder",7997622.53469924,667499.280741953
"state33","female","without_children","care","informal","health","passive_elder",4342660.35349369,402219.614266193
"state33","female","without_children","care","informal","health","active",2267433.65935752,402219.614266193
"state10","female","without_children","care","informal","health","active",5615788.25965027,300526.830066809
"state11","female","without_children","care","informal","health","active",549315.441958411,258432.687003407
"state50","female","without_children","care","informal","health","passive_elder",1791620.80034644,181503.786608438
"state11","female","without_children","care","informal","health","passive_elder",4651525.40680636,258432.687003407
"state44","female","without_children","care","informal","health","passive_elder",1741751.30924198,361922.824044541
"state56","female","without_children","care","informal","health","active",2276936.17365703,178490.090346785
"state02","female","without_children","care","informal","health","active",211793.011241905,94680.1506758805
"state38","female","without_children","care","informal","health","active",1885110.18314253,180365.080333514
"state49","female","without_children","care","informal","health","passive_elder",2078444.29435715,845573.575288598
"state40","female","without_children","care","informal","health","passive_elder",6743053.41940638,859707.538535494
"state31","female","without_children","care","informal","health","passive_elder",6378000.43298967,569768.438759808
"state46","female","without_children","care","informal","health","passive_elder",2872509.28028224,208628.051254966
"state16","female","without_children","care","informal","health","passive_elder",10560459.1553349,388469.032099681
"state10","female","without_children","care","informal","health","passive_elder",2150772.5824345,300526.830066809
"state15","female","without_children","care","informal","health","passive_elder",4319978.55130163,224610.514317729
"national","female","without_children","care","informal","health","passive_elder",1003167209.97394,81033146.7856188
"national","female","without_children","care","informal","health","active",1428319923.27205,81033146.7856188
"state27","male","other","care","informal","daily_living","active",32048669.4020419,197023.268580993
"state26","male","other","care","informal","daily_living","active",70863698.9019149,272989.529960401
"state48","male","other","care","informal","daily_living","active",186318032.110513,1047702.36892902
"state42","male","other","care","informal","daily_living","active",76217009.6973884,526607.405652554
"state39","male","other","care","informal","daily_living","active",79941030.3616212,299061.415287582
"state09","male","other","care","informal","daily_living","active",26395732.1442327,128732.655237932
"state04","male","other","care","informal","daily_living","active",38829181.5437948,172055.922111021
"state13","male","other","care","informal","daily_living","active",32621556.0122559,264682.662558111
"state18","male","other","care","informal","daily_living","active",46030632.1009983,173346.875672989
"state24","male","other","care","informal","daily_living","active",46084319.5179092,254680.616538396
"state36","male","other","care","informal","daily_living","active",131664367.976375,704665.204513164
"state34","male","other","care","informal","daily_living","active",66640184.3507411,405561.277168081
"state44","male","other","care","informal","daily_living","active",10662601.8154363,52714.2262080373
"state51","male","other","care","informal","daily_living","active",87592009.7439523,399904.518361266
"state17","male","other","care","informal","daily_living","active",90906954.1688113,510509.833868751
"state06","male","other","care","informal","daily_living","active",219541455.132853,1198586.09837663
"state47","male","other","care","informal","daily_living","active",48573100.133712,270193.081619374
"state10","male","other","care","informal","daily_living","active",4059925.59734521,24142.7147561184
"state54","male","other","care","informal","daily_living","active",10679046.9991587,73525.8397295858
"state49","male","other","care","informal","daily_living","active",14982147.7683131,95609.657466371
"state16","male","other","care","informal","daily_living","active",7806132.54501711,28887.983696297
"state41","male","other","care","informal","daily_living","active",29932246.7374853,149035.042467685
"state22","male","other","care","informal","daily_living","active",39976438.7730906,151677.652900659
"state31","male","other","care","informal","daily_living","active",14479325.9070862,53163.4384843063
"state30","male","other","care","informal","daily_living","active",9776103.57476267,43548.9684896932
"state40","male","other","care","informal","daily_living","active",20598535.9739649,93815.7993788356
"state12","male","other","care","informal","daily_living","active",120007250.876572,691209.926078725
"state35","male","other","care","informal","daily_living","active",16832504.6594185,77968.9444923452
"state21","male","other","care","informal","daily_living","active",15937011.4356798,99695.062279874
"state29","male","other","care","informal","daily_living","active",33243680.3113043,176196.06011014
"state37","male","other","care","informal","daily_living","active",44293672.9454766,294830.417783068
"state05","male","other","care","informal","daily_living","active",29185500.2728246,89223.1320925403
"state25","male","other","care","informal","daily_living","active",39877774.7953629,252832.12494238
"state55","male","other","care","informal","daily_living","active",22551996.3689643,142270.392864802
"state08","male","other","care","informal","daily_living","active",22600221.334691,196299.794927231
"state53","male","other","care","informal","daily_living","active",63955130.0935734,283204.520908905
"state28","male","other","care","informal","daily_living","active",18046132.881731,114448.872702665
"state11","male","other","care","informal","daily_living","active",1377557.80328407,16565.5481709381
"state38","male","other","care","informal","daily_living","active",11061940.3906933,16976.7154420181
"state20","male","other","care","informal","daily_living","active",24257572.0797062,98347.5948408712
"state45","male","other","care","informal","daily_living","active",29606265.2364991,193113.714864975
"state01","male","other","care","informal","daily_living","active",27743812.2684603,136700.81708211
"state32","male","other","care","informal","daily_living","active",20971535.624006,86425.9958277879
"state33","male","other","care","informal","daily_living","active",4441049.92200938,39530.7919762411
"state19","male","other","care","informal","daily_living","active",18531387.5365454,77607.8913184077
"state50","male","other","care","informal","daily_living","active",4545730.3305206,32928.2023073101
"state23","male","other","care","informal","daily_living","active",10725174.2129016,44377.9546045688
"state46","male","other","care","informal","daily_living","active",4928994.70730587,34776.9977474756
"state02","male","other","care","informal","daily_living","active",5711819.37515995,32143.812067389
"state15","male","other","care","informal","daily_living","active",30991816.6204763,61058.5623502488
"state56","male","other","care","informal","daily_living","active",6016110.19731849,24064.440789274
"national","male","other","care","informal","daily_living","active",2070662081.27126,10905222.3465861
"state04","male","other","care","informal","developmental","passive_child",837229.028894712,172055.922111021
"state51","male","other","care","informal","developmental","active",1989686.60571707,399904.518361266
"state51","male","other","care","informal","developmental","passive_child",8647157.32953738,399904.518361266
"state22","male","other","care","informal","developmental","active",177131.577594608,151677.652900659
"state22","male","other","care","informal","developmental","passive_child",3435496.06249801,151677.652900659
"state30","male","other","care","informal","developmental","passive_child",2694036.60704152,43548.9684896932
"state18","male","other","care","informal","developmental","passive_child",132090.137972463,173346.875672989
"state48","male","other","care","informal","developmental","active",6685451.43609848,1047702.36892902
"state21","male","other","care","informal","developmental","active",6131328.53782097,99695.062279874
"state37","male","other","care","informal","developmental","passive_child",1175043.97591733,294830.417783068
"state13","male","other","care","informal","developmental","passive_child",8182188.40761459,264682.662558111
"state13","male","other","care","informal","developmental","active",265793.26773563,264682.662558111
"state39","male","other","care","informal","developmental","active",4522764.1154598,299061.415287582
"state39","male","other","care","informal","developmental","passive_child",6481921.47327231,299061.415287582
"state48","male","other","care","informal","developmental","passive_child",8800027.44691325,1047702.36892902
"state01","male","other","care","informal","developmental","passive_child",1813166.33184533,136700.81708211
"state29","male","other","care","informal","developmental","active",159578.67322297,176196.06011014
"state12","male","other","care","informal","developmental","passive_child",4875878.16790882,691209.926078725
"state12","male","other","care","informal","developmental","active",297471.25303371,691209.926078725
"state26","male","other","care","informal","developmental","active",1160768.72111901,272989.529960401
"state36","male","other","care","informal","developmental","passive_child",13005885.1011054,704665.204513164
"state45","male","other","care","informal","developmental","passive_child",9288311.8528347,193113.714864975
"state55","male","other","care","informal","developmental","passive_child",388507.221349781,142270.392864802
"state06","male","other","care","informal","developmental","active",2757619.1495013,1198586.09837663
"state06","male","other","care","informal","developmental","passive_child",4037183.77435632,1198586.09837663
"state34","male","other","care","informal","developmental","passive_child",1871515.13823281,405561.277168081
"state32","male","other","care","informal","developmental","passive_child",3638173.20068589,86425.9958277879
"state32","male","other","care","informal","developmental","active",474544.330524247,86425.9958277879
"state47","male","other","care","informal","developmental","passive_child",1871311.95636549,270193.081619374
"state25","male","other","care","informal","developmental","passive_child",1999502.89154919,252832.12494238
"state25","male","other","care","informal","developmental","active",1163347.13690135,252832.12494238
"state31","male","other","care","informal","developmental","passive_child",621491.779721425,53163.4384843063
"state47","male","other","care","informal","developmental","active",721690.345327518,270193.081619374
"state05","male","other","care","informal","developmental","active",54545.2554697973,89223.1320925403
"state01","male","other","care","informal","developmental","active",230366.96735349,136700.81708211
"state17","male","other","care","informal","developmental","passive_child",6131625.86026164,510509.833868751
"state37","male","other","care","informal","developmental","active",353010.201712959,294830.417783068
"state54","male","other","care","informal","developmental","active",843363.16726785,73525.8397295858
"state26","male","other","care","informal","developmental","passive_child",106231.293527425,272989.529960401
"state04","male","other","care","informal","developmental","active",1107241.79120898,172055.922111021
"state29","male","other","care","informal","developmental","passive_child",7223897.40980646,176196.06011014
"state44","male","other","care","informal","developmental","passive_child",1851612.02819168,52714.2262080373
"state36","male","other","care","informal","developmental","active",137580.389006962,704665.204513164
"state40","male","other","care","informal","developmental","active",372248.010768345,93815.7993788356
"state40","male","other","care","informal","developmental","passive_child",744496.02153669,93815.7993788356
"state21","male","other","care","informal","developmental","passive_child",4726363.04196479,99695.062279874
"state24","male","other","care","informal","developmental","passive_child",2222410.20582472,254680.616538396
"state24","male","other","care","informal","developmental","active",251087.212156833,254680.616538396
"state08","male","other","care","informal","developmental","passive_child",4329027.5829485,196299.794927231
"state20","male","other","care","informal","developmental","active",527233.665297781,98347.5948408712
"state49","male","other","care","informal","developmental","active",1427150.46939041,95609.657466371
"state49","male","other","care","informal","developmental","passive_child",3448946.96769349,95609.657466371
"state15","male","other","care","informal","developmental","passive_child",3543699.55494069,61058.5623502488
"national","male","other","care","informal","developmental","passive_child",118124427.852313,10905222.3465861
"national","male","other","care","informal","developmental","active",31811002.2796901,10905222.3465861
"state48","male","other","care","informal","health","active",12792374.4597928,1047702.36892902
"state13","male","other","care","informal","health","active",7859098.48800668,264682.662558111
"state13","male","other","care","informal","health","passive_elder",5488401.6774968,264682.662558111
"state26","male","other","care","informal","health","active",4454663.8465706,272989.529960401
"state51","male","other","care","informal","health","active",5606308.76162292,399904.518361266
"state34","male","other","care","informal","health","active",590735.862644118,405561.277168081
"state54","male","other","care","informal","health","passive_elder",5913596.53476726,73525.8397295858
"state41","male","other","care","informal","health","active",1851042.27042021,149035.042467685
"state53","male","other","care","informal","health","active",7303281.594079,283204.520908905
"state40","male","other","care","informal","health","active",49741.6229960115,93815.7993788356
"state12","male","other","care","informal","health","active",7084927.25663714,691209.926078725
"state21","male","other","care","informal","health","active",1495112.14760665,99695.062279874
"state05","male","other","care","informal","health","active",582362.325314499,89223.1320925403
"state55","male","other","care","informal","health","active",3352525.17606163,142270.392864802
"state28","male","other","care","informal","health","active",7013443.5252359,114448.872702665
"state11","male","other","care","informal","health","active",427193.077439282,16565.5481709381
"state34","male","other","care","informal","health","passive_elder",167917.763093088,405561.277168081
"state41","male","other","care","informal","health","passive_elder",1188963.46657642,149035.042467685
"state29","male","other","care","informal","health","active",2379709.75755857,176196.06011014
"state47","male","other","care","informal","health","active",4478560.25103989,270193.081619374
"state47","male","other","care","informal","health","passive_elder",7428631.68485443,270193.081619374
"state06","male","other","care","informal","health","active",14425966.0875321,1198586.09837663
"state06","male","other","care","informal","health","passive_elder",8297934.0499592,1198586.09837663
"state16","male","other","care","informal","health","active",1324109.24142788,28887.983696297
"state39","male","other","care","informal","health","active",934912.351892811,299061.415287582
"state09","male","other","care","informal","health","active",3432406.16100596,128732.655237932
"state17","male","other","care","informal","health","active",6076993.72277921,510509.833868751
"state42","male","other","care","informal","health","active",8973156.88002474,526607.405652554
"state29","male","other","care","informal","health","passive_elder",3230064.32487909,176196.06011014
"state37","male","other","care","informal","health","active",5730108.90397907,294830.417783068
"state17","male","other","care","informal","health","passive_elder",27978633.0212528,510509.833868751
"state21","male","other","care","informal","health","passive_elder",3845038.0348053,99695.062279874
"state20","male","other","care","informal","health","active",1150674.92733031,98347.5948408712
"state25","male","other","care","informal","health","active",2272895.33743028,252832.12494238
"state23","male","other","care","informal","health","active",82259.080523229,44377.9546045688
"state22","male","other","care","informal","health","passive_elder",155652.375555858,151677.652900659
"state18","male","other","care","informal","health","active",2045548.00729835,173346.875672989
"state18","male","other","care","informal","health","passive_elder",10128941.9535046,173346.875672989
"state35","male","other","care","informal","health","active",851130.205326342,77968.9444923452
"state08","male","other","care","informal","health","active",3743876.81765099,196299.794927231
"state08","male","other","care","informal","health","passive_elder",750206.324763766,196299.794927231
"state46","male","other","care","informal","health","active",684283.619527699,34776.9977474756
"state49","male","other","care","informal","health","active",908062.395470904,95609.657466371
"state53","male","other","care","informal","health","passive_elder",3608635.95188481,283204.520908905
"state51","male","other","care","informal","health","passive_elder",11551808.7373098,399904.518361266
"state24","male","other","care","informal","health","active",5356772.78352974,254680.616538396
"state36","male","other","care","informal","health","active",2005455.9949374,704665.204513164
"state20","male","other","care","informal","health","passive_elder",163590.277042849,98347.5948408712
"state39","male","other","care","informal","health","passive_elder",30080954.3016775,299061.415287582
"state49","male","other","care","informal","health","passive_elder",201008.244981436,95609.657466371
"state19","male","other","care","informal","health","active",457209.457403169,77607.8913184077
"state19","male","other","care","informal","health","passive_elder",953832.99353714,77607.8913184077
"state32","male","other","care","informal","health","active",43808.3750635206,86425.9958277879
"state45","male","other","care","informal","health","active",104151.006114636,193113.714864975
"state45","male","other","care","informal","health","passive_elder",39888.1139251726,193113.714864975
"state01","male","other","care","informal","health","active",594491.202986101,136700.81708211
"state54","male","other","care","informal","health","active",9863.89669319123,73525.8397295858
"state25","male","other","care","informal","health","passive_elder",303758.170305814,252832.12494238
"state50","male","other","care","informal","health","active",121322.340960033,32928.2023073101
"state48","male","other","care","informal","health","passive_elder",1703555.81549615,1047702.36892902
"state37","male","other","care","informal","health","passive_elder",935546.592823792,294830.417783068
"state31","male","other","care","informal","health","active",219709.57141057,53163.4384843063
"state31","male","other","care","informal","health","passive_elder",1776273.20357181,53163.4384843063
"state55","male","other","care","informal","health","passive_elder",1347825.23235025,142270.392864802
"state04","male","other","care","informal","health","passive_elder",596844.741070027,172055.922111021
"state15","male","other","care","informal","health","passive_elder",1328887.33310276,61058.5623502488
"state15","male","other","care","informal","health","active",1771849.77747035,61058.5623502488
"national","male","other","care","informal","health","active",130642098.568794,10905222.3465861
"national","male","other","care","informal","health","passive_elder",129166390.920588,10905222.3465861
"state37","male","with_children","care","informal","daily_living","active",134729375.342465,847351.115032976
"state48","male","with_children","care","informal","daily_living","active",532459892.116756,3298359.33179942
"state42","male","with_children","care","informal","daily_living","active",222142407.986636,1238834.83889935
"state36","male","with_children","care","informal","daily_living","active",264761970.668056,1348698.26210061
"state06","male","with_children","care","informal","daily_living","active",578425762.433922,3511050.42428526
"state31","male","with_children","care","informal","daily_living","active",33783695.0762571,211610.845789661
"state51","male","with_children","care","informal","daily_living","active",207852086.243149,1261717.74777824
"state47","male","with_children","care","informal","daily_living","active",133604810.169877,723579.202633525
"state19","male","with_children","care","informal","daily_living","active",48916708.6623006,291373.419171376
"state53","male","with_children","care","informal","daily_living","active",179523065.08127,942771.089860898
"state22","male","with_children","care","informal","daily_living","active",75288130.114091,433342.291833828
"state29","male","with_children","care","informal","daily_living","active",116017346.216946,706944.82375123
"state20","male","with_children","care","informal","daily_living","active",65004142.3025027,391784.468408491
"state04","male","with_children","care","informal","daily_living","active",92168896.0239037,580411.348975143
"state26","male","with_children","care","informal","daily_living","active",133740801.075395,792214.190612836
"state39","male","with_children","care","informal","daily_living","active",140094069.773067,930732.772192592
"state24","male","with_children","care","informal","daily_living","active",117924140.433148,676117.879514613
"state01","male","with_children","care","informal","daily_living","active",66519661.6686114,428484.092115635
"state40","male","with_children","care","informal","daily_living","active",55678838.177423,425902.193266882
"state13","male","with_children","care","informal","daily_living","active",182913849.142024,1164057.37953222
"state08","male","with_children","care","informal","daily_living","active",95769818.043706,561569.711714321
"state44","male","with_children","care","informal","daily_living","active",10687138.9360972,71397.2513056159
"state56","male","with_children","care","informal","daily_living","active",12263692.1691894,90797.9797832921
"state25","male","with_children","care","informal","daily_living","active",121934364.515014,680466.233083652
"state28","male","with_children","care","informal","daily_living","active",51353860.5979342,279592.967131043
"state34","male","with_children","care","informal","daily_living","active",146867383.876339,923235.860522433
"state35","male","with_children","care","informal","daily_living","active",43876053.8456996,159024.289893005
"state12","male","with_children","care","informal","daily_living","active",333844975.22456,1877043.99053433
"state41","male","with_children","care","informal","daily_living","active",76991527.0071205,404346.218614516
"state21","male","with_children","care","informal","daily_living","active",75660516.538001,437412.412346068
"state09","male","with_children","care","informal","daily_living","active",63862790.4563842,348701.99667426
"state55","male","with_children","care","informal","daily_living","active",124130948.426263,730903.5803737
"state54","male","with_children","care","informal","daily_living","active",21964632.6119951,162410.169007043
"state49","male","with_children","care","informal","daily_living","active",85543159.9052341,492504.20187926
"state17","male","with_children","care","informal","daily_living","active",205447280.926296,1433584.60886069
"state45","male","with_children","care","informal","daily_living","active",46115128.2669594,312248.540257092
"state27","male","with_children","care","informal","daily_living","active",108299109.975789,699429.973995567
"state05","male","with_children","care","informal","daily_living","active",46922114.8465311,261762.616099288
"state15","male","with_children","care","informal","daily_living","active",16094197.4443201,71646.8503923781
"state16","male","with_children","care","informal","daily_living","active",28186006.2792837,202800.811913495
"state50","male","with_children","care","informal","daily_living","active",7512588.52071714,49420.8226780329
"state10","male","with_children","care","informal","daily_living","active",12641110.8406425,61680.4140176055
"state18","male","with_children","care","informal","daily_living","active",123783376.740151,716988.643987263
"state32","male","with_children","care","informal","daily_living","active",38580744.5793275,204955.173199555
"state38","male","with_children","care","informal","daily_living","active",8805788.8978082,66524.8335848663
"state11","male","with_children","care","informal","daily_living","active",8324744.81482527,51798.1496008844
"state23","male","with_children","care","informal","daily_living","active",27404392.846945,131695.98532993
"state30","male","with_children","care","informal","daily_living","active",24280344.0192347,123675.685788849
"state33","male","with_children","care","informal","daily_living","active",13369920.4233122,86506.0241187189
"state02","male","with_children","care","informal","daily_living","active",12564076.1185284,78629.1626158817
"state46","male","with_children","care","informal","daily_living","active",13530976.0945538,94339.689159754
"national","male","with_children","care","informal","daily_living","active",5388162412.49656,32072432.5660172
"state37","male","with_children","care","informal","developmental","passive_child",175530006.788941,847351.115032976
"state48","male","with_children","care","informal","developmental","active",232983454.664956,3298359.33179942
"state48","male","with_children","care","informal","developmental","passive_child",717039161.18513,3298359.33179942
"state36","male","with_children","care","informal","developmental","passive_child",260220039.967674,1348698.26210061
"state36","male","with_children","care","informal","developmental","active",88668305.896296,1348698.26210061
"state06","male","with_children","care","informal","developmental","passive_child",794963702.492672,3511050.42428526
"state06","male","with_children","care","informal","developmental","active",259170655.417352,3511050.42428526
"state31","male","with_children","care","informal","developmental","passive_child",49877579.6750069,211610.845789661
"state31","male","with_children","care","informal","developmental","active",21648326.7570224,211610.845789661
"state42","male","with_children","care","informal","developmental","passive_child",235066988.810817,1238834.83889935
"state42","male","with_children","care","informal","developmental","active",81627720.2121885,1238834.83889935
"state51","male","with_children","care","informal","developmental","passive_child",209564180.470157,1261717.74777824
"state51","male","with_children","care","informal","developmental","active",93781509.4838052,1261717.74777824
"state47","male","with_children","care","informal","developmental","active",37611797.5921994,723579.202633525
"state19","male","with_children","care","informal","developmental","passive_child",51669019.0306036,291373.419171376
"state19","male","with_children","care","informal","developmental","active",16047729.733786,291373.419171376
"state53","male","with_children","care","informal","developmental","passive_child",201768284.755702,942771.089860898
"state22","male","with_children","care","informal","developmental","active",19553563.9440941,433342.291833828
"state22","male","with_children","care","informal","developmental","passive_child",74764697.9490114,433342.291833828
"state29","male","with_children","care","informal","developmental","active",35046117.0109677,706944.82375123
"state20","male","with_children","care","informal","developmental","passive_child",88930007.7006207,391784.468408491
"state20","male","with_children","care","informal","developmental","active",30576668.3416253,391784.468408491
"state26","male","with_children","care","informal","developmental","active",70603763.5681756,792214.190612836
"state29","male","with_children","care","informal","developmental","passive_child",134210348.24578,706944.82375123
"state39","male","with_children","care","informal","developmental","active",67851701.3756038,930732.772192592
"state39","male","with_children","care","informal","developmental","passive_child",211825227.285963,930732.772192592
"state24","male","with_children","care","informal","developmental","passive_child",154350066.164688,676117.879514613
"state24","male","with_children","care","informal","developmental","active",42818459.5845073,676117.879514613
"state01","male","with_children","care","informal","developmental","active",22226628.3695526,428484.092115635
"state40","male","with_children","care","informal","developmental","passive_child",69419616.4808832,425902.193266882
"state40","male","with_children","care","informal","developmental","active",22061641.5015512,425902.193266882
"state37","male","with_children","care","informal","developmental","active",62901693.5297796,847351.115032976
"state13","male","with_children","care","informal","developmental","active",59112136.6646489,1164057.37953222
"state13","male","with_children","care","informal","developmental","passive_child",176501381.854819,1164057.37953222
"state08","male","with_children","care","informal","developmental","active",34532914.9383978,561569.711714321
"state44","male","with_children","care","informal","developmental","active",2908627.46660118,71397.2513056159
"state44","male","with_children","care","informal","developmental","passive_child",11715323.1250978,71397.2513056159
"state56","male","with_children","care","informal","developmental","passive_child",13449012.4785306,90797.9797832921
"state25","male","with_children","care","informal","developmental","passive_child",114299570.224886,680466.233083652
"state28","male","with_children","care","informal","developmental","active",12046757.3202402,279592.967131043
"state28","male","with_children","care","informal","developmental","passive_child",70232705.3966929,279592.967131043
"state34","male","with_children","care","informal","developmental","passive_child",210582887.316902,923235.860522433
"state34","male","with_children","care","informal","developmental","active",66506010.4449772,923235.860522433
"state47","male","with_children","care","informal","developmental","passive_child",129043410.461466,723579.202633525
"state35","male","with_children","care","informal","developmental","active",14923712.8106373,159024.289893005
"state08","male","with_children","care","informal","developmental","passive_child",100522676.410726,561569.711714321
"state12","male","with_children","care","informal","developmental","passive_child",382556138.001802,1877043.99053433
"state12","male","with_children","care","informal","developmental","active",119895899.440188,1877043.99053433
"state41","male","with_children","care","informal","developmental","passive_child",66036084.1310461,404346.218614516
"state41","male","with_children","care","informal","developmental","active",34415826.8154498,404346.218614516
"state21","male","with_children","care","informal","developmental","passive_child",90598055.0077552,437412.412346068
"state21","male","with_children","care","informal","developmental","active",36027887.6584097,437412.412346068
"state09","male","with_children","care","informal","developmental","passive_child",88376075.0794342,348701.99667426
"state26","male","with_children","care","informal","developmental","passive_child",167110988.534343,792214.190612836
"state55","male","with_children","care","informal","developmental","passive_child",152301098.73279,730903.5803737
"state55","male","with_children","care","informal","developmental","active",60866880.5133687,730903.5803737
"state54","male","with_children","care","informal","developmental","active",12417024.3026691,162410.169007043
"state54","male","with_children","care","informal","developmental","passive_child",40812546.3694228,162410.169007043
"state53","male","with_children","care","informal","developmental","active",70239308.0354205,942771.089860898
"state49","male","with_children","care","informal","developmental","passive_child",106136156.761061,492504.20187926
"state49","male","with_children","care","informal","developmental","active",28263740.1721313,492504.20187926
"state17","male","with_children","care","informal","developmental","passive_child",275505939.177513,1433584.60886069
"state45","male","with_children","care","informal","developmental","passive_child",61762446.1140411,312248.540257092
"state45","male","with_children","care","informal","developmental","active",14000475.4347542,312248.540257092
"state27","male","with_children","care","informal","developmental","passive_child",139913004.289888,699429.973995567
"state01","male","with_children","care","informal","developmental","passive_child",74808815.2615948,428484.092115635
"state35","male","with_children","care","informal","developmental","passive_child",24864283.6568187,159024.289893005
"state15","male","with_children","care","informal","developmental","passive_child",18634790.2416813,71646.8503923781
"state15","male","with_children","care","informal","developmental","active",5667351.01649328,71646.8503923781
"state17","male","with_children","care","informal","developmental","active",98457738.9028124,1433584.60886069
"state16","male","with_children","care","informal","developmental","active",13252652.9033925,202800.811913495
"state16","male","with_children","care","informal","developmental","passive_child",54632637.7069725,202800.811913495
"state56","male","with_children","care","informal","developmental","active",5693309.42808729,90797.9797832921
"state10","male","with_children","care","informal","developmental","passive_child",12585050.9976664,61680.4140176055
"state10","male","with_children","care","informal","developmental","active",3626937.60184992,61680.4140176055
"state18","male","with_children","care","informal","developmental","passive_child",192494039.390544,716988.643987263
"state25","male","with_children","care","informal","developmental","active",67362026.4425357,680466.233083652
"state32","male","with_children","care","informal","developmental","passive_child",44565922.3313198,204955.173199555
"state05","male","with_children","care","informal","developmental","passive_child",91294793.9671818,261762.616099288
"state38","male","with_children","care","informal","developmental","active",8481458.4301899,66524.8335848663
"state38","male","with_children","care","informal","developmental","passive_child",15590491.9310204,66524.8335848663
"state18","male","with_children","care","informal","developmental","active",47819943.2347302,716988.643987263
"state09","male","with_children","care","informal","developmental","active",22729846.9016039,348701.99667426
"state11","male","with_children","care","informal","developmental","active",7006918.19272471,51798.1496008844
"state11","male","with_children","care","informal","developmental","passive_child",9208745.1681101,51798.1496008844
"state27","male","with_children","care","informal","developmental","active",45790832.3660907,699429.973995567
"state23","male","with_children","care","informal","developmental","active",12091137.6359007,131695.98532993
"state23","male","with_children","care","informal","developmental","passive_child",26309851.7569031,131695.98532993
"state04","male","with_children","care","informal","developmental","active",38536587.3469661,580411.348975143
"state04","male","with_children","care","informal","developmental","passive_child",120517098.236965,580411.348975143
"state30","male","with_children","care","informal","developmental","passive_child",32360866.6593424,123675.685788849
"state32","male","with_children","care","informal","developmental","active",15412293.2301535,204955.173199555
"state05","male","with_children","care","informal","developmental","active",13090165.0502811,261762.616099288
"state33","male","with_children","care","informal","developmental","passive_child",15039561.0406043,86506.0241187189
"state02","male","with_children","care","informal","developmental","passive_child",15777102.0484205,78629.1626158817
"state02","male","with_children","care","informal","developmental","active",9858408.21507278,78629.1626158817
"state33","male","with_children","care","informal","developmental","active",6616319.93548435,86506.0241187189
"state30","male","with_children","care","informal","developmental","active",6420673.44762422,123675.685788849
"state46","male","with_children","care","informal","developmental","passive_child",17784193.6630499,94339.689159754
"state46","male","with_children","care","informal","developmental","active",7881744.27797796,94339.689159754
"state50","male","with_children","care","informal","developmental","active",3585590.567495,49420.8226780329
"state50","male","with_children","care","informal","developmental","passive_child",9301522.32149857,49420.8226780329
"national","male","with_children","care","informal","developmental","passive_child",6602424192.85156,32072432.5660172
"national","male","with_children","care","informal","developmental","active",2210718874.12882,32072432.5660172
"state36","male","with_children","care","informal","health","active",15310201.7737688,1348698.26210061
"state22","male","with_children","care","informal","health","active",3790752.29863012,433342.291833828
"state29","male","with_children","care","informal","health","active",11935574.7183225,706944.82375123
"state26","male","with_children","care","informal","health","active",2969863.92120889,792214.190612836
"state24","male","with_children","care","informal","health","active",3628771.6243664,676117.879514613
"state08","male","with_children","care","informal","health","passive_elder",1098479.84349688,561569.711714321
"state47","male","with_children","care","informal","health","active",4725432.85852725,723579.202633525
"state48","male","with_children","care","informal","health","active",38788342.8821983,3298359.33179942
"state50","male","with_children","care","informal","health","active",3534249.28764398,49420.8226780329
"state01","male","with_children","care","informal","health","active",855554.704055524,428484.092115635
"state12","male","with_children","care","informal","health","active",16644693.6750015,1877043.99053433
"state51","male","with_children","care","informal","health","active",24814589.2244114,1261717.74777824
"state06","male","with_children","care","informal","health","passive_elder",5014018.89922228,3511050.42428526
"state06","male","with_children","care","informal","health","active",16970847.6611998,3511050.42428526
"state39","male","with_children","care","informal","health","passive_elder",13230855.3593099,930732.772192592
"state22","male","with_children","care","informal","health","passive_elder",1519020.17934232,433342.291833828
"state42","male","with_children","care","informal","health","active",9230233.0103268,1238834.83889935
"state34","male","with_children","care","informal","health","passive_elder",494391.594563518,923235.860522433
"state17","male","with_children","care","informal","health","active",10502385.4750418,1433584.60886069
"state19","male","with_children","care","informal","health","active",2041777.67142764,291373.419171376
"state25","male","with_children","care","informal","health","active",2584548.76773646,680466.233083652
"state41","male","with_children","care","informal","health","passive_elder",1473801.02430739,404346.218614516
"state34","male","with_children","care","informal","health","active",4288802.97729153,923235.860522433
"state18","male","with_children","care","informal","health","active",1420953.85200214,716988.643987263
"state29","male","with_children","care","informal","health","passive_elder",5560439.67499563,706944.82375123
"state38","male","with_children","care","informal","health","passive_elder",197947.423936504,66524.8335848663
"state39","male","with_children","care","informal","health","active",4215284.26440044,930732.772192592
"state41","male","with_children","care","informal","health","active",7293771.38321102,404346.218614516
"state13","male","with_children","care","informal","health","active",6313548.61785113,1164057.37953222
"state49","male","with_children","care","informal","health","passive_elder",5459004.95403417,492504.20187926
"state13","male","with_children","care","informal","health","passive_elder",2209287.86521883,1164057.37953222
"state40","male","with_children","care","informal","health","active",663752.647136465,425902.193266882
"state37","male","with_children","care","informal","health","active",11968391.818345,847351.115032976
"state05","male","with_children","care","informal","health","active",3447030.23996924,261762.616099288
"state21","male","with_children","care","informal","health","active",2111068.8096732,437412.412346068
"state20","male","with_children","care","informal","health","active",958004.014272281,391784.468408491
"state56","male","with_children","care","informal","health","active",2637729.51217552,90797.9797832921
"state53","male","with_children","care","informal","health","passive_elder",4200426.14055626,942771.089860898
"state04","male","with_children","care","informal","health","active",3565044.76284116,580411.348975143
"state45","male","with_children","care","informal","health","passive_elder",597938.997855973,312248.540257092
"state35","male","with_children","care","informal","health","active",3845094.72342857,159024.289893005
"state16","male","with_children","care","informal","health","active",12566956.6082338,202800.811913495
"state08","male","with_children","care","informal","health","active",2641698.10564729,561569.711714321
"state48","male","with_children","care","informal","health","passive_elder",4993158.63738622,3298359.33179942
"state26","male","with_children","care","informal","health","passive_elder",613693.518019923,792214.190612836
"state27","male","with_children","care","informal","health","active",709733.149426862,699429.973995567
"state55","male","with_children","care","informal","health","passive_elder",1539027.61748487,730903.5803737
"state54","male","with_children","care","informal","health","active",805521.871455995,162410.169007043
"state20","male","with_children","care","informal","health","passive_elder",746343.13192377,391784.468408491
"state33","male","with_children","care","informal","health","active",140667.606589512,86506.0241187189
"state45","male","with_children","care","informal","health","active",426187.114715628,312248.540257092
"state04","male","with_children","care","informal","health","passive_elder",3770125.87980354,580411.348975143
"state25","male","with_children","care","informal","health","passive_elder",13835.4713756466,680466.233083652
"state49","male","with_children","care","informal","health","active",5891099.79199375,492504.20187926
"state36","male","with_children","care","informal","health","passive_elder",2549367.35881351,1348698.26210061
"state17","male","with_children","care","informal","health","passive_elder",622336.306651742,1433584.60886069
"state53","male","with_children","care","informal","health","active",2063924.15153913,942771.089860898
"state21","male","with_children","care","informal","health","passive_elder",2078861.21775704,437412.412346068
"state12","male","with_children","care","informal","health","passive_elder",2933418.4559313,1877043.99053433
"state09","male","with_children","care","informal","health","passive_elder",426158.0515964,348701.99667426
"state32","male","with_children","care","informal","health","passive_elder",2655224.89550663,204955.173199555
"state15","male","with_children","care","informal","health","passive_elder",303408.976562904,71646.8503923781
"state15","male","with_children","care","informal","health","active",98456.3477640603,71646.8503923781
"state28","male","with_children","care","informal","health","active",3384315.24853222,279592.967131043
"state02","male","with_children","care","informal","health","active",353477.540797065,78629.1626158817
"state55","male","with_children","care","informal","health","active",3683090.5212865,730903.5803737
"state09","male","with_children","care","informal","health","active",127312.172782836,348701.99667426
"state32","male","with_children","care","informal","health","active",980330.337821473,204955.173199555
"state24","male","with_children","care","informal","health","passive_elder",55677.8817395036,676117.879514613
"state47","male","with_children","care","informal","health","passive_elder",2094994.56510657,723579.202633525
"state05","male","with_children","care","informal","health","passive_elder",972287.633079616,261762.616099288
"state42","male","with_children","care","informal","health","passive_elder",705722.384753458,1238834.83889935
"state40","male","with_children","care","informal","health","passive_elder",5600865.86890564,425902.193266882
"state51","male","with_children","care","informal","health","passive_elder",10210902.0776145,1261717.74777824
"state31","male","with_children","care","informal","health","active",5696.82376892055,211610.845789661
"state10","male","with_children","care","informal","health","active",24278.5945781918,61680.4140176055
"state37","male","with_children","care","informal","health","passive_elder",258625.779515507,847351.115032976
"state19","male","with_children","care","informal","health","passive_elder",1492098.93534087,291373.419171376
"state02","male","with_children","care","informal","health","passive_elder",29511.2887210685,78629.1626158817
"state46","male","with_children","care","informal","health","active",23675.7942049425,94339.689159754
"national","male","with_children","care","informal","health","active",254982718.957603,32072432.5660172
"national","male","with_children","care","informal","health","passive_elder",85721257.8904299,32072432.5660172
"state04","male","without_children","care","informal","daily_living","active",323532442.446014,1785428.86386914
"state39","male","without_children","care","informal","daily_living","active",629382980.133322,3187353.55088113
"state13","male","without_children","care","informal","daily_living","active",519140912.302604,2747952.21033432
"state06","male","without_children","care","informal","daily_living","active",1308357835.18243,7874275.71922847
"state25","male","without_children","care","informal","daily_living","active",281346005.814298,1759465.1875431
"state19","male","without_children","care","informal","daily_living","active",165450141.607125,975430.367864289
"state27","male","without_children","care","informal","daily_living","active",323646940.321513,1957110.95793032
"state37","male","without_children","care","informal","daily_living","active",471363983.915052,2701725.70533205
"state34","male","without_children","care","informal","daily_living","active",353732838.389499,2212036.9672424
"state36","male","without_children","care","informal","daily_living","active",714002186.846391,4400224.67343376
"state48","male","without_children","care","informal","daily_living","active",1099315793.37851,6918551.16440457
"state51","male","without_children","care","informal","daily_living","active",376873326.049575,2340438.28990755
"state26","male","without_children","care","informal","daily_living","active",421060100.338795,2496750.23942744
"state23","male","without_children","care","informal","daily_living","active",83862945.4995253,430295.091346064
"state24","male","without_children","care","informal","daily_living","active",269591555.537725,1757025.36787873
"state08","male","without_children","care","informal","daily_living","active",295219259.913712,1706313.87655299
"state42","male","without_children","care","informal","daily_living","active",579182250.829645,3195367.63207009
"state47","male","without_children","care","informal","daily_living","active",282876655.923622,1777512.06145687
"state29","male","without_children","care","informal","daily_living","active",291343032.056817,1756293.61777324
"state12","male","without_children","care","informal","daily_living","active",890969582.39387,5050698.65642368
"state46","male","without_children","care","informal","daily_living","active",47983436.3201422,246315.039911592
"state45","male","without_children","care","informal","daily_living","active",250850378.568928,1411649.35355598
"state55","male","without_children","care","informal","daily_living","active",312304002.166938,1802817.71097037
"state18","male","without_children","care","informal","daily_living","active",304380343.157111,1789196.38527469
"state17","male","without_children","care","informal","daily_living","active",586742420.423681,3557010.5600278
"state21","male","without_children","care","informal","daily_living","active",191444492.765696,1171186.1324434
"state22","male","without_children","care","informal","daily_living","active",154251219.015062,832176.446282654
"state10","male","without_children","care","informal","daily_living","active",50128427.0940404,207474.699341808
"state01","male","without_children","care","informal","daily_living","active",205986711.557885,1097178.64710004
"state53","male","without_children","care","informal","daily_living","active",443689593.804676,2328109.79075697
"state05","male","without_children","care","informal","daily_living","active",123693128.339134,663605.857750491
"state41","male","without_children","care","informal","daily_living","active",222626855.203331,1234095.57518473
"state54","male","without_children","care","informal","daily_living","active",106159237.186088,554968.749062814
"state50","male","without_children","care","informal","daily_living","active",38096315.8556349,153892.30872133
"state16","male","without_children","care","informal","daily_living","active",80371790.4290688,440572.304533664
"state09","male","without_children","care","informal","daily_living","active",145491623.54601,850405.646345937
"state49","male","without_children","care","informal","daily_living","active",141247385.909261,829806.3484373
"state32","male","without_children","care","informal","daily_living","active",134847282.308646,766171.978388079
"state30","male","without_children","care","informal","daily_living","active",65947010.6669224,344926.338607962
"state02","male","without_children","care","informal","daily_living","active",31937152.14043,154297.136726231
"state15","male","without_children","care","informal","daily_living","active",38055384.8925141,192958.288337047
"state44","male","without_children","care","informal","daily_living","active",29930698.2751705,184018.235183403
"state20","male","without_children","care","informal","daily_living","active",157751480.324595,992951.804374542
"state28","male","without_children","care","informal","daily_living","active",128737389.801097,626823.311792401
"state40","male","without_children","care","informal","daily_living","active",154863592.070111,970278.818202156
"state31","male","without_children","care","informal","daily_living","active",77048880.6780756,423689.190967219
"state38","male","without_children","care","informal","daily_living","active",48136105.8876272,249564.104459193
"state56","male","without_children","care","informal","daily_living","active",32254038.0939438,128608.984118708
"state35","male","without_children","care","informal","daily_living","active",128721972.9806,624948.413559676
"state11","male","without_children","care","informal","daily_living","active",61141442.5038619,398811.710172399
"state33","male","without_children","care","informal","daily_living","active",43616814.565987,254820.780609783
"national","male","without_children","care","informal","daily_living","active",14218687375.4123,82513580.8521006
"state45","male","without_children","care","informal","developmental","passive_child",18496900.1122827,1411649.35355598
"state04","male","without_children","care","informal","developmental","passive_child",29681461.4892283,1785428.86386914
"state34","male","without_children","care","informal","developmental","active",14323509.0446367,2212036.9672424
"state42","male","without_children","care","informal","developmental","passive_child",15048443.3481749,3195367.63207009
"state47","male","without_children","care","informal","developmental","passive_child",18094311.1152508,1777512.06145687
"state47","male","without_children","care","informal","developmental","active",16231992.1681221,1777512.06145687
"state21","male","without_children","care","informal","developmental","passive_child",7912188.30237627,1171186.1324434
"state16","male","without_children","care","informal","developmental","active",6274087.00362622,440572.304533664
"state16","male","without_children","care","informal","developmental","passive_child",20686319.1602032,440572.304533664
"state48","male","without_children","care","informal","developmental","active",30805980.2047526,6918551.16440457
"state55","male","without_children","care","informal","developmental","passive_child",25128573.3313735,1802817.71097037
"state55","male","without_children","care","informal","developmental","active",13667774.7534637,1802817.71097037
"state02","male","without_children","care","informal","developmental","active",288822.385227299,154297.136726231
"state21","male","without_children","care","informal","developmental","active",7204264.66112147,1171186.1324434
"state53","male","without_children","care","informal","developmental","active",12819141.1561153,2328109.79075697
"state53","male","without_children","care","informal","developmental","passive_child",12239924.0386008,2328109.79075697
"state40","male","without_children","care","informal","developmental","active",1811476.09412075,970278.818202156
"state40","male","without_children","care","informal","developmental","passive_child",1066499.13372809,970278.818202156
"state31","male","without_children","care","informal","developmental","active",2675991.94567763,423689.190967219
"state31","male","without_children","care","informal","developmental","passive_child",7577062.97179557,423689.190967219
"state17","male","without_children","care","informal","developmental","passive_child",27798026.0388167,3557010.5600278
"state17","male","without_children","care","informal","developmental","active",45309588.4295464,3557010.5600278
"state49","male","without_children","care","informal","developmental","active",3279301.87941957,829806.3484373
"state49","male","without_children","care","informal","developmental","passive_child",5017758.18119354,829806.3484373
"state39","male","without_children","care","informal","developmental","active",14710666.9027836,3187353.55088113
"state08","male","without_children","care","informal","developmental","passive_child",24886474.9081202,1706313.87655299
"state08","male","without_children","care","informal","developmental","active",16437365.2693595,1706313.87655299
"state37","male","without_children","care","informal","developmental","active",14918855.8641881,2701725.70533205
"state37","male","without_children","care","informal","developmental","passive_child",38223642.7491985,2701725.70533205
"state39","male","without_children","care","informal","developmental","passive_child",18821699.0534687,3187353.55088113
"state04","male","without_children","care","informal","developmental","active",4992543.34958707,1785428.86386914
"state36","male","without_children","care","informal","developmental","passive_child",22639594.007034,4400224.67343376
"state36","male","without_children","care","informal","developmental","active",15167304.0736955,4400224.67343376
"state29","male","without_children","care","informal","developmental","passive_child",14267155.2133999,1756293.61777324
"state18","male","without_children","care","informal","developmental","passive_child",20907920.2302998,1789196.38527469
"state45","male","without_children","care","informal","developmental","active",13690518.6591455,1411649.35355598
"state12","male","without_children","care","informal","developmental","passive_child",16799459.67838,5050698.65642368
"state12","male","without_children","care","informal","developmental","active",13464062.7684067,5050698.65642368
"state01","male","without_children","care","informal","developmental","passive_child",5185730.81752364,1097178.64710004
"state22","male","without_children","care","informal","developmental","active",1822997.08813895,832176.446282654
"state24","male","without_children","care","informal","developmental","active",8042673.74873267,1757025.36787873
"state24","male","without_children","care","informal","developmental","passive_child",22114513.4273082,1757025.36787873
"state22","male","without_children","care","informal","developmental","passive_child",13948358.738509,832176.446282654
"state26","male","without_children","care","informal","developmental","passive_child",22749563.1912314,2496750.23942744
"state46","male","without_children","care","informal","developmental","passive_child",910647.167638274,246315.039911592
"state48","male","without_children","care","informal","developmental","passive_child",35100923.1097559,6918551.16440457
"state20","male","without_children","care","informal","developmental","active",9352555.46086512,992951.804374542
"state28","male","without_children","care","informal","developmental","passive_child",11524083.6650594,626823.311792401
"state29","male","without_children","care","informal","developmental","active",3503711.4068628,1756293.61777324
"state06","male","without_children","care","informal","developmental","passive_child",44191846.7897002,7874275.71922847
"state19","male","without_children","care","informal","developmental","active",10053633.6154147,975430.367864289
"state32","male","without_children","care","informal","developmental","passive_child",7759243.58233897,766171.978388079
"state32","male","without_children","care","informal","developmental","active",2368652.23796205,766171.978388079
"state27","male","without_children","care","informal","developmental","passive_child",6431307.05413688,1957110.95793032
"state27","male","without_children","care","informal","developmental","active",14645455.3313353,1957110.95793032
"state51","male","without_children","care","informal","developmental","passive_child",9020754.29343878,2340438.28990755
"state51","male","without_children","care","informal","developmental","active",16089409.4227339,2340438.28990755
"state18","male","without_children","care","informal","developmental","active",10334800.9234423,1789196.38527469
"state38","male","without_children","care","informal","developmental","active",485142.937668562,249564.104459193
"state06","male","without_children","care","informal","developmental","active",40959035.428957,7874275.71922847
"state19","male","without_children","care","informal","developmental","passive_child",4855282.54133195,975430.367864289
"state38","male","without_children","care","informal","developmental","passive_child",1573362.44941571,249564.104459193
"state28","male","without_children","care","informal","developmental","active",6915232.47392016,626823.311792401
"state20","male","without_children","care","informal","developmental","passive_child",15356380.3291098,992951.804374542
"state13","male","without_children","care","informal","developmental","passive_child",18997616.5317741,2747952.21033432
"state13","male","without_children","care","informal","developmental","active",39634683.1256005,2747952.21033432
"state26","male","without_children","care","informal","developmental","active",8359527.10804713,2496750.23942744
"state41","male","without_children","care","informal","developmental","active",8827560.79525721,1234095.57518473
"state41","male","without_children","care","informal","developmental","passive_child",20991159.167005,1234095.57518473
"state30","male","without_children","care","informal","developmental","passive_child",3591319.6259103,344926.338607962
"state34","male","without_children","care","informal","developmental","passive_child",4282098.26364426,2212036.9672424
"state25","male","without_children","care","informal","developmental","active",11557547.7028179,1759465.1875431
"state44","male","without_children","care","informal","developmental","passive_child",2285383.12668131,184018.235183403
"state42","male","without_children","care","informal","developmental","active",17778435.5497009,3195367.63207009
"state54","male","without_children","care","informal","developmental","active",3798754.83477926,554968.749062814
"state01","male","without_children","care","informal","developmental","active",6476791.78479662,1097178.64710004
"state09","male","without_children","care","informal","developmental","passive_child",2339964.3003761,850405.646345937
"state11","male","without_children","care","informal","developmental","active",131735.048196712,398811.710172399
"state09","male","without_children","care","informal","developmental","active",2404774.81023032,850405.646345937
"state35","male","without_children","care","informal","developmental","active",4668206.42070212,624948.413559676
"state05","male","without_children","care","informal","developmental","passive_child",3506017.52656871,663605.857750491
"state05","male","without_children","care","informal","developmental","active",542394.825584088,663605.857750491
"state44","male","without_children","care","informal","developmental","active",794963.489828986,184018.235183403
"state54","male","without_children","care","informal","developmental","passive_child",392596.117983605,554968.749062814
"state11","male","without_children","care","informal","developmental","passive_child",2216621.23338786,398811.710172399
"state15","male","without_children","care","informal","developmental","passive_child",409560.257287151,192958.288337047
"state35","male","without_children","care","informal","developmental","passive_child",7227077.71612534,624948.413559676
"state23","male","without_children","care","informal","developmental","passive_child",1854869.28315459,430295.091346064
"state25","male","without_children","care","informal","developmental","passive_child",11478188.8150732,1759465.1875431
"state23","male","without_children","care","informal","developmental","active",2251514.31824643,430295.091346064
"state46","male","without_children","care","informal","developmental","active",928474.326633454,246315.039911592
"state10","male","without_children","care","informal","developmental","passive_child",2703127.5202797,207474.699341808
"state10","male","without_children","care","informal","developmental","active",1278138.76713427,207474.699341808
"state33","male","without_children","care","informal","developmental","active",633102.974846729,254820.780609783
"state33","male","without_children","care","informal","developmental","passive_child",1292585.24031207,254820.780609783
"national","male","without_children","care","informal","developmental","passive_child",629583594.944987,82513580.8521006
"national","male","without_children","care","informal","developmental","active",482713152.571432,82513580.8521006
"state37","male","without_children","care","informal","health","active",39240053.5273014,2701725.70533205
"state06","male","without_children","care","informal","health","active",78474175.8224102,7874275.71922847
"state23","male","without_children","care","informal","health","active",4391130.88322505,430295.091346064
"state19","male","without_children","care","informal","health","passive_elder",9057792.78357232,975430.367864289
"state46","male","without_children","care","informal","health","passive_elder",8850717.2609152,246315.039911592
"state46","male","without_children","care","informal","health","active",3096654.76192643,246315.039911592
"state26","male","without_children","care","informal","health","passive_elder",13323393.378677,2496750.23942744
"state18","male","without_children","care","informal","health","active",40647994.6287985,1789196.38527469
"state10","male","without_children","care","informal","health","active",15869220.3244751,207474.699341808
"state17","male","without_children","care","informal","health","active",20460795.1383857,3557010.5600278
"state54","male","without_children","care","informal","health","active",8601435.65270489,554968.749062814
"state04","male","without_children","care","informal","health","active",18975394.1854676,1785428.86386914
"state36","male","without_children","care","informal","health","active",47305955.249262,4400224.67343376
"state36","male","without_children","care","informal","health","passive_elder",46163723.314229,4400224.67343376
"state10","male","without_children","care","informal","health","passive_elder",10604452.2968903,207474.699341808
"state01","male","without_children","care","informal","health","active",13277647.7371726,1097178.64710004
"state55","male","without_children","care","informal","health","passive_elder",10924031.6870101,1802817.71097037
"state12","male","without_children","care","informal","health","active",81725484.0227733,5050698.65642368
"state32","male","without_children","care","informal","health","active",8740880.78685842,766171.978388079
"state02","male","without_children","care","informal","health","active",1643979.31165849,154297.136726231
"state25","male","without_children","care","informal","health","active",20082322.9067473,1759465.1875431
"state21","male","without_children","care","informal","health","active",12196599.2746628,1171186.1324434
"state13","male","without_children","care","informal","health","active",31041101.299473,2747952.21033432
"state09","male","without_children","care","informal","health","active",7597150.68320312,850405.646345937
"state20","male","without_children","care","informal","health","active",12437661.6810156,992951.804374542
"state47","male","without_children","care","informal","health","active",19997394.8276528,1777512.06145687
"state45","male","without_children","care","informal","health","active",14578807.0812763,1411649.35355598
"state42","male","without_children","care","informal","health","passive_elder",48600174.4135266,3195367.63207009
"state05","male","without_children","care","informal","health","active",13492488.9972843,663605.857750491
"state16","male","without_children","care","informal","health","active",16683213.7361833,440572.304533664
"state06","male","without_children","care","informal","health","passive_elder",79019250.633536,7874275.71922847
"state19","male","without_children","care","informal","health","active",8537389.88106325,975430.367864289
"state45","male","without_children","care","informal","health","passive_elder",5913438.11591465,1411649.35355598
"state29","male","without_children","care","informal","health","active",15939872.2864508,1756293.61777324
"state48","male","without_children","care","informal","health","active",85861304.8794641,6918551.16440457
"state34","male","without_children","care","informal","health","active",41174857.0311489,2212036.9672424
"state04","male","without_children","care","informal","health","passive_elder",17825781.3289848,1785428.86386914
"state28","male","without_children","care","informal","health","active",9561445.6461144,626823.311792401
"state56","male","without_children","care","informal","health","active",2297590.99611371,128608.984118708
"state39","male","without_children","care","informal","health","active",31861437.4095004,3187353.55088113
"state27","male","without_children","care","informal","health","active",19725044.7495577,1957110.95793032
"state50","male","without_children","care","informal","health","active",2188775.20264455,153892.30872133
"state51","male","without_children","care","informal","health","active",40402027.4376001,2340438.28990755
"state53","male","without_children","care","informal","health","active",27823054.7802544,2328109.79075697
"state21","male","without_children","care","informal","health","passive_elder",5493270.78477952,1171186.1324434
"state15","male","without_children","care","informal","health","active",3349295.66775291,192958.288337047
"state49","male","without_children","care","informal","health","active",10308542.2133653,829806.3484373
"state49","male","without_children","care","informal","health","passive_elder",4626384.99000807,829806.3484373
"state41","male","without_children","care","informal","health","active",12408158.718625,1234095.57518473
"state35","male","without_children","care","informal","health","active",12314255.430312,624948.413559676
"state17","male","without_children","care","informal","health","passive_elder",27803393.7363256,3557010.5600278
"state26","male","without_children","care","informal","health","active",25589875.484559,2496750.23942744
"state42","male","without_children","care","informal","health","active",38040134.3812453,3195367.63207009
"state05","male","without_children","care","informal","health","passive_elder",23723706.7278116,663605.857750491
"state13","male","without_children","care","informal","health","passive_elder",39943857.5212903,2747952.21033432
"state31","male","without_children","care","informal","health","passive_elder",7850526.91741943,423689.190967219
"state12","male","without_children","care","informal","health","passive_elder",32105873.3459786,5050698.65642368
"state34","male","without_children","care","informal","health","passive_elder",24640947.6973038,2212036.9672424
"state39","male","without_children","care","informal","health","passive_elder",37688609.3690333,3187353.55088113
"state18","male","without_children","care","informal","health","passive_elder",36433291.8089835,1789196.38527469
"state55","male","without_children","care","informal","health","active",11691953.2580908,1802817.71097037
"state40","male","without_children","care","informal","health","active",11941835.5824934,970278.818202156
"state22","male","without_children","care","informal","health","active",13037396.3983318,832176.446282654
"state08","male","without_children","care","informal","health","active",5652557.99022029,1706313.87655299
"state29","male","without_children","care","informal","health","passive_elder",11861033.7650733,1756293.61777324
"state53","male","without_children","care","informal","health","passive_elder",21787776.2231492,2328109.79075697
"state09","male","without_children","care","informal","health","passive_elder",4256982.72630531,850405.646345937
"state31","male","without_children","care","informal","health","active",6920912.10794438,423689.190967219
"state24","male","without_children","care","informal","health","active",14314919.3610902,1757025.36787873
"state11","male","without_children","care","informal","health","passive_elder",2321319.41543178,398811.710172399
"state22","male","without_children","care","informal","health","passive_elder",12097588.6518925,832176.446282654
"state30","male","without_children","care","informal","health","active",4144619.03817297,344926.338607962
"state37","male","without_children","care","informal","health","passive_elder",31723500.2901674,2701725.70533205
"state25","male","without_children","care","informal","health","passive_elder",15986354.5878871,1759465.1875431
"state48","male","without_children","care","informal","health","passive_elder",60294041.6796757,6918551.16440457
"state01","male","without_children","care","informal","health","passive_elder",14649440.2702571,1097178.64710004
"state24","male","without_children","care","informal","health","passive_elder",7277259.17926112,1757025.36787873
"state51","male","without_children","care","informal","health","passive_elder",16169525.9112606,2340438.28990755
"state54","male","without_children","care","informal","health","passive_elder",4865301.18378633,554968.749062814
"state40","male","without_children","care","informal","health","passive_elder",5386042.90026702,970278.818202156
"state41","male","without_children","care","informal","health","passive_elder",10182719.0411972,1234095.57518473
"state28","male","without_children","care","informal","health","passive_elder",6962818.4774633,626823.311792401
"state27","male","without_children","care","informal","health","passive_elder",21031477.9262577,1957110.95793032
"state47","male","without_children","care","informal","health","passive_elder",20071323.4000023,1777512.06145687
"state38","male","without_children","care","informal","health","active",5006.61573078904,249564.104459193
"state33","male","without_children","care","informal","health","active",4155265.23038078,254820.780609783
"state30","male","without_children","care","informal","health","passive_elder",964773.583612359,344926.338607962
"state20","male","without_children","care","informal","health","passive_elder",7820166.08081662,992951.804374542
"state35","male","without_children","care","informal","health","passive_elder",3912633.30540732,624948.413559676
"state16","male","without_children","care","informal","health","passive_elder",1695562.94877888,440572.304533664
"state32","male","without_children","care","informal","health","passive_elder",18559537.8936418,766171.978388079
"state33","male","without_children","care","informal","health","passive_elder",810545.463682784,254820.780609783
"state23","male","without_children","care","informal","health","passive_elder",8006934.24372292,430295.091346064
"state11","male","without_children","care","informal","health","active",1538312.32854404,398811.710172399
"state50","male","without_children","care","informal","health","passive_elder",1148369.98922832,153892.30872133
"state56","male","without_children","care","informal","health","passive_elder",2551905.76754666,128608.984118708
"state02","male","without_children","care","informal","health","passive_elder",124950.940337293,154297.136726231
"state08","male","without_children","care","informal","health","passive_elder",820520.216782356,1706313.87655299
"state44","male","without_children","care","informal","health","active",4751021.87140761,184018.235183403
"state44","male","without_children","care","informal","health","passive_elder",5551927.40113874,184018.235183403
"national","male","without_children","care","informal","health","active",996094404.498097,82513580.8521006
"national","male","without_children","care","informal","health","passive_elder",809484951.57622,82513580.8521006
"state26","female","other","non_care","informal","none","active",410932781.627365,466327.946932433
"state04","female","other","non_care","informal","none","active",378974470.465557,420544.020709665
"state37","female","other","non_care","informal","none","active",434452369.383571,404872.129179421
"state53","female","other","non_care","informal","none","active",259460943.185636,267235.476850409
"state06","female","other","non_care","informal","none","active",1603380439.94572,1706083.19553695
"state41","female","other","non_care","informal","none","active",145040933.443928,147572.153495267
"state10","female","other","non_care","informal","none","active",49127012.30414,52812.4974496603
"state35","female","other","non_care","informal","none","active",105936976.616,113378.912316265
"state13","female","other","non_care","informal","none","active",619758075.852521,636302.87939533
"state34","female","other","non_care","informal","none","active",453945108.354957,487968.985346459
"state36","female","other","non_care","informal","none","active",915003412.024694,920281.356105293
"state19","female","other","non_care","informal","none","active",131458127.433046,132898.091014422
"state48","female","other","non_care","informal","none","active",1258087329.68436,1313029.35678797
"state39","female","other","non_care","informal","none","active",679506692.936927,735226.183932836
"state12","female","other","non_care","informal","none","active",951952427.511227,951552.509770972
"state54","female","other","non_care","informal","none","active",60132964.3935794,63164.0690584784
"state45","female","other","non_care","informal","none","active",266281066.44952,278285.036104522
"state51","female","other","non_care","informal","none","active",405718988.936506,413694.56415762
"state42","female","other","non_care","informal","none","active",675956014.056182,730004.126664685
"state18","female","other","non_care","informal","none","active",343430019.344744,353517.552910545
"state17","female","other","non_care","informal","none","active",734650934.850344,780606.062605794
"state56","female","other","non_care","informal","none","active",29526352.3095544,28451.7460948641
"state29","female","other","non_care","informal","none","active",321639062.887839,337990.581038075
"state27","female","other","non_care","informal","none","active",164799193.342153,179348.896420529
"state21","female","other","non_care","informal","none","active",183980251.914002,177420.510271532
"state25","female","other","non_care","informal","none","active",362109999.529821,416600.05467695
"state28","female","other","non_care","informal","none","active",156267545.114407,146694.080485582
"state09","female","other","non_care","informal","none","active",160390688.085073,166544.655233448
"state32","female","other","non_care","informal","none","active",109445493.147674,114573.155070056
"state15","female","other","non_care","informal","none","active",64103817.913184,72677.5482746449
"state22","female","other","non_care","informal","none","active",271224777.21028,285188.001817409
"state49","female","other","non_care","informal","none","active",96627362.396045,103126.318475353
"state47","female","other","non_care","informal","none","active",238386701.485354,252262.293051797
"state40","female","other","non_care","informal","none","active",132133049.844984,129730.296851846
"state01","female","other","non_care","informal","none","active",224283787.52397,220673.431229158
"state55","female","other","non_care","informal","none","active",250695357.207221,281205.242745622
"state05","female","other","non_care","informal","none","active",166855912.798191,169723.214526782
"state24","female","other","non_care","informal","none","active",280816360.504509,314846.835445689
"state20","female","other","non_care","informal","none","active",94525122.5195802,90090.7745352411
"state23","female","other","non_care","informal","none","active",63099105.4274652,56209.8463669342
"state44","female","other","non_care","informal","none","active",18288659.9409931,19363.7588730438
"state33","female","other","non_care","informal","none","active",48618273.1092821,49637.4287984378
"state16","female","other","non_care","informal","none","active",75048886.23354,68919.8368936449
"state08","female","other","non_care","informal","none","active",178057816.239122,200624.918055218
"state30","female","other","non_care","informal","none","active",20232813.2451524,25040.8626901616
"state31","female","other","non_care","informal","none","active",111019214.292527,114336.698258595
"state02","female","other","non_care","informal","none","active",18804810.4705454,17976.3431654833
"state11","female","other","non_care","informal","none","active",12652183.5934468,16472.9728141699
"state46","female","other","non_care","informal","none","active",6997144.62254934,9264.43128859397
"state38","female","other","non_care","informal","none","active",7294815.15585242,6063.85299738356
"state50","female","other","non_care","informal","none","active",7097468.21560419,6129.63581415671
"national","female","other","non_care","informal","none","active",14758209115.0804,15452545.3285854
"state17","female","with_children","non_care","informal","none","active",1106061236.71808,1324093.9224308
"state26","female","with_children","non_care","informal","none","active",750046631.338513,865902.919488886
"state48","female","with_children","non_care","informal","none","active",3117939412.82336,3635947.08628132
"state12","female","with_children","non_care","informal","none","active",1603879083.92477,1939309.76572943
"state39","female","with_children","non_care","informal","none","active",1002239208.06749,1230101.88488314
"state37","female","with_children","non_care","informal","none","active",823257192.107155,960868.125743301
"state24","female","with_children","non_care","informal","none","active",660826017.470325,821812.969273354
"state13","female","with_children","non_care","informal","none","active",1144909701.84725,1365462.49784769
"state22","female","with_children","non_care","informal","none","active",389806381.129186,480214.519452399
"state53","female","with_children","non_care","informal","none","active",712699341.959937,829875.378915998
"state35","female","with_children","non_care","informal","none","active",226226105.277274,267893.603969845
"state23","female","with_children","non_care","informal","none","active",118789260.335129,128331.93179169
"state45","female","with_children","non_care","informal","none","active",495273828.486912,588171.330855172
"state44","female","with_children","non_care","informal","none","active",99338928.3869726,107701.238619112
"state21","female","with_children","non_care","informal","none","active",434854826.108777,485083.90241926
"state08","female","with_children","non_care","informal","none","active",532112115.951881,642675.449393008
"state04","female","with_children","non_care","informal","none","active",590627268.401828,701386.350560495
"state06","female","with_children","non_care","informal","none","active",3257971627.02706,3923918.66457601
"state36","female","with_children","non_care","informal","none","active",1598042431.44694,1906804.01588616
"state51","female","with_children","non_care","informal","none","active",927937628.920117,1119209.80598873
"state46","female","with_children","non_care","informal","none","active",162397893.504806,182745.273584793
"state40","female","with_children","non_care","informal","none","active",529687956.638463,619007.832619803
"state34","female","with_children","non_care","informal","none","active",760805746.011019,933942.500774521
"state30","female","with_children","non_care","informal","none","active",54321421.0475655,63800.4184566553
"state27","female","with_children","non_care","informal","none","active",600806648.337139,723466.406976002
"state42","female","with_children","non_care","informal","none","active",1106888088.44118,1391681.60203796
"state28","female","with_children","non_care","informal","none","active",273777240.491654,317825.017084653
"state47","female","with_children","non_care","informal","none","active",591672839.721108,687189.107754923
"state20","female","with_children","non_care","informal","none","active",300892846.086589,386279.792216801
"state09","female","with_children","non_care","informal","none","active",269771199.556696,329705.867077288
"state18","female","with_children","non_care","informal","none","active",636246824.450728,757408.056180788
"state19","female","with_children","non_care","informal","none","active",324816497.961847,404438.269577316
"state29","female","with_children","non_care","informal","none","active",541200259.600704,687197.145084313
"state31","female","with_children","non_care","informal","none","active",206162466.393283,259179.535510092
"state49","female","with_children","non_care","informal","none","active",466624162.575479,547181.948795431
"state16","female","with_children","non_care","informal","none","active",214087133.227268,242025.192945776
"state01","female","with_children","non_care","informal","none","active",372550169.86884,439551.267496081
"state02","female","with_children","non_care","informal","none","active",41345106.39207,45745.2249905266
"state41","female","with_children","non_care","informal","none","active",440781966.450976,505753.391625489
"state32","female","with_children","non_care","informal","none","active",198458171.219999,241483.87460911
"state33","female","with_children","non_care","informal","none","active",115297160.499166,135222.522844991
"state25","female","with_children","non_care","informal","none","active",764554901.555928,910660.503393542
"state55","female","with_children","non_care","informal","none","active",498560494.020881,617152.834881655
"state05","female","with_children","non_care","informal","none","active",238308569.891444,292729.198700025
"state54","female","with_children","non_care","informal","none","active",98633283.4258773,137365.916764882
"state10","female","with_children","non_care","informal","none","active",78317624.437292,92735.1694074838
"state56","female","with_children","non_care","informal","none","active",52395874.3177582,67977.5776476992
"state50","female","with_children","non_care","informal","none","active",41115943.8002333,48768.3333090603
"state38","female","with_children","non_care","informal","none","active",83930498.4002909,123645.089984445
"state15","female","with_children","non_care","informal","none","active",71841205.0904327,78626.8538700499
"state11","female","with_children","non_care","informal","none","active",47295695.5200277,58473.6778675874
"national","female","with_children","non_care","informal","none","active",29776384116.6657,35653730.7681755
"state08","female","without_children","non_care","informal","none","active",1471174026.00595,1501230.46820765
"state42","female","without_children","non_care","informal","none","active",3303500958.68373,3242678.84602328
"state45","female","without_children","non_care","informal","none","active",1658640137.20772,1610919.92026756
"state12","female","without_children","non_care","informal","none","active",4940585375.49273,4932085.33472658
"state13","female","without_children","non_care","informal","none","active",2279914046.19161,2246595.63587283
"state04","female","without_children","non_care","informal","none","active",1523956864.96272,1526226.91001381
"state40","female","without_children","non_care","informal","none","active",899656777.333643,859707.538535494
"state17","female","without_children","non_care","informal","none","active",2936231109.33524,2922869.07434392
"state19","female","without_children","non_care","informal","none","active",988461616.087171,972850.264440122
"state39","female","without_children","non_care","informal","none","active",3559542889.497,3635512.39069661
"state37","female","without_children","non_care","informal","none","active",2166854882.62718,2175928.02824764
"state54","female","without_children","non_care","informal","none","active",590994780.87394,609868.172739869
"state34","female","without_children","non_care","informal","none","active",2317417388.69822,2334531.42898656
"state32","female","without_children","non_care","informal","none","active",675392111.168971,667499.280741953
"state47","female","without_children","non_care","informal","none","active",1724549118.01545,1740551.59224005
"state36","female","without_children","non_care","informal","none","active",4344214819.29276,4343107.5969461
"state48","female","without_children","non_care","informal","none","active",7179248571.27557,7168276.5853038
"state06","female","without_children","non_care","informal","none","active",7864401303.81705,7781038.71615368
"state20","female","without_children","non_care","informal","none","active",768066202.196242,746363.46739544
"state01","female","without_children","non_care","informal","none","active",1127443578.11639,1092394.64165517
"state18","female","without_children","non_care","informal","none","active",1904177720.21057,1847540.12219031
"state55","female","without_children","non_care","informal","none","active",1618653706.38439,1616234.08303263
"state49","female","without_children","non_care","informal","none","active",850822376.7211,845573.575288598
"state41","female","without_children","non_care","informal","none","active",1373861173.70394,1339440.30511471
"state26","female","without_children","non_care","informal","none","active",2483102392.28036,2430416.81797413
"state29","female","without_children","non_care","informal","none","active",1749458613.44265,1749235.96364458
"state53","female","without_children","non_care","informal","none","active",2173130380.87919,2251585.41066209
"state21","female","without_children","non_care","informal","none","active",1312441461.37587,1346400.70386012
"state24","female","without_children","non_care","informal","none","active",1639113238.04454,1658717.20639813
"state05","female","without_children","non_care","informal","none","active",855507721.36456,862956.495767999
"state27","female","without_children","non_care","informal","none","active",1464336122.01749,1500172.25986313
"state25","female","without_children","non_care","informal","none","active",1790499551.23179,1785883.37086461
"state28","female","without_children","non_care","informal","none","active",753884640.489636,740526.406412969
"state51","female","without_children","non_care","informal","none","active",2323580212.7534,2382324.40733774
"state35","female","without_children","non_care","informal","none","active",579707023.925436,631212.779567583
"state44","female","without_children","non_care","informal","none","active",373502016.032181,361922.824044541
"state30","female","without_children","non_care","informal","none","active",259698787.763211,272323.427776587
"state15","female","without_children","non_care","informal","none","active",226079738.306214,224610.514317729
"state50","female","without_children","non_care","informal","none","active",181417556.96424,181503.786608438
"state09","female","without_children","non_care","informal","none","active",905443782.203755,890624.420974272
"state16","female","without_children","non_care","informal","none","active",367811358.295302,388469.032099681
"state33","female","without_children","non_care","informal","none","active",394062441.736457,402219.614266193
"state22","female","without_children","non_care","informal","none","active",1009870626.21434,962654.709150825
"state46","female","without_children","non_care","informal","none","active",208297122.634308,208628.051254966
"state38","female","without_children","non_care","informal","none","active",167794612.931378,180365.080333514
"state23","female","without_children","non_care","informal","none","active",463065751.76084,459471.326421972
"state31","female","without_children","non_care","informal","none","active",580090787.613549,569768.438759808
"state10","female","without_children","non_care","informal","none","active",306153910.495117,300526.830066809
"state02","female","without_children","non_care","informal","none","active",95730558.2559814,94680.1506758805
"state56","female","without_children","non_care","informal","none","active",163538947.622699,178490.090346785
"state11","female","without_children","non_care","informal","none","active",258901353.153782,258432.687003407
"national","female","without_children","non_care","informal","none","active",81153982243.6875,81033146.7856188
"state29","male","other","non_care","informal","none","active",161860076.655347,176196.06011014
"state13","male","other","non_care","informal","none","active",257880501.272842,264682.662558111
"state27","male","other","non_care","informal","none","active",196184473.376233,197023.268580993
"state21","male","other","non_care","informal","none","active",92282127.0774292,99695.062279874
"state26","male","other","non_care","informal","none","active",263660986.246764,272989.529960401
"state48","male","other","non_care","informal","none","active",987489844.000143,1047702.36892902
"state42","male","other","non_care","informal","none","active",519558285.835249,526607.405652554
"state39","male","other","non_care","informal","none","active",300090261.568526,299061.415287582
"state09","male","other","non_care","informal","none","active",118398967.092692,128732.655237932
"state04","male","other","non_care","informal","none","active",170375995.47869,172055.922111021
"state18","male","other","non_care","informal","none","active",181987972.741392,173346.875672989
"state24","male","other","non_care","informal","none","active",252137906.115044,254680.616538396
"state36","male","other","non_care","informal","none","active",724879023.139712,704665.204513164
"state34","male","other","non_care","informal","none","active",419359437.181863,405561.277168081
"state44","male","other","non_care","informal","none","active",44902016.4339978,52714.2262080373
"state51","male","other","non_care","informal","none","active",391767041.18843,399904.518361266
"state17","male","other","non_care","informal","none","active",481732260.129829,510509.833868751
"state06","male","other","non_care","informal","none","active",1171135033.07165,1198586.09837663
"state28","male","other","non_care","informal","none","active",126238136.523206,114448.872702665
"state47","male","other","non_care","informal","none","active",250827935.957741,270193.081619374
"state10","male","other","non_care","informal","none","active",24641764.9183091,24142.7147561184
"state54","male","other","non_care","informal","none","active",70645214.3127321,73525.8397295858
"state35","male","other","non_care","informal","none","active",84916880.2069736,77968.9444923452
"state49","male","other","non_care","informal","none","active",93832364.6391831,95609.657466371
"state16","male","other","non_care","informal","none","active",26860405.8300892,28887.983696297
"state41","male","other","non_care","informal","none","active",146981903.692677,149035.042467685
"state22","male","other","non_care","informal","none","active",128301651.369579,151677.652900659
"state31","male","other","non_care","informal","none","active",46703509.4238451,53163.4384843063
"state53","male","other","non_care","informal","none","active",256082907.870039,283204.520908905
"state30","male","other","non_care","informal","none","active",35550662.6284242,43548.9684896932
"state55","male","other","non_care","informal","none","active",149094178.72781,142270.392864802
"state40","male","other","non_care","informal","none","active",81640184.2995399,93815.7993788356
"state12","male","other","non_care","informal","none","active",666840817.184147,691209.926078725
"state45","male","other","non_care","informal","none","active",186652601.319669,193113.714864975
"state37","male","other","non_care","informal","none","active",277731631.093866,294830.417783068
"state05","male","other","non_care","informal","none","active",86442043.3414039,89223.1320925403
"state25","male","other","non_care","informal","none","active",228086566.876878,252832.12494238
"state08","male","other","non_care","informal","none","active",207166991.110131,196299.794927231
"state11","male","other","non_care","informal","none","active",22049638.4854275,16565.5481709381
"state38","male","other","non_care","informal","none","active",13384529.8458127,16976.7154420181
"state20","male","other","non_care","informal","none","active",100107609.636201,98347.5948408712
"state01","male","other","non_care","informal","none","active",125147575.795185,136700.81708211
"state32","male","other","non_care","informal","none","active",78029905.5037983,86425.9958277879
"state33","male","other","non_care","informal","none","active",50291879.0424002,39530.7919762411
"state19","male","other","non_care","informal","none","active",70738197.9262068,77607.8913184077
"state50","male","other","non_care","informal","none","active",28324193.5909958,32928.2023073101
"state23","male","other","non_care","informal","none","active",42645442.7610564,44377.9546045688
"state46","male","other","non_care","informal","none","active",39841961.4937927,34776.9977474756
"state02","male","other","non_care","informal","none","active",25742247.5594558,32143.812067389
"state15","male","other","non_care","informal","none","active",54510480.8202993,61058.5623502488
"state56","male","other","non_care","informal","none","active",27914751.3155578,24064.440789274
"national","male","other","non_care","informal","none","active",10589648973.7083,10905222.3465861
"state37","male","with_children","non_care","informal","none","active",767277757.050946,847351.115032976
"state48","male","with_children","non_care","informal","none","active",2877505824.20337,3298359.33179942
"state42","male","with_children","non_care","informal","none","active",1027646933.39261,1238834.83889935
"state36","male","with_children","non_care","informal","none","active",1137967891.34135,1348698.26210061
"state06","male","with_children","non_care","informal","none","active",3145682152.6943,3511050.42428526
"state31","male","with_children","non_care","informal","none","active",178315075.802409,211610.845789661
"state51","male","with_children","non_care","informal","none","active",1082738518.38927,1261717.74777824
"state47","male","with_children","non_care","informal","none","active",594538877.935617,723579.202633525
"state19","male","with_children","non_care","informal","none","active",228612955.762683,291373.419171376
"state53","male","with_children","non_care","informal","none","active",809386912.008898,942771.089860898
"state22","male","with_children","non_care","informal","none","active",352719555.530326,433342.291833828
"state29","male","with_children","non_care","informal","none","active",617854359.289762,706944.82375123
"state20","male","with_children","non_care","informal","none","active",327438369.423477,391784.468408491
"state04","male","with_children","non_care","informal","none","active",508823770.151536,580411.348975143
"state26","male","with_children","non_care","informal","none","active",656861111.61821,792214.190612836
"state39","male","with_children","non_care","informal","none","active",782254203.148796,930732.772192592
"state24","male","with_children","non_care","informal","none","active",606954678.94525,676117.879514613
"state01","male","with_children","non_care","informal","none","active",373964430.248375,428484.092115635
"state40","male","with_children","non_care","informal","none","active",348867276.601154,425902.193266882
"state13","male","with_children","non_care","informal","none","active",1002728950.32662,1164057.37953222
"state08","male","with_children","non_care","informal","none","active",474003001.318658,561569.711714321
"state44","male","with_children","non_care","informal","none","active",56256119.3261809,71397.2513056159
"state56","male","with_children","non_care","informal","none","active",80189933.943268,90797.9797832921
"state25","male","with_children","non_care","informal","none","active",560797709.571837,680466.233083652
"state28","male","with_children","non_care","informal","none","active",255466088.058331,279592.967131043
"state34","male","with_children","non_care","informal","none","active",798484038.799516,923235.860522433
"state35","male","with_children","non_care","informal","none","active",121909732.036785,159024.289893005
"state12","male","with_children","non_care","informal","none","active",1620019316.86954,1877043.99053433
"state41","male","with_children","non_care","informal","none","active",354144163.019229,404346.218614516
"state21","male","with_children","non_care","informal","none","active",387477118.76308,437412.412346068
"state09","male","with_children","non_care","informal","none","active",316500023.796697,348701.99667426
"state55","male","with_children","non_care","informal","none","active",598133119.592766,730903.5803737
"state54","male","with_children","non_care","informal","none","active",139814680.216599,162410.169007043
"state27","male","with_children","non_care","informal","none","active",614517590.53542,699429.973995567
"state49","male","with_children","non_care","informal","none","active",438804316.013637,492504.20187926
"state17","male","with_children","non_care","informal","none","active",1235238376.7304,1433584.60886069
"state45","male","with_children","non_care","informal","none","active",278639490.341869,312248.540257092
"state05","male","with_children","non_care","informal","none","active",250149322.85371,261762.616099288
"state15","male","with_children","non_care","informal","none","active",63821162.6493973,71646.8503923781
"state16","male","with_children","non_care","informal","none","active",179148986.100562,202800.811913495
"state50","male","with_children","non_care","informal","none","active",36273437.8939862,49420.8226780329
"state10","male","with_children","non_care","informal","none","active",57579613.7452875,61680.4140176055
"state18","male","with_children","non_care","informal","none","active",639902455.022994,716988.643987263
"state32","male","with_children","non_care","informal","none","active",180364758.442787,204955.173199555
"state38","male","with_children","non_care","informal","none","active",62141618.4307108,66524.8335848663
"state11","male","with_children","non_care","informal","none","active",46781110.6509592,51798.1496008844
"state23","male","with_children","non_care","informal","none","active",112833241.215251,131695.98532993
"state30","male","with_children","non_care","informal","none","active",104193237.406006,123675.685788849
"state33","male","with_children","non_care","informal","none","active",69781748.5675244,86506.0241187189
"state02","male","with_children","non_care","informal","none","active",61289152.339156,78629.1626158817
"state46","male","with_children","non_care","informal","none","active",69026333.4670047,94339.689159754
"national","male","with_children","non_care","informal","none","active",27691820601.5841,32072432.5660172
"state04","male","without_children","non_care","informal","none","active",1827481142.64217,1785428.86386914
"state39","male","without_children","non_care","informal","none","active",3297700966.82098,3187353.55088113
"state13","male","without_children","non_care","informal","none","active",2873185128.32115,2747952.21033432
"state06","male","without_children","non_care","informal","none","active",8253085535.83742,7874275.71922847
"state25","male","without_children","non_care","informal","none","active",1801074496.83658,1759465.1875431
"state19","male","without_children","non_care","informal","none","active",1002371153.11555,975430.367864289
"state27","male","without_children","non_care","informal","none","active",1972608355.18652,1957110.95793032
"state37","male","without_children","non_care","informal","none","active",2801590164.87524,2701725.70533205
"state34","male","without_children","non_care","informal","none","active",2311418267.32024,2212036.9672424
"state36","male","without_children","non_care","informal","none","active",4650527415.36096,4400224.67343376
"state48","male","without_children","non_care","informal","none","active",7033472507.51999,6918551.16440457
"state51","male","without_children","non_care","informal","none","active",2437175917.4361,2340438.28990755
"state26","male","without_children","non_care","informal","none","active",2550703134.15246,2496750.23942744
"state23","male","without_children","non_care","informal","none","active",442365354.160532,430295.091346064
"state24","male","without_children","non_care","informal","none","active",1751591441.75771,1757025.36787873
"state08","male","without_children","non_care","informal","none","active",1760145762.69546,1706313.87655299
"state42","male","without_children","non_care","informal","none","active",3259149241.17633,3195367.63207009
"state47","male","without_children","non_care","informal","none","active",1851101688.96381,1777512.06145687
"state29","male","without_children","non_care","informal","none","active",1827734385.10228,1756293.61777324
"state12","male","without_children","non_care","informal","none","active",5139140386.06839,5050698.65642368
"state46","male","without_children","non_care","informal","none","active",260009050.442876,246315.039911592
"state45","male","without_children","non_care","informal","none","active",1500405367.61875,1411649.35355598
"state55","male","without_children","non_care","informal","none","active",1852269460.37497,1802817.71097037
"state18","male","without_children","non_care","informal","none","active",1868287504.41168,1789196.38527469
"state17","male","without_children","non_care","informal","none","active",3671408512.8436,3557010.5600278
"state21","male","without_children","non_care","informal","none","active",1254194912.71794,1171186.1324434
"state22","male","without_children","non_care","informal","none","active",864700892.033759,832176.446282654
"state10","male","without_children","non_care","informal","none","active",209918608.680811,207474.699341808
"state01","male","without_children","non_care","informal","none","active",1135483172.79927,1097178.64710004
"state53","male","without_children","non_care","informal","none","active",2343718697.62602,2328109.79075697
"state05","male","without_children","non_care","informal","none","active",706336387.059943,663605.857750491
"state41","male","without_children","non_care","informal","none","active",1212778178.33707,1234095.57518473
"state54","male","without_children","non_care","informal","none","active",615464001.54458,554968.749062814
"state50","male","without_children","non_care","informal","none","active",150065833.783028,153892.30872133
"state16","male","without_children","non_care","informal","none","active",446208039.893933,440572.304533664
"state20","male","without_children","non_care","informal","none","active",1055194579.37029,992951.804374542
"state09","male","without_children","non_care","informal","none","active",883925773.713176,850405.646345937
"state49","male","without_children","non_care","informal","none","active",875892258.5209,829806.3484373
"state32","male","without_children","non_care","informal","none","active",748557477.766261,766171.978388079
"state30","male","without_children","non_care","informal","none","active",346885515.132151,344926.338607962
"state02","male","without_children","non_care","informal","none","active",157766186.060181,154297.136726231
"state40","male","without_children","non_care","informal","none","active",1049693722.36221,970278.818202156
"state15","male","without_children","non_care","informal","none","active",194844505.35965,192958.288337047
"state44","male","without_children","non_care","informal","none","active",183016074.500203,184018.235183403
"state28","male","without_children","non_care","informal","none","active",645636178.040599,626823.311792401
"state31","male","without_children","non_care","informal","none","active",441097797.209178,423689.190967219
"state35","male","without_children","non_care","informal","none","active",612811364.972943,624948.413559676
"state38","male","without_children","non_care","informal","none","active",260089145.988749,249564.104459193
"state56","male","without_children","non_care","informal","none","active",137531397.694345,128608.984118708
"state11","male","without_children","non_care","informal","none","active",410487683.306233,398811.710172399
"state33","male","without_children","non_care","informal","none","active",264624249.379372,254820.780609783
"national","male","without_children","non_care","informal","none","active",85202924974.8945,82513580.8521006
